,From Date,To Date,PM2.5 (ug/m3),NO (ug/m3),NO2 (ug/m3),NOx (ppb),SO2 (ug/m3),CO (mg/m3),Ozone (ug/m3),Benzene (ug/m3),Toluene (ug/m3),Eth-Benzene (ug/m3),MP-Xylene (ug/m3),O Xylene (ug/m3),Temp (degree C),RH (%),WS (m/s),WD (deg),SR (W/mt2),(W/mt2),Xylene (ug/m3)
0,21-Apr-2020 - 00:00,22-Apr-2020 - 00:00,9.49,21.36,11.55,0.79,15.94,16.48,6.63,0.27,8.58,9.46,9.82,0.09,0.19,,,,,,0.0
1,22-Apr-2020 - 00:00,23-Apr-2020 - 00:00,8.5,11.43,11.46,0.34,15.47,15.83,6.63,0.24,1.8,0.05,0.44,0.18,0.38,,,,,,0.0
2,23-Apr-2020 - 00:00,24-Apr-2020 - 00:00,10.27,14.32,11.56,0.26,15.5,16.57,6.96,0.26,1.8,0.06,0.48,0.2,0.39,,,,,,0.0
3,24-Apr-2020 - 00:00,25-Apr-2020 - 00:00,5.7,9.93,11.53,0.34,15.57,12.36,6.8,0.21,1.28,0.03,0.31,0.13,0.28,,,,,,0.0
4,25-Apr-2020 - 00:00,26-Apr-2020 - 00:00,2.83,5.57,11.52,0.2,15.01,17.23,7.47,0.19,0.71,6.29,6.57,0.12,0.26,,,,,,0.0
5,26-Apr-2020 - 00:00,27-Apr-2020 - 00:00,2.24,4.25,11.54,0.13,15.24,12.41,6.97,0.18,1.22,6.7,6.95,0.11,0.26,,,,,,0.0
6,27-Apr-2020 - 00:00,28-Apr-2020 - 00:00,5.44,10.14,11.62,0.27,15.58,18.0,7.19,0.25,0.39,8.72,9.14,0.17,0.35,,,,,,0.0
7,28-Apr-2020 - 00:00,29-Apr-2020 - 00:00,3.65,7.74,11.69,0.19,15.59,16.79,6.98,0.26,,6.49,7.0,0.18,0.35,,,,,,0.0
8,29-Apr-2020 - 00:00,30-Apr-2020 - 00:00,3.81,6.79,11.61,0.18,15.4,15.33,7.24,0.21,,7.55,7.91,0.1,0.2,,,,,,0.0
9,30-Apr-2020 - 00:00,01-May-2020 - 00:00,4.94,9.14,11.7,0.31,15.65,14.5,6.55,0.24,1.55,10.1,10.68,0.13,0.28,,,,,,0.0
10,01-May-2020 - 00:00,02-May-2020 - 00:00,7.82,13.04,11.69,0.37,15.71,18.37,6.48,0.3,1.61,0.06,0.75,0.26,0.53,,,,,,0.0
11,02-May-2020 - 00:00,03-May-2020 - 00:00,8.18,12.88,11.59,0.24,15.48,16.53,6.45,0.27,0.08,10.64,11.26,0.17,0.32,,,,,,0.0
12,03-May-2020 - 00:00,04-May-2020 - 00:00,5.48,9.93,11.54,0.08,15.15,14.56,6.43,0.19,,10.54,10.9,0.17,0.32,,,,,,0.0
13,04-May-2020 - 00:00,05-May-2020 - 00:00,6.74,12.21,11.56,0.23,15.43,15.72,6.96,0.23,0.46,18.24,18.67,0.15,0.32,,,,,,0.0
14,05-May-2020 - 00:00,06-May-2020 - 00:00,9.84,14.54,11.58,0.25,15.58,18.78,7.61,0.27,0.18,4.68,5.14,0.21,0.42,,,,,,0.0
15,06-May-2020 - 00:00,07-May-2020 - 00:00,6.24,8.5,13.16,0.68,16.55,15.07,7.36,0.24,3.71,1.73,2.22,0.19,0.38,,,,,,0.0
16,07-May-2020 - 00:00,08-May-2020 - 00:00,4.26,7.45,11.51,0.19,15.43,19.74,8.06,0.27,0.2,5.41,6.12,0.21,0.38,,,,,,0.0
17,08-May-2020 - 00:00,09-May-2020 - 00:00,13.78,17.65,11.52,0.51,15.76,22.46,8.52,0.32,3.24,13.3,13.85,0.23,0.42,,,,,,0.0
18,09-May-2020 - 00:00,10-May-2020 - 00:00,13.46,19.03,11.53,0.34,15.64,28.21,8.59,0.37,0.34,0.07,1.01,0.4,0.5,,,,,,0.0
19,10-May-2020 - 00:00,11-May-2020 - 00:00,16.34,20.51,11.47,0.09,15.21,32.74,8.62,0.31,0.06,0.06,0.8,0.38,0.6,,,,,,0.0
20,11-May-2020 - 00:00,12-May-2020 - 00:00,25.44,31.88,11.55,0.72,15.99,29.71,8.91,0.4,9.5,7.19,8.16,0.3,0.52,,,,,,0.0
21,12-May-2020 - 00:00,13-May-2020 - 00:00,28.34,33.93,11.51,0.45,15.73,29.97,8.9,0.42,0.26,0.12,1.02,0.37,0.7,,,,,,0.0
22,13-May-2020 - 00:00,14-May-2020 - 00:00,22.96,28.26,11.5,0.61,15.86,20.58,8.39,0.36,1.83,4.57,5.1,0.22,0.45,,,,,,0.0
23,14-May-2020 - 00:00,15-May-2020 - 00:00,21.1,25.13,11.46,0.64,15.86,24.1,9.1,0.33,8.81,4.47,4.89,0.13,0.29,,,,,,0.0
24,15-May-2020 - 00:00,16-May-2020 - 00:00,14.61,19.44,11.67,0.35,15.85,22.88,9.07,0.3,0.06,4.82,5.76,0.14,0.3,,,,,,0.0
25,16-May-2020 - 00:00,17-May-2020 - 00:00,8.45,12.77,11.58,0.3,15.65,22.67,9.19,0.27,,12.47,13.05,0.2,0.41,,,,,,0.0
26,17-May-2020 - 00:00,18-May-2020 - 00:00,12.61,18.2,11.49,0.12,15.26,25.98,9.88,0.23,0.04,,,,,,,,,,0.0
27,18-May-2020 - 00:00,19-May-2020 - 00:00,18.11,25.52,11.55,0.58,15.89,29.11,10.04,0.38,4.03,27.38,28.17,0.13,0.29,,,,,,0.0
28,19-May-2020 - 00:00,20-May-2020 - 00:00,18.04,23.88,11.58,0.5,15.89,24.32,9.8,0.35,1.23,6.4,7.04,0.2,0.28,,,,,,0.0
29,20-May-2020 - 00:00,21-May-2020 - 00:00,6.82,10.19,11.81,0.5,16.13,17.6,9.82,0.31,0.23,2.24,2.6,0.17,0.36,,,,,,0.0
30,21-May-2020 - 00:00,22-May-2020 - 00:00,9.2,15.16,11.41,0.35,15.53,13.08,10.11,0.21,2.84,0.02,0.21,0.07,0.21,,,,,,0.0
31,22-May-2020 - 00:00,23-May-2020 - 00:00,14.05,18.96,11.48,0.35,15.59,11.38,9.93,0.25,1.12,0.02,0.3,0.11,0.27,,,,,,0.0
32,23-May-2020 - 00:00,24-May-2020 - 00:00,16.69,22.32,11.48,0.28,15.52,16.26,10.91,0.25,0.37,38.23,38.38,0.02,0.04,,,,,,0.0
33,24-May-2020 - 00:00,25-May-2020 - 00:00,13.28,19.05,11.38,0.09,15.09,15.85,11.2,0.19,0.82,7.3,7.49,0.02,0.04,,,,,,0.0
34,25-May-2020 - 00:00,26-May-2020 - 00:00,9.53,14.71,11.49,0.3,15.5,14.21,11.16,0.19,1.44,10.25,10.36,0.05,0.13,,,,,,0.0
35,26-May-2020 - 00:00,27-May-2020 - 00:00,8.77,13.13,11.58,0.45,15.65,12.13,11.05,0.21,2.12,0.03,0.26,0.09,0.27,,,,,,0.0
36,27-May-2020 - 00:00,28-May-2020 - 00:00,1.46,4.1,15.69,0.62,20.75,16.75,11.12,0.21,4.89,1.76,1.94,0.05,0.21,,,,,,0.0
37,28-May-2020 - 00:00,29-May-2020 - 00:00,3.54,9.68,11.6,0.36,15.66,19.7,11.92,0.24,2.5,0.38,4.06,0.93,1.28,,,,,,0.0
38,29-May-2020 - 00:00,30-May-2020 - 00:00,3.53,7.78,11.59,0.5,15.72,12.55,11.22,0.24,2.75,3.12,3.61,0.17,0.59,,,,,,0.0
39,30-May-2020 - 00:00,31-May-2020 - 00:00,3.52,7.14,11.61,0.21,15.46,12.93,11.41,0.22,0.24,16.96,17.28,0.08,0.23,,,,,,0.0
40,31-May-2020 - 00:00,01-Jun-2020 - 00:00,3.77,7.72,11.54,0.08,15.13,12.87,11.57,0.18,0.1,,,,,,,,,,0.0
41,01-Jun-2020 - 00:00,02-Jun-2020 - 00:00,4.52,9.11,12.05,0.6,15.89,12.85,11.87,0.22,4.6,10.34,10.65,0.03,0.11,,,,,,0.0
42,02-Jun-2020 - 00:00,03-Jun-2020 - 00:00,3.87,8.45,11.74,0.22,15.69,13.34,12.13,0.24,,,,,,,,,,,0.0
43,03-Jun-2020 - 00:00,04-Jun-2020 - 00:00,2.41,6.35,11.67,0.31,15.66,14.4,12.25,0.24,2.76,48.54,48.67,,,,,,,,0.0
44,04-Jun-2020 - 00:00,05-Jun-2020 - 00:00,2.4,4.62,11.65,0.24,15.59,16.23,12.63,0.19,2.81,3.74,4.0,0.05,0.15,,,,,,0.0
45,05-Jun-2020 - 00:00,06-Jun-2020 - 00:00,2.76,7.17,16.11,0.78,20.84,25.28,13.17,0.25,3.3,18.66,19.01,0.03,0.1,,,,,,0.0
46,06-Jun-2020 - 00:00,07-Jun-2020 - 00:00,3.11,6.47,11.73,0.15,15.61,18.77,12.74,0.21,,,,,,,,,,,0.0
47,07-Jun-2020 - 00:00,08-Jun-2020 - 00:00,5.64,,11.58,0.09,15.24,19.22,12.18,0.19,,,,,,,,,,,0.0
48,08-Jun-2020 - 00:00,09-Jun-2020 - 00:00,14.58,21.57,11.8,0.8,16.34,22.6,13.04,0.42,0.87,10.13,10.84,0.14,0.4,,,,,,0.0
49,09-Jun-2020 - 00:00,10-Jun-2020 - 00:00,9.66,12.58,11.63,0.12,15.47,24.59,13.5,0.32,,2.77,3.25,0.21,0.5,,,,,,0.0
50,10-Jun-2020 - 00:00,11-Jun-2020 - 00:00,1.95,2.95,11.76,0.11,15.51,21.37,13.41,0.22,,,,,,,,,,,0.0
51,11-Jun-2020 - 00:00,12-Jun-2020 - 00:00,,6.11,11.78,0.33,15.76,20.41,13.55,0.21,2.25,1.48,1.78,0.07,0.19,,,,,,0.0
52,12-Jun-2020 - 00:00,13-Jun-2020 - 00:00,1.07,7.9,11.67,0.28,15.54,21.44,11.66,0.2,3.63,3.44,3.74,0.13,0.33,,,,,,0.0
53,13-Jun-2020 - 00:00,14-Jun-2020 - 00:00,1.4,5.9,11.65,0.07,15.29,21.98,8.16,0.17,4.36,,,,,,,,,,0.0
54,14-Jun-2020 - 00:00,15-Jun-2020 - 00:00,0.98,4.59,11.63,0.08,15.18,24.78,8.81,0.16,3.79,,,,,,,,,,0.0
55,15-Jun-2020 - 00:00,16-Jun-2020 - 00:00,1.4,4.98,11.66,0.07,15.29,24.31,8.56,0.17,4.2,,,,,,,,,,0.0
56,16-Jun-2020 - 00:00,17-Jun-2020 - 00:00,1.23,6.13,11.83,0.4,15.86,20.28,8.57,0.17,4.87,11.73,11.95,0.05,0.14,,,,,,0.0
57,17-Jun-2020 - 00:00,18-Jun-2020 - 00:00,1.88,1.95,13.0,0.35,15.57,19.41,5.36,0.16,4.7,22.29,22.36,0.04,0.13,,,,,,0.0
58,18-Jun-2020 - 00:00,19-Jun-2020 - 00:00,1.4,9.3,11.71,0.23,15.62,25.15,1.89,0.15,2.18,24.7,24.7,,0.01,,,,,,0.0
59,19-Jun-2020 - 00:00,20-Jun-2020 - 00:00,5.86,18.58,11.73,0.27,15.73,35.92,2.76,0.2,1.89,6.57,6.85,0.06,0.15,,,,,,0.0
60,20-Jun-2020 - 00:00,21-Jun-2020 - 00:00,2.3,12.36,11.74,0.08,15.46,34.26,2.39,0.21,,0.04,0.24,0.05,0.11,,,,,,0.0
61,21-Jun-2020 - 00:00,22-Jun-2020 - 00:00,2.5,9.31,11.55,0.06,15.16,29.87,2.31,0.15,0.52,,,,,,,,,,0.0
62,22-Jun-2020 - 00:00,23-Jun-2020 - 00:00,3.06,13.64,11.74,0.32,15.78,29.89,1.88,0.16,1.87,11.39,11.5,0.03,0.09,,,,,,0.0
63,23-Jun-2020 - 00:00,24-Jun-2020 - 00:00,3.39,14.58,11.62,0.39,15.69,25.3,0.94,0.06,2.58,12.27,12.34,0.03,0.09,,,,,,
64,24-Jun-2020 - 00:00,25-Jun-2020 - 00:00,8.76,31.94,11.55,0.14,15.38,25.7,1.1,0.07,1.87,9.11,9.2,0.04,0.1,,,,,,
65,25-Jun-2020 - 00:00,26-Jun-2020 - 00:00,7.62,28.3,11.59,0.16,15.53,23.2,1.01,0.05,1.72,,,,,,,,,,
66,26-Jun-2020 - 00:00,27-Jun-2020 - 00:00,1.63,6.82,11.8,0.17,15.69,22.75,1.27,0.04,1.07,,,,,,,,,,
67,27-Jun-2020 - 00:00,28-Jun-2020 - 00:00,0.17,3.26,11.69,0.08,15.41,22.19,1.07,0.02,1.29,,,,,,,,,,
68,28-Jun-2020 - 00:00,29-Jun-2020 - 00:00,0.26,1.5,11.56,0.05,15.13,25.75,1.42,0.02,1.4,,,,,,,,,,
69,29-Jun-2020 - 00:00,30-Jun-2020 - 00:00,0.33,9.99,12.04,0.14,15.97,28.5,2.01,0.12,0.97,,,,,,,,,,
70,30-Jun-2020 - 00:00,01-Jul-2020 - 00:00,2.76,9.5,11.91,0.1,15.75,28.53,2.25,0.1,1.24,,,,,,,,,,
71,01-Jul-2020 - 00:00,02-Jul-2020 - 00:00,0.43,11.64,12.1,0.35,16.23,23.12,2.3,0.11,1.12,0.0,0.0,,,,,,,,
72,02-Jul-2020 - 00:00,03-Jul-2020 - 00:00,1.62,9.37,12.56,0.32,16.77,26.96,2.58,0.11,0.67,9.47,9.37,0.02,0.05,,,,,,
73,03-Jul-2020 - 00:00,04-Jul-2020 - 00:00,3.13,11.46,12.63,0.11,16.6,24.36,2.35,0.17,0.42,97.21,97.17,,,,,,,,
74,04-Jul-2020 - 00:00,05-Jul-2020 - 00:00,1.94,5.51,12.05,0.1,15.87,25.06,2.53,0.11,0.64,2.01,2.09,0.04,0.09,,,,,,
75,05-Jul-2020 - 00:00,06-Jul-2020 - 00:00,,1.46,11.65,0.06,15.21,24.76,2.67,0.03,1.06,12.15,12.24,,0.02,,,,,,
76,06-Jul-2020 - 00:00,07-Jul-2020 - 00:00,,8.12,11.83,0.12,15.68,25.74,3.11,0.07,1.26,48.57,48.57,,,,,,,,
77,07-Jul-2020 - 00:00,08-Jul-2020 - 00:00,0.99,11.79,12.26,0.22,16.3,24.71,3.49,0.12,0.96,17.51,17.7,0.02,0.06,,,,,,
78,08-Jul-2020 - 00:00,09-Jul-2020 - 00:00,0.97,8.28,11.84,0.3,15.86,22.82,3.5,0.1,1.81,13.65,13.65,,,,,,,,
79,09-Jul-2020 - 00:00,10-Jul-2020 - 00:00,1.94,10.09,11.76,0.18,15.66,29.59,3.61,0.05,1.97,0.0,0.0,,,,,,,,
80,10-Jul-2020 - 00:00,11-Jul-2020 - 00:00,1.88,4.64,11.79,0.13,15.65,30.91,3.57,0.02,2.06,0.0,0.0,,,,,,,,
81,11-Jul-2020 - 00:00,12-Jul-2020 - 00:00,0.95,4.03,11.76,0.11,15.58,30.75,3.29,0.02,1.93,0.0,0.0,,,,,,,,
82,12-Jul-2020 - 00:00,13-Jul-2020 - 00:00,,3.48,11.68,0.07,15.35,34.3,3.49,0.01,1.57,0.0,0.0,,,,,,,,
83,13-Jul-2020 - 00:00,14-Jul-2020 - 00:00,0.97,8.12,12.2,0.15,16.15,33.15,4.01,0.1,1.17,0.0,0.0,,,,,,,,
84,14-Jul-2020 - 00:00,15-Jul-2020 - 00:00,,12.72,12.74,0.22,16.94,34.15,4.34,0.17,0.77,0.0,0.0,,,,,,,,
85,15-Jul-2020 - 00:00,16-Jul-2020 - 00:00,,11.58,12.56,0.31,16.81,32.67,4.88,0.13,0.92,0.0,0.0,,,,,,,,
86,16-Jul-2020 - 00:00,17-Jul-2020 - 00:00,2.0,13.72,20.83,0.65,27.26,30.37,4.74,0.1,1.38,0.0,0.0,,,,,,,,
87,17-Jul-2020 - 00:00,18-Jul-2020 - 00:00,0.97,11.3,12.73,0.36,17.2,37.61,5.19,0.08,43.66,0.0,0.0,,,,,,,,
88,18-Jul-2020 - 00:00,19-Jul-2020 - 00:00,1.61,8.95,11.94,0.12,15.76,25.49,4.32,0.0,,0.0,0.0,,,,,,,,
89,19-Jul-2020 - 00:00,20-Jul-2020 - 00:00,0.94,1.98,11.69,0.07,15.25,25.09,4.46,0.0,,0.0,0.0,,,,,,,,
90,20-Jul-2020 - 00:00,21-Jul-2020 - 00:00,,5.97,12.13,0.22,15.99,29.19,4.57,0.08,4.33,0.0,0.0,,,,,,,,
91,21-Jul-2020 - 00:00,22-Jul-2020 - 00:00,0.96,2.62,12.14,0.14,15.98,26.02,4.67,0.17,4.09,0.0,0.0,,,,,,,,
92,22-Jul-2020 - 00:00,23-Jul-2020 - 00:00,1.28,7.21,11.96,0.18,15.84,27.33,4.98,0.18,4.68,0.0,0.0,,,,,,,,
93,23-Jul-2020 - 00:00,24-Jul-2020 - 00:00,1.44,11.43,12.24,0.55,16.54,32.85,5.28,0.23,4.53,0.0,0.0,,,,,,,,
94,24-Jul-2020 - 00:00,25-Jul-2020 - 00:00,,13.5,12.35,0.21,16.37,37.36,5.84,0.21,4.0,0.0,0.0,,,,,,,,
95,25-Jul-2020 - 00:00,26-Jul-2020 - 00:00,0.76,14.98,12.71,0.17,16.84,33.45,5.92,0.26,3.74,0.0,0.0,,,,,,,,
96,26-Jul-2020 - 00:00,27-Jul-2020 - 00:00,2.1,8.05,11.86,0.07,15.49,31.8,5.94,0.21,4.04,0.0,0.0,,,,,,,,
97,27-Jul-2020 - 00:00,28-Jul-2020 - 00:00,4.46,17.53,12.18,0.62,16.57,40.53,6.33,0.25,4.84,0.0,0.0,,,,,,,,
98,28-Jul-2020 - 00:00,29-Jul-2020 - 00:00,5.34,14.4,12.0,1.34,17.05,29.27,6.33,0.34,4.9,0.0,0.0,,,76.43,1.28,175.11,24.61,,
99,29-Jul-2020 - 00:00,30-Jul-2020 - 00:00,0.71,10.84,12.78,0.18,16.96,37.35,6.41,0.21,3.86,0.0,0.0,,,93.53,1.49,185.8,87.35,,
100,30-Jul-2020 - 00:00,31-Jul-2020 - 00:00,,9.88,12.85,0.18,16.97,34.34,6.75,0.22,3.65,0.0,0.0,,,92.41,1.12,185.83,108.09,,
101,31-Jul-2020 - 00:00,01-Aug-2020 - 00:00,3.23,14.07,12.74,0.32,17.01,35.35,7.2,0.29,3.92,0.0,0.0,,,92.23,0.79,183.66,102.64,,
102,01-Aug-2020 - 00:00,02-Aug-2020 - 00:00,1.32,11.47,12.6,0.2,16.69,34.93,7.58,0.31,3.74,0.0,0.0,,,93.14,0.78,183.76,96.74,,
103,02-Aug-2020 - 00:00,03-Aug-2020 - 00:00,4.03,10.52,11.89,0.16,15.59,32.56,8.39,0.21,4.29,0.0,0.0,,,91.01,0.89,177.77,0.39,,
104,03-Aug-2020 - 00:00,04-Aug-2020 - 00:00,6.24,20.11,12.63,0.27,16.84,34.77,8.84,0.38,4.0,0.0,0.0,,,87.36,0.79,179.7,0.19,,
105,04-Aug-2020 - 00:00,05-Aug-2020 - 00:00,3.46,17.59,12.39,0.44,16.65,25.83,8.32,0.32,4.68,0.0,0.0,,,89.31,3.05,73.4,97.48,,
106,05-Aug-2020 - 00:00,06-Aug-2020 - 00:00,,12.28,12.08,0.38,16.22,26.26,8.7,0.24,5.16,0.0,0.0,,,80.8,3.04,84.2,,,
107,06-Aug-2020 - 00:00,07-Aug-2020 - 00:00,,12.0,12.4,0.31,16.51,27.03,8.91,0.26,4.29,0.0,0.0,,,88.39,1.56,126.19,,,
108,07-Aug-2020 - 00:00,08-Aug-2020 - 00:00,,10.19,12.73,1.57,17.96,124.3,8.59,0.22,4.55,0.0,0.0,,,90.64,1.32,184.94,,,
109,08-Aug-2020 - 00:00,09-Aug-2020 - 00:00,,9.71,12.33,0.4,16.64,242.35,7.57,0.21,3.87,0.0,0.0,,,91.75,1.46,184.49,,,
110,09-Aug-2020 - 00:00,10-Aug-2020 - 00:00,,5.14,12.1,0.19,16.03,133.11,7.91,0.14,3.88,0.0,0.0,,,82.88,1.19,176.51,,,
111,10-Aug-2020 - 00:00,11-Aug-2020 - 00:00,0.72,9.25,12.42,1.58,17.62,187.22,9.08,0.24,5.43,0.0,0.0,,,86.61,1.47,191.55,,,
112,11-Aug-2020 - 00:00,12-Aug-2020 - 00:00,,3.67,12.16,0.39,16.36,108.12,8.65,0.24,4.78,0.0,0.0,,,93.97,1.9,159.78,,,
113,12-Aug-2020 - 00:00,13-Aug-2020 - 00:00,,9.55,12.23,0.27,16.31,81.09,8.71,0.22,4.65,0.0,0.0,,,90.29,1.76,147.47,,,
114,13-Aug-2020 - 00:00,14-Aug-2020 - 00:00,3.13,14.04,12.52,0.41,16.73,63.11,9.33,0.3,4.03,0.0,0.0,,,85.69,1.1,167.88,,,
115,14-Aug-2020 - 00:00,15-Aug-2020 - 00:00,,8.3,12.48,0.25,16.57,54.64,9.32,0.26,4.47,0.0,0.0,,,86.61,1.38,141.56,,,
116,15-Aug-2020 - 00:00,16-Aug-2020 - 00:00,,,,,,,,,,,,,,,,,,,
117,16-Aug-2020 - 00:00,17-Aug-2020 - 00:00,,,,,,,,,,,,,,,,,,,
118,17-Aug-2020 - 00:00,18-Aug-2020 - 00:00,,,,,,,,,,,,,,,,,,,
119,18-Aug-2020 - 00:00,19-Aug-2020 - 00:00,,,,,,,,,,,,,,,,,,,
120,19-Aug-2020 - 00:00,20-Aug-2020 - 00:00,,,,,,,,,,,,,,,,,,,
121,20-Aug-2020 - 00:00,21-Aug-2020 - 00:00,,,,,,,,,,,,,,,,,,,
122,21-Aug-2020 - 00:00,22-Aug-2020 - 00:00,1.59,8.91,12.07,0.32,15.99,36.05,10.66,0.16,5.03,0.0,0.0,,,,,,,,
123,22-Aug-2020 - 00:00,23-Aug-2020 - 00:00,1.7,6.29,12.11,0.13,15.82,44.38,10.73,0.15,4.39,0.0,0.0,,,,,,,,
124,23-Aug-2020 - 00:00,24-Aug-2020 - 00:00,,5.8,12.14,0.12,15.89,50.78,11.39,0.15,4.22,0.0,0.0,,,,,,,,
125,24-Aug-2020 - 00:00,25-Aug-2020 - 00:00,,10.72,12.74,0.34,16.95,39.2,11.43,0.28,4.25,0.0,0.0,,,,,,,,
126,25-Aug-2020 - 00:00,26-Aug-2020 - 00:00,,8.09,12.63,0.24,16.76,44.49,12.15,0.22,4.67,0.0,0.0,,,,,,,,
127,26-Aug-2020 - 00:00,27-Aug-2020 - 00:00,1.0,11.39,12.52,0.16,16.51,43.62,11.85,0.22,4.39,0.0,0.0,,,,,,,,
128,27-Aug-2020 - 00:00,28-Aug-2020 - 00:00,2.21,14.59,12.18,0.15,15.99,46.89,11.9,0.17,4.51,0.0,0.0,,,,,,,,
129,28-Aug-2020 - 00:00,29-Aug-2020 - 00:00,4.75,20.5,12.18,0.14,16.04,42.35,11.97,0.19,4.63,0.0,0.0,,,,,,,,
130,29-Aug-2020 - 00:00,30-Aug-2020 - 00:00,5.88,19.09,11.97,0.1,15.63,43.97,12.17,0.13,4.74,0.0,0.0,,,,,,,,
131,30-Aug-2020 - 00:00,31-Aug-2020 - 00:00,,,,,,,,,,,,,,,,,,,
132,31-Aug-2020 - 00:00,01-Sep-2020 - 00:00,8.91,22.55,12.31,0.64,16.76,36.28,12.79,0.39,5.2,0.0,0.0,,,,,,,,
133,01-Sep-2020 - 00:00,02-Sep-2020 - 00:00,3.48,15.55,12.86,0.35,16.98,42.66,12.93,0.33,4.37,0.0,0.0,,,,,,,,
134,02-Sep-2020 - 00:00,03-Sep-2020 - 00:00,1.97,14.77,12.42,0.23,16.49,40.52,13.3,0.27,4.16,0.0,0.0,,,,,,,,
135,03-Sep-2020 - 00:00,04-Sep-2020 - 00:00,4.23,15.7,12.56,0.24,16.73,40.14,13.82,0.32,4.08,0.0,0.0,,,,,,,,
136,04-Sep-2020 - 00:00,05-Sep-2020 - 00:00,5.93,21.2,12.61,0.25,16.75,33.7,13.9,0.39,3.93,0.0,0.0,,,,,,,,
137,05-Sep-2020 - 00:00,06-Sep-2020 - 00:00,6.14,15.9,12.41,0.12,16.21,32.68,13.4,0.39,3.9,0.0,0.0,,,,,,,,
138,06-Sep-2020 - 00:00,07-Sep-2020 - 00:00,,,,,,,,,,,,,,,,,,,
139,07-Sep-2020 - 00:00,08-Sep-2020 - 00:00,1.28,12.57,12.66,0.68,17.15,26.06,14.59,0.27,4.5,0.0,0.0,,,,,,,,
140,08-Sep-2020 - 00:00,09-Sep-2020 - 00:00,3.59,13.8,12.46,0.39,16.65,30.33,14.65,0.28,4.58,0.0,0.0,,,,,,,,
141,09-Sep-2020 - 00:00,10-Sep-2020 - 00:00,6.04,15.89,12.47,0.23,16.59,33.95,14.71,0.32,4.33,0.0,0.0,,,,,,,,
142,10-Sep-2020 - 00:00,11-Sep-2020 - 00:00,2.5,5.25,12.07,0.23,16.05,33.84,14.66,0.24,4.62,0.0,0.0,,,,,,,,
143,11-Sep-2020 - 00:00,12-Sep-2020 - 00:00,1.0,3.39,12.13,0.13,15.84,35.54,14.97,0.15,4.31,0.0,0.0,,,,,,,,
144,12-Sep-2020 - 00:00,13-Sep-2020 - 00:00,,3.51,12.22,0.12,15.89,32.68,15.16,0.15,4.07,0.0,0.0,,,,,,,,
145,13-Sep-2020 - 00:00,14-Sep-2020 - 00:00,,2.14,12.33,0.11,16.04,34.06,15.39,0.14,3.96,0.0,0.0,,,,,,,,
146,14-Sep-2020 - 00:00,15-Sep-2020 - 00:00,,3.17,12.04,0.13,15.68,34.03,15.66,0.14,4.23,0.0,0.0,,,,,,,,
147,15-Sep-2020 - 00:00,16-Sep-2020 - 00:00,,3.28,11.99,0.14,15.69,32.64,15.87,0.14,4.45,0.0,0.0,,,,,,,,
148,16-Sep-2020 - 00:00,17-Sep-2020 - 00:00,,2.86,12.05,0.15,15.81,33.6,16.19,0.16,4.44,0.0,0.0,,,,,,,,
149,17-Sep-2020 - 00:00,18-Sep-2020 - 00:00,4.0,3.91,12.12,0.14,15.84,32.4,16.44,0.16,4.18,0.0,0.0,,,,,,,,
150,18-Sep-2020 - 00:00,19-Sep-2020 - 00:00,5.69,9.92,12.5,0.14,16.37,35.24,16.87,0.22,4.2,0.0,0.0,,,,,,,,
151,19-Sep-2020 - 00:00,20-Sep-2020 - 00:00,,9.54,12.09,0.13,15.9,31.19,17.74,0.21,4.65,0.0,0.0,,,,,,,,
152,20-Sep-2020 - 00:00,21-Sep-2020 - 00:00,1.4,4.93,11.78,0.1,15.51,23.04,17.56,0.18,5.4,0.0,0.0,,,,,,,,
153,21-Sep-2020 - 00:00,22-Sep-2020 - 00:00,2.29,12.22,12.76,0.22,16.94,24.75,17.34,0.29,4.54,0.0,0.0,,,,,,,,
154,22-Sep-2020 - 00:00,23-Sep-2020 - 00:00,,3.61,12.16,0.19,16.1,32.83,17.53,0.19,5.1,0.0,0.0,,,,,,,,
155,23-Sep-2020 - 00:00,24-Sep-2020 - 00:00,,4.41,12.12,0.19,16.0,33.93,17.43,0.15,4.96,0.0,0.0,,,,,,,,
156,24-Sep-2020 - 00:00,25-Sep-2020 - 00:00,,8.56,12.29,0.16,16.24,37.47,17.83,0.16,4.89,0.0,0.0,,,,,,,,
157,25-Sep-2020 - 00:00,26-Sep-2020 - 00:00,0.72,5.54,12.34,0.42,16.67,24.63,17.72,0.18,5.46,10.51,10.3,0.05,0.02,93.23,2.1,182.99,7.02,,
158,26-Sep-2020 - 00:00,27-Sep-2020 - 00:00,,12.68,12.14,0.14,16.05,31.43,18.16,0.16,5.12,0.11,0.15,0.05,,94.67,1.96,160.76,84.61,,
159,27-Sep-2020 - 00:00,28-Sep-2020 - 00:00,1.07,6.15,12.01,0.08,15.68,29.87,18.15,0.14,4.58,5.91,5.92,0.02,,87.41,1.61,153.64,139.24,,
160,28-Sep-2020 - 00:00,29-Sep-2020 - 00:00,1.08,12.86,13.01,0.2,17.27,29.86,18.56,0.29,4.2,0.0,0.0,,,89.67,0.98,174.18,113.76,,
161,29-Sep-2020 - 00:00,30-Sep-2020 - 00:00,2.96,14.61,13.2,0.19,17.56,30.65,19.05,0.32,4.09,0.0,0.0,,,91.29,1.2,127.22,100.47,,
162,30-Sep-2020 - 00:00,01-Oct-2020 - 00:00,,9.78,12.7,0.25,16.87,31.62,19.43,0.27,4.31,0.0,0.0,,,89.95,1.53,134.7,101.67,,
163,01-Oct-2020 - 00:00,02-Oct-2020 - 00:00,1.03,12.61,12.83,0.42,17.21,30.72,19.49,0.29,4.44,0.0,0.0,,,89.5,1.37,129.34,133.28,,
164,02-Oct-2020 - 00:00,03-Oct-2020 - 00:00,,9.26,12.52,0.19,16.53,30.93,19.53,0.26,4.22,0.0,0.0,,,91.03,0.96,178.41,80.55,,
165,03-Oct-2020 - 00:00,04-Oct-2020 - 00:00,,2.07,12.33,0.1,16.03,30.75,19.0,0.23,4.22,0.0,0.0,,,99.07,0.99,123.01,0.5,,
166,04-Oct-2020 - 00:00,05-Oct-2020 - 00:00,,,,,,,,,,,,,,,,,,,
167,05-Oct-2020 - 00:00,06-Oct-2020 - 00:00,,,,,,,,,,,,,,,,,,,
168,06-Oct-2020 - 00:00,07-Oct-2020 - 00:00,,,,,,,,,,,,,,,,,,,
169,07-Oct-2020 - 00:00,08-Oct-2020 - 00:00,,,,,,,,,,,,,,,,,,,
170,08-Oct-2020 - 00:00,09-Oct-2020 - 00:00,,,,,,,,,,,,,,,,,,,
171,09-Oct-2020 - 00:00,10-Oct-2020 - 00:00,,,,,,,,,,,,,,,,,,,
172,10-Oct-2020 - 00:00,11-Oct-2020 - 00:00,,,,,,,,,,,,,,,,,,,
173,11-Oct-2020 - 00:00,12-Oct-2020 - 00:00,,,,,,,,,,,,,,,,,,,
174,12-Oct-2020 - 00:00,13-Oct-2020 - 00:00,,,,,,,,,,,,,,,,,,,
175,13-Oct-2020 - 00:00,14-Oct-2020 - 00:00,,,,,,,,,,,,,,,,,,,
176,14-Oct-2020 - 00:00,15-Oct-2020 - 00:00,,,,,,,,,,,,,,,,,,,
177,15-Oct-2020 - 00:00,16-Oct-2020 - 00:00,,,,,,,,,,,,,,,,,,,
178,16-Oct-2020 - 00:00,17-Oct-2020 - 00:00,,,,,,,,,,,,,,,,,,,
179,17-Oct-2020 - 00:00,18-Oct-2020 - 00:00,,,,,,,,,,,,,,,,,,,
180,18-Oct-2020 - 00:00,19-Oct-2020 - 00:00,,,,,,,,,,,,,,,,,,,
181,19-Oct-2020 - 00:00,20-Oct-2020 - 00:00,,,,,,,,,,,,,,,,,,,
182,20-Oct-2020 - 00:00,21-Oct-2020 - 00:00,,,,,,,,,,,,,,,,,,,
183,21-Oct-2020 - 00:00,22-Oct-2020 - 00:00,,,,,,,,,,,,,,,,,,,
184,22-Oct-2020 - 00:00,23-Oct-2020 - 00:00,,,,,,,,,,,,,,,,,,,
185,23-Oct-2020 - 00:00,24-Oct-2020 - 00:00,,,,,,,,,,,,,,,,,,,
186,24-Oct-2020 - 00:00,25-Oct-2020 - 00:00,,,,,,,,,,,,,,,,,,,
187,25-Oct-2020 - 00:00,26-Oct-2020 - 00:00,,,,,,,,,,,,,,,,,,,
188,26-Oct-2020 - 00:00,27-Oct-2020 - 00:00,,,,,,,,,,,,,,,,,,,
189,27-Oct-2020 - 00:00,28-Oct-2020 - 00:00,,,,,,,,,,,,,,,,,,,
190,28-Oct-2020 - 00:00,29-Oct-2020 - 00:00,,,,,,,,,,,,,,,,,,,
191,29-Oct-2020 - 00:00,30-Oct-2020 - 00:00,,,,,,,,,,,,,,,,,,,
192,30-Oct-2020 - 00:00,31-Oct-2020 - 00:00,,,,,,,,,,,,,,,,,,,
193,31-Oct-2020 - 00:00,01-Nov-2020 - 00:00,,,,,,,,,,,,,,,,,,,
194,01-Nov-2020 - 00:00,02-Nov-2020 - 00:00,,,,,,,,,,,,,,,,,,,
195,02-Nov-2020 - 00:00,03-Nov-2020 - 00:00,,,,,,,,,,,,,,,,,,,
196,03-Nov-2020 - 00:00,04-Nov-2020 - 00:00,,,,,,,,,,,,,,,,,,,
197,04-Nov-2020 - 00:00,05-Nov-2020 - 00:00,,,,,,,,,,,,,,,,,,,
198,05-Nov-2020 - 00:00,06-Nov-2020 - 00:00,,,,,,,,,,,,,,,,,,,
199,06-Nov-2020 - 00:00,07-Nov-2020 - 00:00,,,,,,,,,,,,,,,,,,,
200,07-Nov-2020 - 00:00,08-Nov-2020 - 00:00,,,,,,,,,,,,,,,,,,,
201,08-Nov-2020 - 00:00,09-Nov-2020 - 00:00,,,,,,,,,,,,,,,,,,,
202,09-Nov-2020 - 00:00,10-Nov-2020 - 00:00,4.97,18.38,12.6,0.26,16.89,,24.13,0.36,4.37,0.0,,,,,,,,,
203,10-Nov-2020 - 00:00,11-Nov-2020 - 00:00,2.44,14.18,12.15,0.41,16.38,,13.0,0.26,5.42,0.0,,,,,,,,,
204,11-Nov-2020 - 00:00,12-Nov-2020 - 00:00,5.35,17.51,12.2,0.54,16.5,,1.83,0.28,5.21,0.0,0.0,,,,,,,,
205,12-Nov-2020 - 00:00,13-Nov-2020 - 00:00,6.22,19.5,12.18,0.33,16.34,,2.26,0.32,2.57,0.0,,,,,,,,,
206,13-Nov-2020 - 00:00,14-Nov-2020 - 00:00,4.36,17.5,12.09,0.42,16.35,,2.23,0.29,0.88,0.0,0.0,,,,,,,,
207,14-Nov-2020 - 00:00,15-Nov-2020 - 00:00,2.48,6.83,11.93,0.16,15.54,,1.38,0.26,0.44,0.0,,,,,,,,,
208,15-Nov-2020 - 00:00,16-Nov-2020 - 00:00,,,,,,,,,,,,,,,,,,,
209,16-Nov-2020 - 00:00,17-Nov-2020 - 00:00,2.15,12.21,12.28,0.77,16.96,,3.93,0.24,2.4,0.0,,,,,,,,,
210,17-Nov-2020 - 00:00,18-Nov-2020 - 00:00,26.06,49.91,11.8,0.71,16.25,,2.66,0.34,2.89,0.0,,,,,,,,,
211,18-Nov-2020 - 00:00,19-Nov-2020 - 00:00,22.67,46.37,11.87,0.58,16.26,,3.34,0.33,1.89,0.0,,,,,,,,,
212,19-Nov-2020 - 00:00,20-Nov-2020 - 00:00,29.1,59.39,11.86,0.52,16.15,,4.07,0.37,1.48,0.0,,,,,,,,,
213,20-Nov-2020 - 00:00,21-Nov-2020 - 00:00,36.9,64.16,11.87,0.61,16.21,,3.84,0.38,1.85,0.0,,,,,,,,,
214,21-Nov-2020 - 00:00,22-Nov-2020 - 00:00,27.26,46.58,11.85,0.54,16.15,,4.06,0.31,1.81,0.0,,,,,,,,,
215,22-Nov-2020 - 00:00,23-Nov-2020 - 00:00,32.73,47.76,11.76,0.15,15.62,,3.68,0.26,1.61,0.0,,,,,,,,,
216,23-Nov-2020 - 00:00,24-Nov-2020 - 00:00,22.8,40.59,12.1,0.51,16.5,,4.3,0.31,1.29,0.0,,,,,,,,,
217,24-Nov-2020 - 00:00,25-Nov-2020 - 00:00,5.94,13.16,12.0,0.63,16.43,18.28,4.46,0.22,2.1,0.0,,,,,,,,,
218,25-Nov-2020 - 00:00,26-Nov-2020 - 00:00,3.45,13.96,11.95,0.57,16.28,22.94,4.8,0.19,2.88,0.0,,,,,,,,,
219,26-Nov-2020 - 00:00,27-Nov-2020 - 00:00,2.08,12.73,12.16,0.27,16.29,20.14,4.81,0.22,1.43,0.0,,,,,,,,,
220,27-Nov-2020 - 00:00,28-Nov-2020 - 00:00,4.08,15.91,12.1,0.66,16.14,20.28,3.36,0.23,2.47,0.0,0.0,,,,,,,,
221,28-Nov-2020 - 00:00,29-Nov-2020 - 00:00,4.17,18.13,12.09,0.31,16.29,17.21,1.57,0.27,0.03,0.0,,,,,,,,,
222,29-Nov-2020 - 00:00,30-Nov-2020 - 00:00,2.1,10.53,11.88,0.1,15.69,21.26,2.05,0.21,0.03,0.0,,,,,,,,,
223,30-Nov-2020 - 00:00,01-Dec-2020 - 00:00,3.15,17.17,12.23,0.23,16.33,23.86,1.84,0.23,0.92,0.0,,,,,,,,,
224,01-Dec-2020 - 00:00,02-Dec-2020 - 00:00,2.54,14.29,12.29,0.59,16.78,18.4,2.02,0.26,1.12,0.0,0.0,,,,,,,,
225,02-Dec-2020 - 00:00,03-Dec-2020 - 00:00,2.35,11.48,12.17,0.34,16.41,18.67,1.96,0.24,0.69,0.0,,,,,,,,,
226,03-Dec-2020 - 00:00,04-Dec-2020 - 00:00,2.82,13.36,12.26,0.45,16.61,18.87,2.33,0.26,0.6,0.0,,,,,,,,,
227,04-Dec-2020 - 00:00,05-Dec-2020 - 00:00,6.43,20.58,11.85,0.51,16.13,17.3,2.29,0.25,2.11,0.0,,,,,,,,,
228,05-Dec-2020 - 00:00,06-Dec-2020 - 00:00,27.31,46.53,11.84,0.44,16.17,18.98,2.12,0.2,1.7,0.0,,,,,,,,,
229,06-Dec-2020 - 00:00,07-Dec-2020 - 00:00,63.51,86.13,11.81,0.34,15.97,21.74,2.14,0.0,1.8,0.0,,,,,,,,,
230,07-Dec-2020 - 00:00,08-Dec-2020 - 00:00,78.99,111.26,11.83,1.72,15.97,20.42,4.68,0.3,4.23,0.0,0.0,,,,,,,,
231,08-Dec-2020 - 00:00,09-Dec-2020 - 00:00,73.79,103.43,11.81,0.98,16.22,21.4,6.39,0.44,3.68,0.0,0.0,,,,,,,,
232,09-Dec-2020 - 00:00,10-Dec-2020 - 00:00,62.71,97.54,11.77,1.27,16.83,20.46,6.55,0.43,5.78,0.0,0.0,,,,,,,,
233,10-Dec-2020 - 00:00,11-Dec-2020 - 00:00,40.18,65.36,11.89,0.81,16.2,21.2,7.17,0.38,2.12,0.0,0.0,,,,,,,,
234,11-Dec-2020 - 00:00,12-Dec-2020 - 00:00,18.92,33.76,12.02,1.37,17.21,19.58,7.57,0.31,3.08,0.0,,,,,,,,,
235,12-Dec-2020 - 00:00,13-Dec-2020 - 00:00,7.73,24.53,11.98,0.4,12.68,17.54,7.67,0.21,1.05,0.0,0.0,,,,,,,,
236,13-Dec-2020 - 00:00,14-Dec-2020 - 00:00,8.63,17.27,11.76,0.12,11.19,16.32,7.95,0.15,1.09,0.0,0.0,,,,,,,,
237,14-Dec-2020 - 00:00,15-Dec-2020 - 00:00,16.95,36.61,11.96,0.95,8.28,16.74,7.43,0.15,2.5,0.06,0.0,0.01,0.03,,,,,,
238,15-Dec-2020 - 00:00,16-Dec-2020 - 00:00,16.09,32.66,11.8,0.95,10.06,14.91,8.89,0.19,3.5,0.1,0.0,0.04,0.06,39.93,0.63,132.14,,,
239,16-Dec-2020 - 00:00,17-Dec-2020 - 00:00,15.02,35.77,11.96,1.27,15.58,16.03,8.65,0.34,1.19,0.1,0.0,0.08,0.16,39.46,0.63,140.94,,,
240,17-Dec-2020 - 00:00,18-Dec-2020 - 00:00,23.44,44.51,11.81,1.05,16.63,14.87,8.65,0.38,1.59,0.07,,0.13,0.08,39.64,0.54,156.25,,,
241,18-Dec-2020 - 00:00,19-Dec-2020 - 00:00,50.46,81.79,11.82,1.75,17.33,15.21,7.59,0.45,2.5,0.07,,0.1,0.15,57.43,0.77,152.94,,,
242,19-Dec-2020 - 00:00,20-Dec-2020 - 00:00,28.55,48.37,11.85,0.64,16.36,16.21,9.22,0.36,1.37,0.03,,0.12,0.05,49.74,1.03,99.51,,,
243,20-Dec-2020 - 00:00,21-Dec-2020 - 00:00,10.19,20.13,11.77,0.16,15.67,15.83,9.57,0.22,1.47,0.02,,0.07,0.02,36.87,1.05,87.72,,,
244,21-Dec-2020 - 00:00,22-Dec-2020 - 00:00,4.41,17.54,11.82,0.43,16.03,14.99,9.35,0.23,1.59,0.01,,0.09,0.05,40.9,1.34,84.32,,,
245,22-Dec-2020 - 00:00,23-Dec-2020 - 00:00,4.9,18.0,11.87,0.66,16.28,13.87,9.38,0.25,1.8,0.01,,0.09,0.04,46.49,1.2,97.46,,,
246,23-Dec-2020 - 00:00,24-Dec-2020 - 00:00,10.46,24.88,11.9,0.58,16.34,17.61,10.36,0.32,1.07,0.01,,0.13,0.02,60.81,0.98,122.14,,,
247,24-Dec-2020 - 00:00,25-Dec-2020 - 00:00,14.5,27.91,11.84,0.38,16.07,16.69,9.7,0.33,0.76,0.01,,0.06,0.04,56.97,0.77,107.9,,,
248,25-Dec-2020 - 00:00,26-Dec-2020 - 00:00,14.27,23.89,11.69,0.24,15.73,18.19,10.46,0.31,0.85,0.0,,,,47.42,0.67,107.13,,,
249,26-Dec-2020 - 00:00,27-Dec-2020 - 00:00,8.69,20.07,11.75,0.22,15.75,17.31,9.74,0.28,0.74,0.0,,,,43.34,0.69,84.79,,,
250,27-Dec-2020 - 00:00,28-Dec-2020 - 00:00,2.81,6.19,11.56,0.1,15.34,16.25,10.11,0.17,1.84,0.0,,,,27.37,1.04,89.42,,,
251,28-Dec-2020 - 00:00,29-Dec-2020 - 00:00,2.79,7.68,11.79,0.51,15.7,14.51,7.23,0.19,2.03,0.0,0.0,,,29.13,0.76,118.65,,,
252,29-Dec-2020 - 00:00,30-Dec-2020 - 00:00,5.33,16.99,11.83,0.67,15.57,16.32,6.02,0.23,1.03,0.0,0.0,,,33.19,0.69,93.96,,,
253,30-Dec-2020 - 00:00,31-Dec-2020 - 00:00,2.8,12.5,11.86,0.47,15.99,16.62,6.21,0.24,0.76,0.0,0.0,,,29.37,0.83,75.69,,,
254,31-Dec-2020 - 00:00,01-Jan-2021 - 00:00,2.02,11.78,11.63,0.3,15.72,16.41,7.26,0.21,2.1,0.0,,,,30.18,1.01,92.82,,,
255,01-Jan-2021 - 00:00,02-Jan-2021 - 00:00,6.1,14.98,11.62,0.14,15.44,14.67,6.95,0.21,2.48,0.0,,,,36.93,0.99,90.4,,,
256,02-Jan-2021 - 00:00,03-Jan-2021 - 00:00,7.09,16.22,11.75,0.31,15.87,17.66,8.18,0.26,1.61,0.0,,,,44.33,0.82,93.22,,,
257,03-Jan-2021 - 00:00,04-Jan-2021 - 00:00,8.16,15.61,11.77,0.14,15.6,15.97,7.62,0.23,1.12,0.0,,,,44.78,0.8,82.84,,,
258,04-Jan-2021 - 00:00,05-Jan-2021 - 00:00,3.94,13.59,11.76,0.74,16.2,16.36,8.76,0.22,3.53,0.0,,,,24.92,0.92,137.78,,,
259,05-Jan-2021 - 00:00,06-Jan-2021 - 00:00,10.27,20.28,11.95,0.52,16.27,14.1,8.3,0.27,1.93,0.0,,,,34.96,1.02,173.25,,,
260,06-Jan-2021 - 00:00,07-Jan-2021 - 00:00,4.68,18.86,12.01,0.81,16.67,18.77,9.68,0.31,1.46,0.0,,,,39.32,0.82,195.22,,,
261,07-Jan-2021 - 00:00,08-Jan-2021 - 00:00,16.47,35.02,11.98,1.14,15.66,14.75,9.22,0.34,3.9,0.0,0.0,,,43.99,0.6,186.62,,,
262,08-Jan-2021 - 00:00,09-Jan-2021 - 00:00,22.45,40.21,11.66,1.44,16.77,19.47,9.33,0.32,5.11,0.0,,,,44.19,1.08,169.39,,,
263,09-Jan-2021 - 00:00,10-Jan-2021 - 00:00,32.69,54.2,11.73,1.09,16.63,22.58,8.3,0.33,3.21,0.0,,,,43.22,1.04,203.68,,,
264,10-Jan-2021 - 00:00,11-Jan-2021 - 00:00,60.49,88.15,11.64,0.62,16.08,22.73,8.95,0.34,5.54,0.0,,,,58.39,1.24,213.98,,,
265,11-Jan-2021 - 00:00,12-Jan-2021 - 00:00,76.1,109.42,11.76,1.24,16.82,21.44,9.02,0.44,6.03,0.0,,,,73.28,1.0,210.68,,,
266,12-Jan-2021 - 00:00,13-Jan-2021 - 00:00,58.78,89.78,11.83,2.25,17.79,23.57,9.62,0.45,9.63,0.0,,,,70.44,0.86,198.82,,,
267,13-Jan-2021 - 00:00,14-Jan-2021 - 00:00,48.06,76.7,11.82,1.71,17.34,23.78,9.86,0.42,3.27,0.05,,0.02,0.1,63.19,0.85,199.3,,,
268,14-Jan-2021 - 00:00,15-Jan-2021 - 00:00,58.89,90.05,11.78,1.38,16.97,22.73,10.21,0.41,2.88,0.06,,0.03,0.12,64.54,0.86,201.75,,,
269,15-Jan-2021 - 00:00,16-Jan-2021 - 00:00,60.62,90.95,11.85,1.71,17.36,22.5,10.2,0.44,1.93,0.06,0.0,0.02,0.13,69.99,0.94,175.32,,,
270,16-Jan-2021 - 00:00,17-Jan-2021 - 00:00,78.86,114.62,11.76,1.6,17.15,22.78,9.89,0.46,2.17,10.22,,0.01,0.1,72.7,1.05,190.63,,,
271,17-Jan-2021 - 00:00,18-Jan-2021 - 00:00,61.35,84.38,11.76,0.64,16.25,22.8,10.31,0.38,0.94,0.05,,0.03,0.1,69.85,1.2,128.06,,,
272,18-Jan-2021 - 00:00,19-Jan-2021 - 00:00,34.55,58.82,11.89,1.0,16.75,21.88,10.83,0.34,1.73,0.03,,0.03,0.12,67.37,1.74,149.17,,,
273,19-Jan-2021 - 00:00,20-Jan-2021 - 00:00,74.21,105.97,11.79,1.4,17.01,21.1,11.08,0.43,4.25,0.05,,0.01,0.1,72.49,1.51,208.46,,,
274,20-Jan-2021 - 00:00,21-Jan-2021 - 00:00,95.12,135.27,11.79,1.85,17.41,21.82,10.68,0.52,6.32,0.07,,,0.08,75.64,1.54,179.25,,,
275,21-Jan-2021 - 00:00,22-Jan-2021 - 00:00,68.47,101.92,11.88,1.66,15.86,20.82,11.12,0.42,8.33,0.04,0.0,0.02,0.08,71.48,1.54,197.95,,,
276,22-Jan-2021 - 00:00,23-Jan-2021 - 00:00,46.27,73.18,11.88,1.32,15.91,21.81,11.36,0.37,1.3,0.03,0.0,0.03,0.11,65.76,1.18,128.94,,,
277,23-Jan-2021 - 00:00,24-Jan-2021 - 00:00,34.39,57.64,11.76,1.01,16.61,22.67,11.84,0.35,1.97,0.03,,0.03,0.11,57.81,1.21,163.1,,,
278,24-Jan-2021 - 00:00,25-Jan-2021 - 00:00,46.35,70.94,11.75,0.76,16.39,22.0,10.95,0.35,2.53,0.03,,0.02,0.09,57.9,1.22,174.98,,,
279,25-Jan-2021 - 00:00,26-Jan-2021 - 00:00,30.81,56.46,11.84,1.53,16.74,23.18,11.86,0.38,1.87,0.03,0.0,0.02,0.1,57.0,1.17,143.37,,,
280,26-Jan-2021 - 00:00,27-Jan-2021 - 00:00,19.84,43.43,11.8,1.3,16.94,21.56,11.9,0.32,1.27,0.02,,0.03,0.11,47.97,0.98,195.91,,,
281,27-Jan-2021 - 00:00,28-Jan-2021 - 00:00,17.34,40.33,11.8,1.01,16.66,21.6,12.13,0.31,1.64,0.02,,0.02,0.1,55.1,1.79,143.88,,,
282,28-Jan-2021 - 00:00,29-Jan-2021 - 00:00,16.02,35.74,11.98,1.18,17.04,22.14,12.18,0.35,1.68,0.02,,0.03,0.14,57.05,1.7,119.13,,,
283,29-Jan-2021 - 00:00,30-Jan-2021 - 00:00,7.69,25.85,11.9,1.32,17.04,22.24,13.07,0.3,4.42,0.01,,0.03,0.13,52.72,2.01,104.07,,,
284,30-Jan-2021 - 00:00,31-Jan-2021 - 00:00,24.4,45.38,11.85,1.01,16.73,19.09,11.86,0.35,3.46,0.02,,0.03,0.12,,,,,,
285,31-Jan-2021 - 00:00,01-Feb-2021 - 00:00,40.05,65.98,11.78,0.8,16.44,21.6,12.4,0.36,4.61,0.03,,,0.09,,,,,,
286,01-Feb-2021 - 00:00,02-Feb-2021 - 00:00,51.68,82.23,11.87,2.64,18.23,19.2,12.02,0.45,5.93,0.04,,0.02,0.12,45.83,0.82,165.07,,,
287,02-Feb-2021 - 00:00,03-Feb-2021 - 00:00,46.29,78.73,11.88,2.26,17.47,21.15,12.6,0.44,4.28,0.04,0.0,0.03,0.13,63.56,0.98,180.7,,,
288,03-Feb-2021 - 00:00,04-Feb-2021 - 00:00,23.25,44.87,11.9,1.48,17.23,19.99,12.18,0.37,3.64,0.03,0.0,0.02,0.12,50.28,1.43,137.53,,,
289,04-Feb-2021 - 00:00,05-Feb-2021 - 00:00,18.12,42.12,11.85,1.33,15.52,23.44,13.23,0.32,3.78,0.02,0.0,0.02,0.12,44.9,1.39,147.8,,,
290,05-Feb-2021 - 00:00,06-Feb-2021 - 00:00,12.23,33.64,11.89,0.99,12.7,23.74,13.5,0.25,2.79,0.01,0.0,0.02,0.1,44.42,1.09,174.54,,,
291,06-Feb-2021 - 00:00,07-Feb-2021 - 00:00,13.81,39.39,11.87,1.31,12.02,25.05,13.9,0.24,3.22,0.01,0.0,0.02,0.09,50.06,0.98,176.55,,,
292,07-Feb-2021 - 00:00,08-Feb-2021 - 00:00,28.63,56.12,11.73,0.85,14.37,24.45,13.45,0.3,4.11,0.02,0.0,0.02,0.09,60.27,0.87,168.66,,,
293,08-Feb-2021 - 00:00,09-Feb-2021 - 00:00,31.36,56.76,11.79,0.84,15.94,23.4,13.46,0.34,5.54,0.02,0.0,0.01,0.1,61.43,1.14,193.0,,,
294,09-Feb-2021 - 00:00,10-Feb-2021 - 00:00,29.74,63.19,11.8,1.86,15.77,22.21,14.54,0.35,5.96,0.02,0.0,0.02,0.11,58.59,1.8,153.96,,,
295,10-Feb-2021 - 00:00,11-Feb-2021 - 00:00,24.07,60.7,11.83,1.81,17.15,23.83,15.29,0.4,4.76,0.02,0.0,0.04,0.14,54.77,1.64,142.91,,,
296,11-Feb-2021 - 00:00,12-Feb-2021 - 00:00,47.1,90.48,11.71,2.04,17.49,23.06,14.47,0.43,6.37,0.03,0.0,0.04,0.15,56.15,0.96,207.52,,,
297,12-Feb-2021 - 00:00,13-Feb-2021 - 00:00,55.63,100.89,11.7,1.84,17.28,23.58,15.09,0.45,6.75,0.03,0.0,0.04,0.14,58.37,1.0,191.02,,,
298,13-Feb-2021 - 00:00,14-Feb-2021 - 00:00,46.09,83.8,11.75,1.66,17.21,24.32,15.17,0.47,4.57,0.03,0.0,0.04,0.14,56.42,0.86,208.4,,,
299,14-Feb-2021 - 00:00,15-Feb-2021 - 00:00,35.58,68.78,11.69,0.83,6.84,24.69,15.77,0.17,4.47,0.01,0.0,,0.05,52.97,0.78,204.67,,,
300,15-Feb-2021 - 00:00,16-Feb-2021 - 00:00,69.95,121.12,11.72,2.57,17.55,25.2,15.64,0.5,6.48,0.04,0.0,0.03,0.14,56.11,0.66,183.04,,,
301,16-Feb-2021 - 00:00,17-Feb-2021 - 00:00,71.0,117.85,11.66,1.55,16.97,25.46,16.48,0.46,5.01,0.03,,0.03,0.13,49.56,0.91,181.19,,,
302,17-Feb-2021 - 00:00,18-Feb-2021 - 00:00,60.65,111.77,11.73,2.74,12.57,26.85,16.66,0.35,6.07,0.02,0.0,0.02,0.09,51.96,1.46,142.97,,,
303,18-Feb-2021 - 00:00,19-Feb-2021 - 00:00,33.16,53.6,11.75,1.46,16.02,29.28,17.01,0.39,4.08,0.02,0.0,0.03,0.12,38.8,0.98,149.84,,,
304,19-Feb-2021 - 00:00,20-Feb-2021 - 00:00,36.02,73.77,11.76,1.8,12.92,26.45,16.87,0.36,4.53,0.02,0.0,0.02,0.1,44.52,1.3,118.14,,,
305,20-Feb-2021 - 00:00,21-Feb-2021 - 00:00,43.38,82.53,11.77,1.35,16.95,18.5,15.99,0.52,2.59,0.03,,0.03,0.14,,,,,,
306,21-Feb-2021 - 00:00,22-Feb-2021 - 00:00,36.65,55.88,11.63,0.74,16.16,18.1,16.78,0.4,4.23,0.01,,,0.04,,,,,,
307,22-Feb-2021 - 00:00,23-Feb-2021 - 00:00,39.27,63.29,11.73,1.84,15.62,17.31,16.96,0.41,4.65,0.01,0.0,0.02,0.07,,,,,,
308,23-Feb-2021 - 00:00,24-Feb-2021 - 00:00,38.3,66.67,11.63,4.05,16.98,19.75,17.73,0.43,10.45,3.14,0.0,0.01,0.1,27.14,1.16,153.94,,,
309,24-Feb-2021 - 00:00,25-Feb-2021 - 00:00,61.77,111.7,11.59,2.81,17.48,15.56,17.5,0.45,16.59,0.06,0.0,,0.09,,,,,,
310,25-Feb-2021 - 00:00,26-Feb-2021 - 00:00,75.38,132.05,11.59,1.59,16.9,14.41,17.65,0.46,11.48,0.03,,,0.06,,,,,,
311,26-Feb-2021 - 00:00,27-Feb-2021 - 00:00,56.97,115.0,11.6,1.85,17.15,13.26,18.26,0.46,10.94,0.03,,,0.07,,,,,,
312,27-Feb-2021 - 00:00,28-Feb-2021 - 00:00,39.91,80.36,11.58,0.99,16.32,13.06,18.14,0.33,10.41,0.01,,,0.07,,,,,,
313,28-Feb-2021 - 00:00,01-Mar-2021 - 00:00,37.93,79.65,11.54,0.67,15.99,13.47,17.95,0.29,10.98,0.0,,,0.06,,,,,,
314,01-Mar-2021 - 00:00,02-Mar-2021 - 00:00,35.97,76.57,11.63,1.94,17.25,13.44,18.18,0.31,11.72,0.01,0.0,,0.07,,,,,,
315,02-Mar-2021 - 00:00,03-Mar-2021 - 00:00,29.26,83.67,11.65,2.01,13.58,14.42,18.58,0.32,6.19,0.01,0.0,0.01,0.09,,,,,,
316,03-Mar-2021 - 00:00,04-Mar-2021 - 00:00,33.1,94.22,11.61,1.8,17.11,14.17,18.53,0.42,8.59,0.01,0.0,0.02,0.12,,,,,,
317,04-Mar-2021 - 00:00,05-Mar-2021 - 00:00,35.22,88.78,11.57,1.6,16.89,10.01,18.65,0.32,12.38,0.01,0.0,,0.05,,,,,,
318,05-Mar-2021 - 00:00,06-Mar-2021 - 00:00,51.41,132.16,11.56,1.71,16.97,9.8,18.1,0.43,16.83,0.01,,,0.04,,,,,,
319,06-Mar-2021 - 00:00,07-Mar-2021 - 00:00,36.29,84.16,11.59,1.13,16.49,9.61,18.04,0.35,10.76,0.0,,,0.05,,,,,,
320,07-Mar-2021 - 00:00,08-Mar-2021 - 00:00,38.01,64.54,11.58,0.64,15.99,11.55,19.13,0.31,6.69,0.01,,,0.05,,,,,,
321,08-Mar-2021 - 00:00,09-Mar-2021 - 00:00,44.24,84.51,11.62,1.81,17.13,12.88,19.74,0.43,7.12,0.01,,0.01,0.09,,,,,,
322,09-Mar-2021 - 00:00,10-Mar-2021 - 00:00,48.36,90.14,11.6,2.09,16.65,12.22,19.13,0.4,12.13,0.01,0.0,,0.07,,,,,,
323,10-Mar-2021 - 00:00,11-Mar-2021 - 00:00,42.84,81.04,11.58,1.55,16.84,11.86,19.07,0.43,9.72,0.01,0.0,,0.08,,,,,,
324,11-Mar-2021 - 00:00,12-Mar-2021 - 00:00,40.85,83.63,11.64,1.65,16.82,14.3,20.03,0.49,6.27,0.01,0.0,,0.1,,,,,,
325,12-Mar-2021 - 00:00,13-Mar-2021 - 00:00,63.05,119.66,11.69,2.79,17.3,16.7,20.81,0.65,4.72,0.03,0.0,0.01,0.12,,,,,,
326,13-Mar-2021 - 00:00,14-Mar-2021 - 00:00,60.51,121.24,11.55,2.06,17.31,16.91,20.9,0.64,5.0,0.03,,,0.11,,,,,,
327,14-Mar-2021 - 00:00,15-Mar-2021 - 00:00,56.18,102.86,11.5,0.94,16.19,15.76,20.44,0.45,6.7,0.02,,,0.07,,,,,,
328,15-Mar-2021 - 00:00,16-Mar-2021 - 00:00,43.24,83.83,11.58,2.13,17.38,15.24,20.67,0.53,4.82,0.02,,,0.1,,,,,,
329,16-Mar-2021 - 00:00,17-Mar-2021 - 00:00,44.51,96.46,11.54,1.79,17.03,15.95,20.67,0.52,5.58,0.02,,,0.12,,,,,,
330,17-Mar-2021 - 00:00,18-Mar-2021 - 00:00,48.18,108.45,11.91,3.19,18.63,19.29,20.51,0.58,7.29,5.34,,0.02,0.15,,,,,,
331,18-Mar-2021 - 00:00,19-Mar-2021 - 00:00,45.3,121.26,11.52,2.25,17.4,17.42,21.34,0.46,6.44,0.01,,,0.12,,,,,,
332,19-Mar-2021 - 00:00,20-Mar-2021 - 00:00,63.26,186.34,11.51,2.58,16.6,17.91,19.74,0.47,8.83,0.01,0.0,0.01,0.11,,,,,,
333,20-Mar-2021 - 00:00,21-Mar-2021 - 00:00,69.78,175.99,11.66,1.97,17.02,20.32,19.71,0.58,6.37,0.02,0.0,,0.11,,,,,,
334,21-Mar-2021 - 00:00,22-Mar-2021 - 00:00,60.4,133.4,11.48,0.91,16.14,19.26,19.97,0.58,4.16,0.02,,0.01,0.11,,,,,,
335,22-Mar-2021 - 00:00,23-Mar-2021 - 00:00,45.62,99.17,11.5,1.83,17.02,20.42,20.86,0.58,4.85,0.02,,,0.13,,,,,,
336,23-Mar-2021 - 00:00,24-Mar-2021 - 00:00,41.17,91.41,11.48,2.2,17.33,20.6,20.72,0.59,5.01,0.02,,0.01,0.14,,,,,,
337,24-Mar-2021 - 00:00,25-Mar-2021 - 00:00,63.04,126.43,11.49,1.99,17.15,20.76,20.56,0.68,5.81,0.03,,0.01,0.14,,,,,,
338,25-Mar-2021 - 00:00,26-Mar-2021 - 00:00,66.72,134.24,11.48,2.2,17.33,18.64,21.55,0.78,5.55,0.03,,0.02,0.14,,,,,,
339,26-Mar-2021 - 00:00,27-Mar-2021 - 00:00,35.45,96.16,11.51,2.25,17.43,19.66,23.52,0.53,5.47,0.01,,,0.13,,,,,,
340,27-Mar-2021 - 00:00,28-Mar-2021 - 00:00,50.3,116.64,11.47,1.85,17.01,21.02,23.73,0.6,5.29,0.02,,,0.12,,,,,,
341,28-Mar-2021 - 00:00,29-Mar-2021 - 00:00,47.27,110.44,11.44,0.8,16.01,20.65,23.08,0.58,4.87,0.02,,,0.1,,,,,,
342,29-Mar-2021 - 00:00,30-Mar-2021 - 00:00,67.95,149.35,11.4,1.65,16.75,19.99,23.65,0.72,8.42,0.02,,,0.08,,,,,,
343,30-Mar-2021 - 00:00,31-Mar-2021 - 00:00,39.87,88.42,11.47,2.16,16.62,19.96,23.67,0.46,12.88,0.0,0.0,,0.04,,,,,,
344,31-Mar-2021 - 00:00,01-Apr-2021 - 00:00,34.75,83.11,11.49,1.29,16.52,11.76,21.55,0.44,7.14,0.01,,,0.04,,,,,,
345,01-Apr-2021 - 00:00,02-Apr-2021 - 00:00,28.77,73.92,11.47,1.44,16.62,12.11,22.39,0.37,9.78,0.01,,,0.04,,,,,,
346,02-Apr-2021 - 00:00,03-Apr-2021 - 00:00,31.7,84.54,11.46,0.66,15.92,10.68,22.76,0.34,6.12,0.01,,,0.02,,,,,,
347,03-Apr-2021 - 00:00,04-Apr-2021 - 00:00,39.23,90.01,11.59,2.33,17.16,19.45,16.52,0.43,11.85,0.02,,0.01,0.07,,,,,,
348,04-Apr-2021 - 00:00,05-Apr-2021 - 00:00,19.5,61.55,11.47,0.7,15.93,18.29,3.09,0.27,5.06,0.01,,,0.07,,,,,,
349,05-Apr-2021 - 00:00,06-Apr-2021 - 00:00,20.43,50.89,8.48,3.26,11.72,14.32,2.29,0.28,14.19,0.01,0.0,,0.06,48.15,1.18,183.17,,,
350,06-Apr-2021 - 00:00,07-Apr-2021 - 00:00,35.72,79.96,0.03,3.16,1.88,2.75,1.51,0.53,20.91,0.01,0.0,,0.07,46.57,1.43,162.49,,,
351,07-Apr-2021 - 00:00,08-Apr-2021 - 00:00,39.47,95.36,0.03,2.6,1.71,3.12,1.6,0.71,4.48,0.02,,,0.1,60.81,1.05,192.38,,,
352,08-Apr-2021 - 00:00,09-Apr-2021 - 00:00,32.8,85.91,0.03,2.15,1.3,2.72,1.75,0.55,,0.01,,,0.07,70.87,1.38,198.14,,,
353,09-Apr-2021 - 00:00,10-Apr-2021 - 00:00,22.81,63.91,0.04,2.41,1.57,2.48,2.19,0.55,0.83,0.0,,,0.08,72.49,1.38,197.58,,,
354,10-Apr-2021 - 00:00,11-Apr-2021 - 00:00,21.49,68.11,0.94,1.76,1.08,10.04,2.22,0.57,,4.92,,,0.09,77.81,0.83,189.52,,,
355,11-Apr-2021 - 00:00,12-Apr-2021 - 00:00,22.6,73.74,0.03,1.47,0.66,2.53,1.72,0.43,,0.0,,,0.08,63.69,0.85,179.95,,,
356,12-Apr-2021 - 00:00,13-Apr-2021 - 00:00,24.81,78.37,0.03,2.47,1.59,5.85,2.05,0.49,22.42,0.63,0.0,,0.08,59.01,1.0,191.13,,,
357,13-Apr-2021 - 00:00,14-Apr-2021 - 00:00,22.72,73.71,0.03,2.19,1.31,2.98,2.69,0.55,10.22,0.0,,,0.1,64.58,0.91,202.55,,,
358,14-Apr-2021 - 00:00,15-Apr-2021 - 00:00,20.98,69.75,0.02,1.92,1.05,3.94,3.12,0.45,11.01,0.0,0.0,,0.08,61.55,1.09,207.88,,,
359,15-Apr-2021 - 00:00,16-Apr-2021 - 00:00,20.11,67.27,0.03,2.5,1.56,4.0,3.0,0.4,6.28,0.0,0.0,,0.08,52.21,1.34,213.54,,,
360,16-Apr-2021 - 00:00,17-Apr-2021 - 00:00,18.75,58.92,0.03,2.43,1.48,3.84,3.39,0.34,4.54,0.01,,,0.05,64.42,1.94,178.43,,,
361,17-Apr-2021 - 00:00,18-Apr-2021 - 00:00,9.37,42.42,0.03,1.98,1.19,0.63,2.18,0.33,2.24,0.01,,,0.04,70.33,1.43,176.85,,,
362,18-Apr-2021 - 00:00,19-Apr-2021 - 00:00,6.44,30.77,0.03,1.2,0.45,1.3,2.9,0.24,,0.01,,,0.04,59.7,1.31,210.65,,,
363,19-Apr-2021 - 00:00,20-Apr-2021 - 00:00,9.17,34.91,0.03,2.55,1.66,1.56,2.3,0.25,17.39,0.01,,,0.03,79.67,2.06,204.98,,,
364,20-Apr-2021 - 00:00,21-Apr-2021 - 00:00,13.58,59.42,0.04,1.54,0.76,0.54,2.61,0.2,,0.01,,,0.02,56.56,1.55,192.92,,,
