,From Date,To Date,PM2.5 (ug/m3),NO (ug/m3),NO2 (ug/m3),NOx (ppb),SO2 (ug/m3),CO (mg/m3),Ozone (ug/m3),Benzene (ug/m3),Toluene (ug/m3),Eth-Benzene (ug/m3),MP-Xylene (ug/m3),O Xylene (ug/m3),Temp (degree C),RH (%),WS (m/s),WD (deg),SR (W/mt2),(W/mt2),Xylene (ug/m3),RF (mm)
0,21-Apr-2020 - 00:00,22-Apr-2020 - 00:00,18.62,39.75,4.71,13.54,1.37,14.1,5.15,0.43,50.7,0.41,4.05,0.53,0.51,0.49,33.42,39.36,1.51,19.07,520.55,0.0
1,22-Apr-2020 - 00:00,23-Apr-2020 - 00:00,21.4,43.74,5.46,13.04,2.0,14.16,5.08,0.53,49.73,0.37,3.96,0.48,0.51,0.51,33.51,43.65,1.51,19.29,469.92,0.0
2,23-Apr-2020 - 00:00,24-Apr-2020 - 00:00,23.8,47.41,5.01,13.48,1.49,13.99,4.47,0.39,50.06,0.41,3.91,0.51,0.5,0.49,35.26,43.41,1.51,19.88,428.44,0.0
3,24-Apr-2020 - 00:00,25-Apr-2020 - 00:00,16.34,37.25,8.17,13.1,6.83,14.03,2.82,0.39,49.9,0.36,3.69,0.45,0.48,0.45,34.41,40.9,1.51,19.4,470.19,0.0
4,25-Apr-2020 - 00:00,26-Apr-2020 - 00:00,17.6,45.08,5.05,13.28,9.23,13.91,4.46,0.25,50.61,0.44,3.88,0.53,0.5,0.49,33.18,44.6,1.51,19.34,479.88,0.0
5,26-Apr-2020 - 00:00,27-Apr-2020 - 00:00,16.72,41.25,5.02,12.6,8.91,13.96,5.28,0.44,49.83,0.4,3.86,0.48,0.48,0.48,32.76,43.39,1.51,19.36,498.59,0.0
6,27-Apr-2020 - 00:00,28-Apr-2020 - 00:00,17.27,40.37,6.59,12.78,9.79,14.02,5.55,0.38,50.23,0.42,3.91,0.49,0.49,0.48,34.05,46.77,1.51,19.73,506.3,0.0
7,28-Apr-2020 - 00:00,29-Apr-2020 - 00:00,21.36,44.9,4.21,12.52,7.91,14.21,6.82,0.38,50.04,0.4,3.95,0.48,0.49,0.5,34.99,43.39,1.51,19.69,512.53,0.0
8,29-Apr-2020 - 00:00,30-Apr-2020 - 00:00,12.81,43.55,6.06,11.73,8.69,14.46,5.06,0.75,50.2,0.4,3.99,0.51,0.48,0.47,34.58,43.31,1.51,19.61,532.96,0.0
9,30-Apr-2020 - 00:00,01-May-2020 - 00:00,7.27,47.42,4.23,11.31,6.98,14.14,5.34,0.61,50.0,0.4,3.98,0.5,0.48,0.49,35.23,45.43,1.51,19.65,453.21,0.0
10,01-May-2020 - 00:00,02-May-2020 - 00:00,9.54,45.34,6.87,11.94,9.18,14.81,4.94,0.43,49.95,0.39,3.96,0.49,0.51,0.48,35.43,48.21,1.51,19.63,490.35,0.0
11,02-May-2020 - 00:00,03-May-2020 - 00:00,11.42,38.95,4.26,11.52,7.46,14.22,9.1,0.41,49.8,0.39,3.94,0.48,0.49,0.48,36.31,44.45,1.51,19.36,514.03,0.0
12,03-May-2020 - 00:00,04-May-2020 - 00:00,12.57,36.55,4.49,11.57,7.31,14.08,5.88,0.34,50.18,0.39,3.95,0.51,0.49,0.49,36.09,40.17,1.51,18.61,478.68,0.0
13,04-May-2020 - 00:00,05-May-2020 - 00:00,12.71,37.47,5.94,12.19,8.46,14.16,5.65,0.33,50.48,0.41,3.91,0.49,0.49,0.48,36.45,36.06,1.51,18.71,525.97,0.0
14,05-May-2020 - 00:00,06-May-2020 - 00:00,15.18,41.19,7.18,24.55,7.41,17.61,7.03,0.56,49.28,0.4,4.07,0.47,0.51,0.5,35.78,42.19,1.51,18.41,510.73,0.0
15,06-May-2020 - 00:00,07-May-2020 - 00:00,14.29,49.93,8.42,18.83,9.11,15.36,0.43,0.38,49.93,0.39,3.99,0.5,0.49,0.5,36.89,43.9,1.51,18.23,443.05,0.0
16,07-May-2020 - 00:00,08-May-2020 - 00:00,12.49,46.67,25.41,20.34,22.52,17.2,5.06,0.37,50.05,0.41,4.1,0.49,0.48,0.48,36.3,35.36,1.51,17.75,479.33,0.0
17,08-May-2020 - 00:00,09-May-2020 - 00:00,12.58,45.29,20.46,19.83,20.03,14.68,4.51,0.47,49.87,0.39,3.96,0.49,0.5,0.49,36.02,36.44,1.51,17.79,571.03,0.0
18,09-May-2020 - 00:00,10-May-2020 - 00:00,12.62,42.42,44.09,17.61,36.98,20.48,5.68,0.48,50.28,0.41,3.91,0.52,0.48,0.51,36.12,44.83,1.51,18.05,528.4,0.0
19,10-May-2020 - 00:00,11-May-2020 - 00:00,12.5,47.39,16.26,15.31,15.25,18.68,7.69,0.39,49.78,0.38,3.98,0.5,0.52,0.5,34.1,54.79,1.51,17.52,435.03,0.0
20,11-May-2020 - 00:00,12-May-2020 - 00:00,12.53,27.64,47.77,14.9,42.91,20.36,5.03,0.43,49.63,0.41,3.79,0.48,0.51,0.5,33.06,59.76,1.51,18.41,609.76,0.0
21,12-May-2020 - 00:00,13-May-2020 - 00:00,12.56,37.54,19.35,14.9,17.95,15.73,7.27,0.55,50.59,0.39,3.89,0.52,0.5,0.49,35.31,46.08,1.51,18.67,509.59,0.0
22,13-May-2020 - 00:00,14-May-2020 - 00:00,12.52,40.78,9.53,15.43,11.5,14.41,2.42,0.5,50.85,0.38,3.87,0.55,0.49,0.5,34.07,58.89,1.51,18.92,479.22,0.02
23,14-May-2020 - 00:00,15-May-2020 - 00:00,12.45,36.41,4.09,11.21,7.26,14.06,5.21,0.61,48.89,0.41,3.93,0.45,0.49,0.49,32.4,67.56,1.51,19.56,485.67,0.25
24,15-May-2020 - 00:00,16-May-2020 - 00:00,12.64,40.84,5.51,11.41,7.19,15.33,5.32,0.81,49.93,0.37,3.87,0.47,0.51,0.5,33.32,63.69,1.51,19.68,458.83,0.0
25,16-May-2020 - 00:00,17-May-2020 - 00:00,12.39,41.79,3.77,11.96,7.32,14.04,7.87,0.43,50.3,0.41,3.97,0.49,0.5,0.51,34.81,56.92,1.51,18.91,422.2,0.0
26,17-May-2020 - 00:00,18-May-2020 - 00:00,12.49,55.79,6.39,12.82,8.98,14.19,8.19,0.51,49.46,0.41,3.91,0.49,0.49,0.49,35.46,53.76,1.51,18.45,435.09,0.0
27,18-May-2020 - 00:00,19-May-2020 - 00:00,12.53,49.97,56.85,10.84,47.26,28.76,4.5,0.47,49.92,0.41,4.06,0.49,0.5,0.48,35.84,43.58,1.51,17.97,537.8,0.0
28,19-May-2020 - 00:00,20-May-2020 - 00:00,12.46,55.72,39.48,13.53,35.29,17.38,3.51,0.4,49.5,0.38,3.89,0.46,0.5,0.5,34.86,49.4,1.51,17.75,486.28,0.0
29,20-May-2020 - 00:00,21-May-2020 - 00:00,12.48,38.99,8.66,12.73,9.41,14.57,7.21,0.35,50.18,0.39,4.01,0.51,0.5,0.49,35.11,49.62,1.51,18.01,576.69,0.0
30,21-May-2020 - 00:00,22-May-2020 - 00:00,12.51,43.09,55.6,12.65,55.84,22.63,3.51,0.44,49.99,0.38,3.87,0.52,0.49,0.5,35.42,46.61,1.51,18.25,493.59,0.0
31,22-May-2020 - 00:00,23-May-2020 - 00:00,12.4,43.12,12.27,15.75,11.99,14.09,3.62,0.36,49.77,0.41,3.92,0.5,0.5,0.49,36.47,41.52,1.51,17.96,460.47,0.0
32,23-May-2020 - 00:00,24-May-2020 - 00:00,12.58,39.56,14.45,19.44,14.14,14.7,8.69,0.38,50.28,0.42,4.0,0.49,0.49,0.48,37.44,33.74,1.51,17.98,512.28,0.0
33,24-May-2020 - 00:00,25-May-2020 - 00:00,12.54,47.2,11.18,20.4,11.88,15.18,2.69,0.39,49.64,0.41,3.89,0.45,0.49,0.49,36.96,35.96,1.51,17.97,474.89,0.0
34,25-May-2020 - 00:00,26-May-2020 - 00:00,12.65,42.23,15.17,21.57,15.57,14.85,3.79,0.32,49.74,0.38,3.96,0.47,0.49,0.5,37.2,38.71,1.51,18.59,458.6,0.0
35,26-May-2020 - 00:00,27-May-2020 - 00:00,14.43,43.05,14.48,22.03,14.97,15.49,9.05,0.43,49.71,0.43,3.97,0.48,0.49,0.5,36.69,38.76,1.51,18.51,506.27,0.0
36,27-May-2020 - 00:00,28-May-2020 - 00:00,15.59,41.29,14.82,20.05,14.63,15.06,3.96,0.41,49.62,0.4,4.02,0.47,0.5,0.49,35.31,52.82,1.51,18.64,560.46,0.0
37,28-May-2020 - 00:00,29-May-2020 - 00:00,15.48,41.92,12.69,21.81,13.33,15.0,3.98,0.28,49.81,0.38,3.87,0.49,0.51,0.49,34.43,59.07,1.5,19.25,507.35,0.0
38,29-May-2020 - 00:00,30-May-2020 - 00:00,15.58,37.03,11.32,21.39,11.77,15.66,8.03,0.29,49.87,0.38,3.86,0.46,0.48,0.47,34.59,62.03,1.51,19.96,551.01,0.0
39,30-May-2020 - 00:00,31-May-2020 - 00:00,15.57,34.38,13.25,21.72,13.06,15.59,7.77,0.43,50.19,0.35,3.89,0.5,0.49,0.47,34.44,62.8,1.51,19.68,555.31,0.0
40,31-May-2020 - 00:00,01-Jun-2020 - 00:00,15.55,45.25,11.63,22.16,12.56,15.06,3.99,0.31,50.09,0.38,3.76,0.49,0.49,0.48,34.48,63.27,1.5,19.14,449.22,0.02
41,01-Jun-2020 - 00:00,02-Jun-2020 - 00:00,15.26,28.54,12.0,19.34,12.3,14.56,6.05,0.52,49.58,0.42,3.86,0.49,0.49,0.5,27.56,86.9,1.51,19.14,299.14,0.12
42,02-Jun-2020 - 00:00,03-Jun-2020 - 00:00,22.61,34.38,14.07,20.02,13.34,15.34,7.22,0.58,50.23,0.4,3.85,0.5,0.48,0.49,28.48,82.6,1.51,19.01,425.63,0.08
43,03-Jun-2020 - 00:00,04-Jun-2020 - 00:00,15.15,41.4,9.52,18.87,9.4,14.86,4.01,0.31,50.76,0.39,3.58,0.5,0.47,0.46,27.0,94.55,1.51,19.24,236.74,0.1
44,04-Jun-2020 - 00:00,05-Jun-2020 - 00:00,26.29,54.12,21.0,10.24,33.87,27.57,11.33,0.5,49.94,0.36,3.69,0.44,0.45,0.44,28.65,91.29,1.51,16.19,445.77,0.01
45,05-Jun-2020 - 00:00,06-Jun-2020 - 00:00,27.54,49.24,53.98,12.5,45.32,25.61,1.72,0.43,49.84,0.41,3.95,0.51,0.49,0.5,27.72,85.89,1.51,16.82,548.67,0.0
46,06-Jun-2020 - 00:00,07-Jun-2020 - 00:00,32.7,50.43,21.72,16.09,17.23,15.42,8.22,0.41,50.14,0.39,3.99,0.49,0.48,0.48,29.7,76.14,1.51,16.73,578.0,0.01
47,07-Jun-2020 - 00:00,08-Jun-2020 - 00:00,20.76,47.95,20.15,19.14,17.78,16.33,8.95,0.34,50.07,0.4,3.86,0.49,0.5,0.5,30.44,80.53,1.51,17.5,551.31,0.0
48,08-Jun-2020 - 00:00,09-Jun-2020 - 00:00,24.28,50.59,17.22,21.73,16.44,16.66,3.12,0.34,49.96,0.41,4.0,0.49,0.49,0.49,30.56,78.06,1.51,17.91,511.74,0.0
49,09-Jun-2020 - 00:00,10-Jun-2020 - 00:00,24.97,51.51,14.95,21.8,14.5,16.6,4.48,0.34,50.17,0.39,3.96,0.49,0.47,0.49,30.36,80.15,1.51,17.95,460.27,0.03
50,10-Jun-2020 - 00:00,11-Jun-2020 - 00:00,20.77,40.63,15.3,21.17,12.79,16.59,7.11,0.42,50.13,0.38,3.95,0.5,0.48,0.5,30.98,76.14,1.51,18.04,510.47,0.01
51,11-Jun-2020 - 00:00,12-Jun-2020 - 00:00,20.27,33.26,15.51,18.93,13.51,15.51,6.71,0.52,50.08,0.4,3.92,0.49,0.49,0.49,29.92,78.74,1.51,18.85,470.58,0.5
52,12-Jun-2020 - 00:00,13-Jun-2020 - 00:00,13.86,21.73,11.79,19.73,11.02,15.96,6.18,0.6,49.74,0.39,3.83,0.48,0.51,0.5,27.21,94.28,1.51,19.55,288.66,0.16
53,13-Jun-2020 - 00:00,14-Jun-2020 - 00:00,16.5,25.36,22.2,21.83,20.03,16.36,6.36,0.59,50.26,0.4,3.92,0.49,0.48,0.49,28.66,88.25,1.51,19.82,397.22,0.47
54,14-Jun-2020 - 00:00,15-Jun-2020 - 00:00,12.87,25.02,20.45,21.62,17.4,17.18,7.12,0.68,49.8,0.39,3.9,0.49,0.48,0.48,28.62,88.87,1.51,20.04,347.0,0.05
55,15-Jun-2020 - 00:00,16-Jun-2020 - 00:00,16.27,39.82,23.84,22.51,22.05,17.15,8.18,0.52,50.33,0.37,3.87,0.51,0.48,0.48,28.85,86.16,1.51,20.41,434.81,0.1
56,16-Jun-2020 - 00:00,17-Jun-2020 - 00:00,11.69,46.91,23.91,22.04,22.1,17.82,3.9,0.63,50.01,0.39,3.84,0.51,0.5,0.5,29.04,83.58,1.51,20.54,459.89,0.01
57,17-Jun-2020 - 00:00,18-Jun-2020 - 00:00,16.09,46.86,23.71,22.37,21.9,16.5,5.16,0.63,50.01,0.4,3.89,0.49,0.49,0.5,28.4,87.77,1.51,20.38,308.24,0.04
58,18-Jun-2020 - 00:00,19-Jun-2020 - 00:00,12.65,44.71,23.36,21.76,21.5,15.55,7.59,0.45,50.39,0.39,3.95,0.51,0.5,0.48,28.87,84.68,1.51,20.74,436.96,0.15
59,19-Jun-2020 - 00:00,20-Jun-2020 - 00:00,13.76,47.07,17.95,23.62,18.76,16.19,9.1,0.56,49.85,0.41,4.02,0.49,0.5,0.49,30.05,85.95,1.51,20.39,519.54,0.0
60,20-Jun-2020 - 00:00,21-Jun-2020 - 00:00,16.88,52.1,12.87,24.15,16.0,15.29,2.9,0.41,50.13,0.38,3.97,0.51,0.51,0.5,30.57,80.76,1.51,20.1,526.58,0.02
61,21-Jun-2020 - 00:00,22-Jun-2020 - 00:00,14.55,48.02,2.94,18.18,8.57,14.21,4.82,0.35,49.96,0.41,3.98,0.49,0.48,0.5,29.84,82.03,1.51,19.96,450.99,0.03
62,22-Jun-2020 - 00:00,23-Jun-2020 - 00:00,12.65,47.61,4.92,14.87,7.93,14.08,9.55,0.5,50.01,0.38,4.02,0.5,0.48,0.5,30.58,75.94,1.51,20.18,526.3,0.0
63,23-Jun-2020 - 00:00,24-Jun-2020 - 00:00,20.51,53.84,2.97,16.28,6.26,14.11,4.84,0.49,50.1,0.39,3.92,0.52,0.49,0.49,30.95,81.27,1.51,20.62,547.76,0.0
64,24-Jun-2020 - 00:00,25-Jun-2020 - 00:00,20.28,42.59,2.44,18.64,7.35,14.36,5.96,0.3,49.82,0.41,3.97,0.5,0.48,0.49,31.19,80.71,1.51,20.59,428.18,0.35
65,25-Jun-2020 - 00:00,26-Jun-2020 - 00:00,16.13,33.57,2.55,16.41,6.54,14.26,4.7,0.45,50.04,0.39,3.97,0.49,0.48,0.5,29.99,83.16,1.51,21.23,472.25,1.04
66,26-Jun-2020 - 00:00,27-Jun-2020 - 00:00,17.58,29.14,0.41,13.98,3.03,14.35,3.55,0.38,50.13,0.38,3.97,0.52,0.5,0.49,27.72,96.82,1.51,20.53,348.36,0.0
67,27-Jun-2020 - 00:00,28-Jun-2020 - 00:00,13.38,34.97,14.95,12.98,8.98,15.0,10.48,0.41,49.65,0.38,3.87,0.48,0.47,0.47,31.1,88.73,1.51,19.58,508.45,0.0
68,28-Jun-2020 - 00:00,29-Jun-2020 - 00:00,17.56,30.71,3.82,15.55,6.97,14.3,7.7,0.4,50.2,0.4,4.01,0.51,0.48,0.5,29.74,83.5,1.51,19.92,445.17,0.11
69,29-Jun-2020 - 00:00,30-Jun-2020 - 00:00,16.66,32.86,2.25,15.06,5.04,14.27,9.98,0.46,49.73,0.38,3.91,0.5,0.48,0.49,28.2,90.54,1.51,20.29,395.69,0.26
70,30-Jun-2020 - 00:00,01-Jul-2020 - 00:00,18.15,31.66,1.08,14.54,3.91,14.44,14.38,0.41,50.72,0.39,3.94,0.5,0.49,0.51,30.05,84.68,1.51,20.57,458.28,0.06
71,01-Jul-2020 - 00:00,02-Jul-2020 - 00:00,14.91,34.36,0.97,14.77,3.81,14.55,9.67,0.35,38.45,0.53,6.23,0.79,0.77,0.79,29.21,83.61,1.51,20.63,459.88,0.2
72,02-Jul-2020 - 00:00,03-Jul-2020 - 00:00,13.45,36.59,1.02,15.04,4.77,14.36,11.06,0.41,25.44,0.6,8.0,0.99,0.98,0.98,30.0,85.0,1.51,21.06,458.85,0.0
73,03-Jul-2020 - 00:00,04-Jul-2020 - 00:00,14.86,36.06,0.94,15.79,4.68,14.19,6.97,0.42,16.22,0.61,7.43,0.96,0.97,0.94,29.35,80.44,1.42,101.91,453.31,0.08
74,04-Jul-2020 - 00:00,05-Jul-2020 - 00:00,16.61,37.0,1.33,12.07,3.14,14.43,17.98,0.93,20.0,0.61,7.9,1.0,0.97,1.01,29.06,84.1,1.33,209.37,279.85,0.04
75,05-Jul-2020 - 00:00,06-Jul-2020 - 00:00,15.73,35.94,6.42,6.69,2.29,15.39,11.21,1.08,18.73,0.62,7.84,1.03,1.0,0.98,27.81,88.64,1.33,215.22,267.44,0.0
76,06-Jul-2020 - 00:00,07-Jul-2020 - 00:00,18.4,43.19,10.1,9.66,4.9,15.28,12.22,0.54,21.21,1.12,7.75,1.5,1.22,1.2,28.99,81.92,1.33,223.44,275.32,0.02
77,07-Jul-2020 - 00:00,08-Jul-2020 - 00:00,12.85,43.96,4.68,8.74,2.79,15.25,15.05,1.04,33.8,0.48,7.2,0.95,0.37,0.31,29.12,87.73,1.32,175.64,227.17,0.04
78,08-Jul-2020 - 00:00,09-Jul-2020 - 00:00,13.87,39.86,2.22,12.61,2.87,14.85,17.04,0.84,23.12,0.61,6.85,0.89,0.43,0.34,30.11,76.83,1.33,213.22,524.56,0.01
79,09-Jul-2020 - 00:00,10-Jul-2020 - 00:00,19.03,40.78,2.96,10.45,2.38,15.08,13.45,1.0,16.91,0.78,9.03,0.99,0.46,0.45,28.62,88.06,1.33,218.98,396.88,0.09
80,10-Jul-2020 - 00:00,11-Jul-2020 - 00:00,17.22,40.08,3.16,13.69,3.94,14.72,15.26,0.69,21.57,0.42,8.62,0.94,0.32,0.33,29.02,83.38,1.33,220.14,274.8,0.0
81,11-Jul-2020 - 00:00,12-Jul-2020 - 00:00,16.55,40.6,2.99,15.46,4.75,14.67,11.38,0.87,25.08,0.33,7.18,0.96,0.28,0.27,29.78,80.82,1.33,221.98,420.69,0.0
82,12-Jul-2020 - 00:00,13-Jul-2020 - 00:00,16.86,37.9,1.21,14.77,3.73,14.68,12.35,0.84,25.28,0.33,7.76,0.86,0.29,0.27,29.35,82.55,1.33,222.4,406.85,0.0
83,13-Jul-2020 - 00:00,14-Jul-2020 - 00:00,14.24,38.11,3.07,15.78,5.13,14.48,20.34,0.68,27.45,0.31,7.36,0.86,0.27,0.26,29.6,80.95,1.33,226.71,376.02,0.15
84,14-Jul-2020 - 00:00,15-Jul-2020 - 00:00,14.29,35.31,2.03,16.46,4.74,14.38,18.08,0.93,22.52,0.35,8.03,0.86,0.29,0.28,28.67,86.41,1.33,231.09,350.66,0.04
85,15-Jul-2020 - 00:00,16-Jul-2020 - 00:00,13.73,33.51,10.54,16.53,8.86,14.37,7.63,0.88,16.35,0.35,8.5,0.87,0.29,0.28,27.49,92.65,1.33,234.43,168.3,0.03
86,16-Jul-2020 - 00:00,17-Jul-2020 - 00:00,14.6,33.13,4.92,16.22,6.5,14.45,16.06,0.6,18.87,0.33,8.05,0.87,0.28,0.27,27.06,93.07,1.33,240.53,148.12,0.24
87,17-Jul-2020 - 00:00,18-Jul-2020 - 00:00,14.97,37.94,2.87,16.23,5.19,14.75,22.85,1.01,22.16,0.34,8.54,0.86,0.27,0.27,27.64,86.19,1.33,240.43,261.43,0.0
88,18-Jul-2020 - 00:00,19-Jul-2020 - 00:00,15.45,35.21,2.2,15.66,5.46,14.37,7.51,0.82,20.64,0.33,7.41,0.87,0.28,0.27,29.09,83.04,1.33,239.53,433.83,0.0
89,19-Jul-2020 - 00:00,20-Jul-2020 - 00:00,18.28,41.7,4.62,15.72,6.62,14.43,13.65,0.56,21.98,0.4,8.52,0.9,0.3,0.3,29.21,87.7,1.33,237.75,357.46,0.0
90,20-Jul-2020 - 00:00,21-Jul-2020 - 00:00,15.6,40.91,1.75,15.9,5.33,14.4,20.95,1.01,23.82,0.53,8.64,0.89,0.39,0.33,29.95,79.84,1.33,240.55,457.45,0.0
91,21-Jul-2020 - 00:00,22-Jul-2020 - 00:00,20.23,40.61,2.83,15.87,5.92,14.4,5.69,1.08,19.51,0.47,7.45,0.91,0.38,0.33,29.46,85.39,1.33,237.78,294.2,0.01
92,22-Jul-2020 - 00:00,23-Jul-2020 - 00:00,17.86,37.98,9.47,21.43,13.81,14.27,13.56,0.41,24.25,0.23,3.4,0.58,0.23,0.18,29.57,80.1,1.33,241.9,392.33,0.24
93,23-Jul-2020 - 00:00,24-Jul-2020 - 00:00,,36.17,3.68,25.18,14.31,13.35,13.83,0.73,15.82,0.13,1.37,0.09,0.13,0.07,27.4,89.84,1.33,246.85,202.92,0.63
94,24-Jul-2020 - 00:00,25-Jul-2020 - 00:00,,36.52,6.47,23.42,13.69,13.26,5.11,0.64,15.98,0.12,1.59,0.09,0.1,0.07,26.75,90.03,1.33,246.39,227.08,0.06
95,25-Jul-2020 - 00:00,26-Jul-2020 - 00:00,,38.04,6.89,23.63,14.26,13.23,14.47,0.49,16.5,0.15,1.69,0.09,0.17,0.08,27.7,87.43,1.33,250.13,223.6,0.09
96,26-Jul-2020 - 00:00,27-Jul-2020 - 00:00,,38.01,7.45,23.61,14.37,13.21,11.39,0.66,15.86,0.17,2.24,0.12,0.16,0.09,29.02,83.97,1.33,248.95,320.7,0.0
97,27-Jul-2020 - 00:00,28-Jul-2020 - 00:00,,35.9,6.57,23.46,14.0,13.26,5.9,0.64,23.7,0.17,2.43,0.12,0.16,0.08,29.27,82.23,1.33,250.89,413.78,0.0
98,28-Jul-2020 - 00:00,29-Jul-2020 - 00:00,,34.74,6.83,23.89,14.38,13.21,11.19,0.4,19.34,0.12,2.4,0.08,0.11,0.06,28.48,85.53,1.33,252.58,427.22,0.0
99,29-Jul-2020 - 00:00,30-Jul-2020 - 00:00,,46.1,7.95,23.79,15.18,13.22,13.25,0.6,15.46,0.18,3.0,0.12,0.13,0.09,27.33,84.57,1.33,256.33,248.03,0.64
100,30-Jul-2020 - 00:00,31-Jul-2020 - 00:00,,37.33,7.84,23.41,14.83,13.22,8.06,0.74,22.99,0.27,4.3,0.11,0.2,0.13,29.22,84.1,1.33,255.4,367.42,0.0
101,31-Jul-2020 - 00:00,01-Aug-2020 - 00:00,16.01,35.38,8.07,23.63,15.04,13.14,9.32,0.59,22.5,0.41,4.4,0.22,0.3,0.22,29.77,82.23,1.33,242.77,268.43,0.35
102,01-Aug-2020 - 00:00,02-Aug-2020 - 00:00,16.26,36.44,8.94,23.83,15.96,13.13,16.84,0.89,22.89,0.45,4.42,0.17,0.27,0.21,28.69,84.59,1.33,244.82,376.87,0.04
103,02-Aug-2020 - 00:00,03-Aug-2020 - 00:00,16.45,38.28,9.23,23.68,16.08,13.04,5.56,1.05,17.57,0.88,5.58,0.54,0.34,0.39,30.26,84.84,1.33,250.68,287.59,0.0
104,03-Aug-2020 - 00:00,04-Aug-2020 - 00:00,12.96,35.91,8.24,22.95,14.95,13.13,6.15,0.57,18.28,0.34,3.31,0.18,0.2,0.14,29.04,87.34,1.33,246.07,335.0,0.0
105,04-Aug-2020 - 00:00,05-Aug-2020 - 00:00,13.63,35.98,7.36,22.59,14.11,13.2,14.79,0.78,17.65,0.31,3.13,0.22,0.23,0.12,28.21,88.76,1.32,231.79,223.52,0.02
106,05-Aug-2020 - 00:00,06-Aug-2020 - 00:00,15.28,37.1,7.49,22.84,14.47,13.17,6.95,0.89,23.05,0.46,3.39,0.42,0.41,0.16,28.31,84.05,1.33,244.41,346.5,0.34
107,06-Aug-2020 - 00:00,07-Aug-2020 - 00:00,12.7,37.87,7.14,22.86,13.87,13.22,3.35,0.71,34.16,0.51,3.01,0.37,0.51,0.16,27.75,91.53,1.33,248.12,251.01,0.0
108,07-Aug-2020 - 00:00,08-Aug-2020 - 00:00,14.3,38.46,6.19,22.38,13.07,13.29,13.54,0.73,28.8,0.3,2.37,0.21,0.3,0.1,28.59,89.27,1.33,251.25,348.53,0.0
109,08-Aug-2020 - 00:00,09-Aug-2020 - 00:00,14.86,40.53,7.13,22.55,13.85,13.24,8.59,0.73,20.58,0.23,2.65,0.21,0.18,0.08,28.16,87.08,1.33,250.3,301.06,0.0
110,09-Aug-2020 - 00:00,10-Aug-2020 - 00:00,16.1,41.23,8.17,22.35,14.04,13.33,4.99,0.6,20.62,0.23,3.01,0.12,0.19,0.11,28.03,87.44,1.33,247.08,271.08,0.0
111,10-Aug-2020 - 00:00,11-Aug-2020 - 00:00,15.92,44.03,7.21,22.53,13.88,13.17,17.13,0.8,19.26,0.41,3.41,0.22,0.39,0.15,27.65,90.47,1.33,237.19,208.42,0.12
112,11-Aug-2020 - 00:00,12-Aug-2020 - 00:00,17.53,38.28,7.32,22.59,14.09,13.22,7.08,0.67,15.6,0.33,3.86,0.14,0.22,0.2,26.82,93.62,1.33,226.26,275.6,0.16
113,12-Aug-2020 - 00:00,13-Aug-2020 - 00:00,14.85,36.3,7.73,22.73,14.26,13.2,9.43,0.59,13.4,0.45,3.65,0.19,0.41,0.2,26.51,96.01,1.33,231.65,155.43,0.0
114,13-Aug-2020 - 00:00,14-Aug-2020 - 00:00,16.45,38.07,7.37,22.73,13.82,13.26,14.53,0.78,10.09,0.43,3.71,0.24,0.37,0.32,25.12,,1.33,241.69,83.44,0.14
115,14-Aug-2020 - 00:00,15-Aug-2020 - 00:00,18.89,38.68,8.99,22.67,14.96,13.05,11.32,0.91,10.96,0.93,4.37,0.51,1.06,0.58,24.59,,1.33,246.32,119.52,0.14
116,15-Aug-2020 - 00:00,16-Aug-2020 - 00:00,16.07,37.79,7.84,21.87,13.28,13.37,3.17,0.61,14.09,0.55,3.76,0.2,0.58,0.39,25.64,96.46,1.33,246.54,115.41,0.2
117,16-Aug-2020 - 00:00,17-Aug-2020 - 00:00,19.98,35.67,7.26,21.74,13.36,13.34,13.9,0.72,9.28,0.37,3.98,0.26,0.28,0.27,25.44,,1.33,245.13,97.71,0.25
118,17-Aug-2020 - 00:00,18-Aug-2020 - 00:00,16.99,36.56,9.76,21.8,15.27,13.27,12.84,0.94,7.55,0.79,4.57,0.38,0.61,0.48,25.68,,1.33,248.09,61.48,0.02
119,18-Aug-2020 - 00:00,19-Aug-2020 - 00:00,15.39,40.87,47.63,20.85,44.04,15.84,2.25,0.81,13.11,0.58,4.55,0.18,0.45,0.35,26.67,96.5,1.33,250.62,215.38,0.0
120,19-Aug-2020 - 00:00,20-Aug-2020 - 00:00,16.5,37.73,6.49,21.14,12.49,13.43,11.29,0.72,10.43,0.45,4.02,0.24,0.39,0.25,26.13,94.65,1.33,253.46,208.59,0.16
121,20-Aug-2020 - 00:00,21-Aug-2020 - 00:00,16.07,38.72,7.46,20.64,12.76,13.49,7.78,0.84,10.59,0.5,4.32,0.23,0.4,0.3,26.57,93.86,1.33,249.63,204.24,0.07
122,21-Aug-2020 - 00:00,22-Aug-2020 - 00:00,17.09,37.82,7.29,20.23,12.98,13.73,6.24,0.85,9.83,0.38,3.55,0.38,0.24,0.19,26.39,96.16,1.33,245.0,150.03,0.06
123,22-Aug-2020 - 00:00,23-Aug-2020 - 00:00,17.29,41.16,8.43,20.16,13.32,13.34,13.83,0.76,10.66,0.37,3.4,0.31,0.27,0.16,27.06,92.42,1.33,245.93,176.78,0.0
124,23-Aug-2020 - 00:00,24-Aug-2020 - 00:00,16.63,42.94,9.16,20.52,13.71,13.44,7.37,0.74,14.69,0.33,3.53,0.36,0.3,0.13,28.13,84.18,1.33,249.01,354.81,0.0
125,24-Aug-2020 - 00:00,25-Aug-2020 - 00:00,15.75,48.4,6.75,20.63,12.44,13.34,10.09,0.78,15.75,0.4,3.48,0.36,0.38,0.15,27.92,85.56,1.33,242.72,460.66,0.0
126,25-Aug-2020 - 00:00,26-Aug-2020 - 00:00,19.33,47.11,6.69,20.12,12.35,13.38,18.09,0.69,16.81,0.43,3.82,0.34,0.35,0.18,28.33,81.72,1.33,235.74,393.83,0.0
127,26-Aug-2020 - 00:00,27-Aug-2020 - 00:00,16.21,46.08,6.53,19.97,12.0,13.29,11.15,0.96,19.31,0.26,5.81,0.23,0.2,0.12,28.54,83.29,1.33,229.91,549.01,0.0
128,27-Aug-2020 - 00:00,28-Aug-2020 - 00:00,15.1,45.52,7.02,20.16,12.34,13.52,6.04,0.71,18.34,0.25,4.57,0.24,0.19,0.11,27.58,89.73,1.33,224.64,351.38,0.0
129,28-Aug-2020 - 00:00,29-Aug-2020 - 00:00,17.26,41.8,3.72,20.04,9.98,13.52,11.31,0.44,10.13,0.26,4.47,0.31,0.21,0.14,26.13,94.07,1.33,224.39,210.62,0.0
130,29-Aug-2020 - 00:00,30-Aug-2020 - 00:00,15.36,32.74,3.62,20.38,9.4,13.43,4.77,0.77,4.28,0.6,3.37,0.5,0.39,0.24,24.88,,1.33,204.76,42.81,0.39
131,30-Aug-2020 - 00:00,31-Aug-2020 - 00:00,17.0,41.06,3.71,20.06,9.89,13.51,11.89,0.75,10.24,0.44,3.48,0.38,0.41,0.15,26.93,87.08,1.33,207.18,303.98,0.01
132,31-Aug-2020 - 00:00,01-Sep-2020 - 00:00,15.6,46.25,3.66,20.0,9.9,13.52,5.6,0.86,14.56,0.35,3.84,0.37,0.28,0.12,27.78,85.92,1.33,207.25,368.24,0.0
133,01-Sep-2020 - 00:00,02-Sep-2020 - 00:00,14.38,41.02,3.83,20.08,10.08,13.53,3.32,0.66,15.78,0.44,4.89,0.26,0.4,0.18,28.06,85.7,1.33,208.44,321.23,0.0
134,02-Sep-2020 - 00:00,03-Sep-2020 - 00:00,17.6,41.43,3.78,20.02,10.0,13.51,11.06,0.65,18.97,0.26,6.69,0.19,0.15,0.1,28.74,83.63,1.33,207.78,365.27,0.0
135,03-Sep-2020 - 00:00,04-Sep-2020 - 00:00,21.8,48.56,3.66,20.13,9.95,13.51,10.34,0.87,25.81,0.62,5.44,0.39,0.32,0.24,29.45,77.63,1.33,207.06,288.84,0.76
136,04-Sep-2020 - 00:00,05-Sep-2020 - 00:00,17.9,45.54,3.89,19.9,10.0,13.52,6.93,1.01,15.95,0.58,5.97,0.44,0.25,0.23,29.85,77.99,1.33,205.46,378.91,0.0
137,05-Sep-2020 - 00:00,06-Sep-2020 - 00:00,16.55,40.86,3.68,20.19,9.97,13.54,10.85,1.06,23.4,0.59,5.55,2.14,0.27,0.24,30.31,83.76,1.33,205.96,432.78,0.0
138,06-Sep-2020 - 00:00,07-Sep-2020 - 00:00,15.89,39.4,3.71,20.03,9.95,13.51,3.67,0.39,22.07,0.82,6.34,1.19,0.41,0.38,29.12,81.79,1.33,202.33,338.22,0.29
139,07-Sep-2020 - 00:00,08-Sep-2020 - 00:00,17.33,37.9,3.67,20.04,9.92,13.5,2.4,0.43,24.36,0.61,6.34,0.76,0.38,0.29,28.35,79.85,1.33,208.63,335.92,0.13
140,08-Sep-2020 - 00:00,09-Sep-2020 - 00:00,19.35,41.95,3.8,20.05,10.04,13.51,4.13,0.63,24.85,0.7,6.36,0.62,0.36,0.34,28.96,83.68,1.33,216.4,332.9,0.0
141,09-Sep-2020 - 00:00,10-Sep-2020 - 00:00,16.99,42.24,3.76,20.17,9.97,13.49,5.0,0.61,22.54,0.73,6.69,0.62,0.34,0.35,28.78,86.57,1.33,216.46,278.88,0.0
142,10-Sep-2020 - 00:00,11-Sep-2020 - 00:00,23.46,47.19,3.97,20.05,9.54,13.47,6.09,1.67,13.6,1.28,7.16,0.95,0.58,0.66,27.73,94.73,1.33,210.66,85.11,0.0
143,11-Sep-2020 - 00:00,12-Sep-2020 - 00:00,,44.16,3.93,20.15,9.89,13.61,2.41,0.73,31.19,1.01,5.77,0.76,0.67,0.51,28.89,84.93,1.33,206.78,439.07,0.12
144,12-Sep-2020 - 00:00,13-Sep-2020 - 00:00,,50.38,3.9,19.96,10.03,13.51,12.68,0.79,16.61,0.99,6.96,0.94,0.66,0.6,29.56,84.04,1.33,199.53,470.48,0.01
145,13-Sep-2020 - 00:00,14-Sep-2020 - 00:00,,50.73,3.95,20.04,9.94,13.59,3.31,0.93,26.19,0.62,4.91,0.66,0.42,0.29,28.53,90.37,1.33,196.15,365.09,0.0
146,14-Sep-2020 - 00:00,15-Sep-2020 - 00:00,,47.96,4.28,19.91,10.1,13.56,3.01,0.88,19.99,0.51,5.91,0.4,0.32,0.25,28.32,86.18,1.33,199.83,466.93,0.02
147,15-Sep-2020 - 00:00,16-Sep-2020 - 00:00,,55.46,4.53,19.63,9.76,13.68,12.74,0.66,18.47,0.67,5.99,0.5,0.38,0.33,28.14,90.61,1.33,204.64,345.34,0.01
148,16-Sep-2020 - 00:00,17-Sep-2020 - 00:00,,55.03,3.66,20.08,9.77,13.54,10.81,0.99,15.47,0.69,6.75,0.57,0.42,0.35,28.25,91.8,1.33,203.85,254.65,0.01
149,17-Sep-2020 - 00:00,18-Sep-2020 - 00:00,,56.06,3.74,20.15,9.84,13.55,3.31,0.96,23.43,0.47,5.71,0.28,0.28,0.24,28.86,87.11,1.33,205.17,288.57,0.59
150,18-Sep-2020 - 00:00,19-Sep-2020 - 00:00,,,3.67,20.3,8.93,13.52,9.19,1.77,32.46,0.84,6.73,0.96,0.6,0.54,30.13,91.35,1.33,201.52,338.95,0.0
151,19-Sep-2020 - 00:00,20-Sep-2020 - 00:00,,56.2,3.77,20.0,10.0,13.55,5.73,0.86,30.11,1.07,7.64,1.04,0.7,0.55,28.72,85.04,1.33,201.59,360.37,0.17
152,20-Sep-2020 - 00:00,21-Sep-2020 - 00:00,,49.16,3.77,20.0,10.0,13.55,14.42,0.63,35.75,0.9,7.01,0.53,0.45,0.44,29.76,81.09,1.33,208.65,531.22,0.02
153,21-Sep-2020 - 00:00,22-Sep-2020 - 00:00,,51.29,7.97,20.17,13.69,13.78,13.33,0.84,34.62,0.84,6.76,0.56,0.36,0.35,28.12,89.53,1.33,213.15,270.46,0.56
154,22-Sep-2020 - 00:00,23-Sep-2020 - 00:00,,48.63,3.79,20.09,9.97,13.51,2.93,0.91,28.82,1.1,7.2,0.66,0.5,0.43,27.63,97.22,1.33,220.89,188.5,0.06
155,23-Sep-2020 - 00:00,24-Sep-2020 - 00:00,,49.06,3.92,20.19,10.15,13.49,12.42,0.71,31.68,0.92,5.75,0.71,0.46,0.34,27.68,89.94,1.33,226.18,251.99,0.09
156,24-Sep-2020 - 00:00,25-Sep-2020 - 00:00,,51.7,3.64,20.19,9.92,13.51,4.4,0.64,32.52,1.26,7.47,0.93,0.76,0.55,29.26,85.97,1.33,226.25,353.71,0.0
157,25-Sep-2020 - 00:00,26-Sep-2020 - 00:00,,52.62,3.82,20.13,10.03,13.53,2.17,0.5,31.19,1.04,7.25,0.79,0.57,0.46,28.4,87.83,1.33,224.58,257.75,0.49
158,26-Sep-2020 - 00:00,27-Sep-2020 - 00:00,,48.67,3.41,20.29,9.71,13.52,9.37,0.51,18.1,1.06,8.86,0.53,0.52,0.46,26.68,96.13,1.33,224.68,201.58,0.61
159,27-Sep-2020 - 00:00,28-Sep-2020 - 00:00,,54.22,3.99,19.87,10.03,13.5,3.48,0.51,24.69,0.13,1.13,0.11,0.06,0.06,28.71,82.06,1.33,227.91,561.19,0.0
160,28-Sep-2020 - 00:00,29-Sep-2020 - 00:00,,57.99,3.82,20.31,10.12,13.46,9.3,0.46,24.22,0.46,3.17,0.56,0.58,0.57,28.93,76.58,1.33,226.5,480.85,0.0
161,29-Sep-2020 - 00:00,30-Sep-2020 - 00:00,,64.04,3.6,20.31,9.98,13.55,3.78,0.48,35.45,0.8,5.93,1.01,0.96,0.99,29.64,76.98,1.33,224.33,503.55,0.0
162,30-Sep-2020 - 00:00,01-Oct-2020 - 00:00,,61.17,3.78,20.22,10.02,13.5,1.25,0.49,45.0,0.79,6.02,1.03,0.99,0.99,30.42,78.02,1.33,223.42,549.06,0.0
163,01-Oct-2020 - 00:00,02-Oct-2020 - 00:00,,64.82,3.67,19.96,9.74,13.6,9.09,0.5,41.14,0.82,6.05,1.01,1.0,1.01,30.44,83.68,1.33,224.04,422.04,0.0
164,02-Oct-2020 - 00:00,03-Oct-2020 - 00:00,,72.78,3.62,20.33,9.98,13.49,10.97,1.32,23.61,0.81,6.16,0.97,0.97,0.96,29.74,83.4,1.33,220.51,249.39,0.04
165,03-Oct-2020 - 00:00,04-Oct-2020 - 00:00,23.32,62.4,3.71,20.23,9.99,13.58,3.07,0.68,44.95,0.8,6.01,0.98,0.96,1.01,31.97,71.52,1.33,220.38,459.08,0.0
166,04-Oct-2020 - 00:00,05-Oct-2020 - 00:00,21.78,63.43,3.79,20.15,10.0,13.5,7.12,0.53,47.9,0.78,5.98,0.98,0.98,0.98,31.57,72.59,1.33,209.17,457.18,0.0
167,05-Oct-2020 - 00:00,06-Oct-2020 - 00:00,24.8,65.57,3.69,20.22,9.93,13.51,9.5,0.46,46.21,0.79,5.9,0.99,1.0,0.97,30.52,72.22,1.33,200.73,551.09,0.0
168,06-Oct-2020 - 00:00,07-Oct-2020 - 00:00,23.45,67.02,3.89,20.24,10.12,13.46,12.75,0.74,53.43,0.8,5.92,1.0,0.99,0.99,31.24,64.75,1.33,198.79,438.96,0.0
169,07-Oct-2020 - 00:00,08-Oct-2020 - 00:00,27.26,81.91,3.6,19.07,8.13,12.89,7.38,0.84,49.04,0.8,5.96,1.0,0.98,0.97,29.05,77.12,1.32,186.79,246.41,0.0
170,08-Oct-2020 - 00:00,09-Oct-2020 - 00:00,26.06,68.72,3.95,20.21,10.07,13.48,14.76,1.29,54.52,0.79,5.9,1.01,0.97,0.97,29.94,70.64,1.32,194.66,293.66,0.0
171,09-Oct-2020 - 00:00,10-Oct-2020 - 00:00,24.4,59.7,4.0,20.29,10.18,13.45,27.53,1.06,41.41,0.79,5.96,1.01,0.98,0.99,29.17,86.84,1.33,197.42,362.77,0.03
172,10-Oct-2020 - 00:00,11-Oct-2020 - 00:00,35.65,65.24,3.67,20.21,9.87,13.49,10.8,0.78,18.0,0.8,5.9,1.0,0.98,1.0,28.5,84.99,1.33,204.02,281.42,0.1
173,11-Oct-2020 - 00:00,12-Oct-2020 - 00:00,40.01,68.65,3.97,20.03,10.05,13.47,7.58,0.86,15.45,0.8,5.88,1.01,0.98,0.98,26.9,86.66,1.33,210.79,101.46,0.14
174,12-Oct-2020 - 00:00,13-Oct-2020 - 00:00,34.13,61.55,3.84,20.06,9.95,13.55,11.85,0.73,23.79,0.8,5.86,0.98,1.0,0.97,28.56,77.58,1.33,214.19,345.09,0.0
175,13-Oct-2020 - 00:00,14-Oct-2020 - 00:00,41.67,64.08,4.22,19.98,10.27,13.44,4.82,0.87,16.98,0.8,5.92,0.99,0.97,0.98,28.75,84.46,1.33,215.57,313.17,0.0
176,14-Oct-2020 - 00:00,15-Oct-2020 - 00:00,26.93,57.34,4.18,20.31,10.34,13.43,9.07,0.44,25.6,0.79,5.96,0.99,0.99,1.01,28.67,87.81,1.33,216.44,201.43,0.0
177,15-Oct-2020 - 00:00,16-Oct-2020 - 00:00,19.3,50.84,3.66,20.08,9.76,13.56,7.42,0.41,22.11,0.8,5.87,0.99,0.98,0.98,28.33,87.85,1.33,214.9,298.25,0.0
178,16-Oct-2020 - 00:00,17-Oct-2020 - 00:00,20.38,54.0,4.01,20.28,10.14,13.47,12.58,0.64,26.65,0.8,5.92,0.98,1.0,0.99,28.86,84.25,1.33,215.29,424.64,0.0
179,17-Oct-2020 - 00:00,18-Oct-2020 - 00:00,22.9,59.36,3.77,20.28,9.96,13.48,7.21,0.62,24.61,0.8,5.95,0.97,0.98,1.0,29.78,78.94,1.33,213.64,455.96,0.0
180,18-Oct-2020 - 00:00,19-Oct-2020 - 00:00,23.1,53.7,5.48,20.14,10.95,13.51,16.91,0.51,19.81,0.79,5.99,0.99,0.99,1.01,29.6,80.46,1.33,214.95,397.51,0.03
181,19-Oct-2020 - 00:00,20-Oct-2020 - 00:00,31.24,57.01,4.54,20.35,10.52,13.58,9.54,0.75,19.12,0.8,5.95,0.98,0.98,0.99,29.66,80.05,1.33,223.16,348.06,0.01
182,20-Oct-2020 - 00:00,21-Oct-2020 - 00:00,31.35,59.79,3.77,20.45,10.03,13.45,11.12,0.66,28.21,0.8,5.94,0.99,1.0,0.97,29.29,74.42,1.33,223.28,369.19,0.36
183,21-Oct-2020 - 00:00,22-Oct-2020 - 00:00,31.71,54.8,4.16,20.28,10.23,13.55,14.13,0.93,29.98,0.78,5.99,0.98,0.99,0.99,29.15,80.41,1.33,218.99,356.41,0.2
184,22-Oct-2020 - 00:00,23-Oct-2020 - 00:00,36.36,62.25,5.16,20.28,11.0,13.4,8.94,0.81,23.55,0.79,5.88,0.99,1.01,0.99,29.19,86.27,1.33,223.23,303.64,0.0
185,23-Oct-2020 - 00:00,24-Oct-2020 - 00:00,28.81,62.29,4.44,20.5,10.33,13.32,7.89,0.65,32.38,0.79,5.79,0.98,0.96,0.98,29.4,85.05,1.33,221.19,325.39,0.01
186,24-Oct-2020 - 00:00,25-Oct-2020 - 00:00,30.94,68.27,4.13,20.15,10.07,13.54,7.2,0.98,28.94,0.78,5.94,0.98,0.99,0.99,29.88,80.24,1.33,215.75,308.98,0.0
187,25-Oct-2020 - 00:00,26-Oct-2020 - 00:00,29.95,68.39,7.59,20.1,12.25,13.63,6.96,0.84,28.87,0.79,5.86,0.96,1.01,0.98,26.94,93.25,1.33,214.48,103.62,0.0
188,26-Oct-2020 - 00:00,27-Oct-2020 - 00:00,34.41,77.54,4.85,20.1,10.32,13.79,12.86,1.24,28.24,0.79,5.94,0.99,0.98,0.99,28.14,74.51,1.33,212.0,361.9,0.0
189,27-Oct-2020 - 00:00,28-Oct-2020 - 00:00,31.19,80.93,4.78,20.05,10.48,13.54,9.11,0.86,32.03,0.79,5.93,0.99,1.0,0.98,28.51,71.03,1.33,207.24,508.03,0.0
190,28-Oct-2020 - 00:00,29-Oct-2020 - 00:00,28.86,77.83,4.4,20.16,10.37,13.38,6.2,0.91,31.44,0.79,5.88,1.01,0.99,0.98,27.98,69.71,1.32,206.9,550.93,0.0
191,29-Oct-2020 - 00:00,30-Oct-2020 - 00:00,33.03,79.38,3.99,20.05,9.65,13.97,15.97,0.99,24.7,1.73,6.44,1.41,1.46,1.25,27.83,69.46,1.32,207.23,609.25,0.0
192,30-Oct-2020 - 00:00,31-Oct-2020 - 00:00,32.89,79.0,4.0,21.98,9.96,13.68,22.26,0.91,38.56,3.28,9.16,2.12,2.02,1.88,27.99,71.05,1.32,209.02,538.43,0.0
193,31-Oct-2020 - 00:00,01-Nov-2020 - 00:00,34.19,74.76,3.96,25.21,10.04,11.52,20.99,0.7,49.5,3.18,9.31,2.22,1.78,1.83,28.64,68.26,1.32,208.48,492.1,0.0
194,01-Nov-2020 - 00:00,02-Nov-2020 - 00:00,39.84,83.68,3.81,25.08,9.9,11.44,17.89,0.91,64.7,2.61,8.51,2.25,1.42,1.45,28.61,70.91,1.32,210.12,443.62,0.0
195,02-Nov-2020 - 00:00,03-Nov-2020 - 00:00,38.77,86.19,4.25,24.75,10.07,11.57,20.73,0.71,61.62,2.39,8.28,2.28,1.19,1.34,28.19,67.23,1.32,209.55,419.71,0.0
196,03-Nov-2020 - 00:00,04-Nov-2020 - 00:00,40.81,86.5,4.04,24.93,9.93,11.52,30.33,1.26,49.42,3.64,9.5,2.44,1.69,1.94,28.02,66.52,1.32,209.77,440.39,0.0
197,04-Nov-2020 - 00:00,05-Nov-2020 - 00:00,37.65,87.94,3.86,24.91,9.78,11.56,26.47,1.14,50.05,3.51,9.35,2.19,1.8,2.07,27.43,67.24,1.32,206.73,396.8,0.0
198,05-Nov-2020 - 00:00,06-Nov-2020 - 00:00,41.67,94.18,3.97,25.13,10.04,11.47,39.44,1.2,40.84,4.23,10.61,2.61,2.24,2.32,27.02,67.09,1.32,207.38,460.53,0.0
199,06-Nov-2020 - 00:00,07-Nov-2020 - 00:00,32.45,85.02,3.99,25.01,9.99,11.55,25.66,1.07,45.95,3.73,9.77,2.71,2.04,2.22,26.79,66.34,1.32,204.76,523.65,0.0
200,07-Nov-2020 - 00:00,08-Nov-2020 - 00:00,33.35,81.0,3.96,25.15,10.08,11.53,16.91,0.75,51.61,3.47,9.22,3.4,1.67,2.01,26.8,62.51,1.32,200.59,586.64,0.0
201,08-Nov-2020 - 00:00,09-Nov-2020 - 00:00,43.24,77.35,4.01,25.03,9.99,11.51,20.27,0.83,58.76,3.0,8.39,2.75,1.44,1.74,26.02,60.2,1.32,200.33,538.85,0.0
202,09-Nov-2020 - 00:00,10-Nov-2020 - 00:00,41.88,88.72,3.89,25.28,10.1,11.47,30.68,1.1,51.34,3.75,9.25,2.8,2.15,2.21,25.29,63.95,1.33,197.92,530.33,0.0
203,10-Nov-2020 - 00:00,11-Nov-2020 - 00:00,43.37,75.8,3.94,25.07,10.05,11.47,30.23,1.06,49.47,3.8,9.61,2.88,2.33,2.25,24.43,63.84,1.32,197.86,514.38,0.0
204,11-Nov-2020 - 00:00,12-Nov-2020 - 00:00,40.62,73.28,3.74,25.14,9.88,11.56,26.97,1.17,48.85,3.83,9.2,3.07,2.31,2.24,24.25,60.87,1.32,199.2,536.86,0.0
205,12-Nov-2020 - 00:00,13-Nov-2020 - 00:00,43.24,112.73,3.98,25.07,10.04,11.51,25.32,1.07,39.11,3.36,8.08,2.66,2.1,1.93,25.54,67.14,1.33,200.94,571.26,0.0
206,13-Nov-2020 - 00:00,14-Nov-2020 - 00:00,48.26,149.35,3.75,25.09,9.85,11.51,23.62,1.17,29.04,4.33,9.44,2.65,2.05,2.17,28.07,79.6,1.33,205.84,385.16,0.0
207,14-Nov-2020 - 00:00,15-Nov-2020 - 00:00,69.69,165.2,3.84,25.04,10.06,11.54,22.52,0.98,23.76,4.29,9.66,2.54,1.9,2.38,28.47,79.36,1.32,206.44,369.35,0.0
208,15-Nov-2020 - 00:00,16-Nov-2020 - 00:00,78.88,137.99,10.06,24.79,12.17,12.74,30.96,0.7,38.93,3.36,7.73,2.15,1.49,1.71,28.45,75.41,1.32,208.05,535.42,0.0
209,16-Nov-2020 - 00:00,17-Nov-2020 - 00:00,80.86,107.14,4.5,25.24,10.07,11.43,23.5,0.94,34.12,2.82,7.8,2.17,1.36,1.65,27.46,78.73,1.33,204.75,538.22,0.0
210,17-Nov-2020 - 00:00,18-Nov-2020 - 00:00,75.71,184.81,3.95,25.65,9.98,11.4,17.17,0.79,27.23,3.02,8.46,2.18,1.44,1.72,27.9,79.2,1.32,200.72,517.23,0.0
211,18-Nov-2020 - 00:00,19-Nov-2020 - 00:00,61.3,101.25,4.7,25.2,10.39,11.41,17.71,0.83,32.74,2.81,7.51,2.29,1.32,1.65,27.81,78.06,1.32,200.91,414.79,0.0
212,19-Nov-2020 - 00:00,20-Nov-2020 - 00:00,46.85,64.69,4.47,24.94,9.08,11.42,16.92,1.26,28.75,1.9,4.88,1.55,1.02,1.1,31.26,74.88,1.33,202.8,538.18,0.0
213,20-Nov-2020 - 00:00,21-Nov-2020 - 00:00,50.39,69.91,4.61,25.32,10.26,11.42,14.91,0.69,48.2,2.48,6.12,2.44,1.26,1.15,28.63,78.17,1.33,203.09,336.45,0.0
214,21-Nov-2020 - 00:00,22-Nov-2020 - 00:00,52.07,74.97,4.62,25.21,10.01,11.44,14.97,0.54,69.61,1.9,6.15,1.96,1.11,0.89,28.47,77.83,1.33,202.07,572.49,0.0
215,22-Nov-2020 - 00:00,23-Nov-2020 - 00:00,61.87,84.23,4.35,24.76,6.21,11.37,14.96,0.54,64.42,1.46,3.85,1.35,0.65,0.72,26.7,78.81,1.32,201.66,476.5,0.0
216,23-Nov-2020 - 00:00,24-Nov-2020 - 00:00,81.31,116.74,6.54,25.04,3.91,11.43,15.0,0.84,29.52,1.56,3.38,1.3,0.87,0.87,26.39,81.84,1.32,203.89,406.16,0.0
217,24-Nov-2020 - 00:00,25-Nov-2020 - 00:00,58.65,92.57,4.96,25.16,10.16,11.42,15.09,0.83,42.94,3.73,8.49,3.69,1.82,1.92,25.78,72.53,1.32,202.59,419.33,0.0
218,25-Nov-2020 - 00:00,26-Nov-2020 - 00:00,41.71,85.56,4.84,25.48,10.08,11.47,14.98,0.92,51.7,2.62,6.97,3.73,1.23,1.32,25.16,67.56,1.32,198.52,530.8,0.0
219,26-Nov-2020 - 00:00,27-Nov-2020 - 00:00,40.87,73.15,5.92,24.99,10.94,11.62,15.18,0.69,71.72,2.29,6.96,4.85,1.12,1.3,25.46,63.84,1.32,192.09,528.5,0.0
220,27-Nov-2020 - 00:00,28-Nov-2020 - 00:00,32.91,69.02,5.51,25.53,10.82,11.32,15.04,0.42,72.84,1.95,5.86,3.15,0.83,0.96,25.55,70.5,1.32,192.09,598.96,0.0
221,28-Nov-2020 - 00:00,29-Nov-2020 - 00:00,33.98,78.52,4.72,25.19,10.07,11.5,14.85,0.39,60.26,1.38,5.22,2.57,0.66,0.69,25.38,74.24,1.32,191.78,384.77,0.0
222,29-Nov-2020 - 00:00,30-Nov-2020 - 00:00,37.71,76.39,4.97,25.28,10.26,11.38,15.05,0.71,50.15,2.16,5.97,2.16,0.9,1.02,27.06,76.76,1.32,197.1,505.1,0.0
223,30-Nov-2020 - 00:00,01-Dec-2020 - 00:00,43.14,76.35,4.86,27.26,10.36,12.84,14.99,0.79,31.59,4.1,7.76,6.12,2.7,2.9,27.32,81.01,1.32,202.03,458.33,0.0
224,01-Dec-2020 - 00:00,02-Dec-2020 - 00:00,45.95,88.85,4.13,30.07,9.95,13.52,15.19,0.71,46.92,2.59,4.62,5.12,1.28,1.38,27.39,77.81,1.32,202.31,473.91,0.0
225,02-Dec-2020 - 00:00,03-Dec-2020 - 00:00,42.42,85.23,4.09,30.49,8.22,13.5,14.98,0.56,58.38,2.69,3.85,1.93,1.02,1.39,26.64,70.61,1.32,198.76,545.24,0.0
226,03-Dec-2020 - 00:00,04-Dec-2020 - 00:00,44.48,103.39,4.72,29.88,4.98,13.59,14.79,0.61,50.7,2.39,3.76,1.27,1.17,1.46,25.51,66.51,1.32,193.2,520.92,0.0
227,04-Dec-2020 - 00:00,05-Dec-2020 - 00:00,46.15,97.67,4.51,30.69,10.22,13.4,15.09,1.01,36.5,4.13,6.45,2.68,1.88,2.39,24.38,66.07,1.32,191.86,513.33,0.0
228,05-Dec-2020 - 00:00,06-Dec-2020 - 00:00,44.37,96.69,4.46,30.72,10.23,13.36,15.1,1.02,31.45,4.64,7.03,2.93,2.01,2.65,24.13,63.13,1.32,188.21,546.39,0.0
229,06-Dec-2020 - 00:00,07-Dec-2020 - 00:00,44.59,92.73,4.49,30.21,10.02,13.53,15.1,0.96,40.54,4.82,6.28,3.2,1.96,2.49,23.96,60.53,1.32,187.2,587.04,0.0
230,07-Dec-2020 - 00:00,08-Dec-2020 - 00:00,47.29,96.65,4.69,30.32,10.3,13.36,15.05,0.88,41.65,4.15,6.57,2.46,1.85,2.33,24.47,59.58,1.32,186.88,561.62,0.0
231,08-Dec-2020 - 00:00,09-Dec-2020 - 00:00,42.04,92.15,4.25,30.21,9.96,13.45,14.9,0.69,32.11,3.44,5.68,2.25,1.59,2.0,25.17,59.35,1.32,188.07,542.81,0.0
232,09-Dec-2020 - 00:00,10-Dec-2020 - 00:00,39.96,88.81,4.24,30.27,10.01,13.49,15.01,0.87,41.32,4.05,6.01,2.4,1.79,2.27,25.68,59.26,1.32,187.74,432.89,0.0
233,10-Dec-2020 - 00:00,11-Dec-2020 - 00:00,43.05,88.75,4.13,30.47,9.98,13.41,15.0,0.51,48.65,3.33,4.18,2.4,1.37,1.65,27.19,57.29,1.32,190.78,394.11,0.0
234,11-Dec-2020 - 00:00,12-Dec-2020 - 00:00,39.16,84.5,4.78,29.93,8.37,13.39,15.02,0.46,66.91,1.68,2.52,2.48,0.73,0.74,26.52,65.06,1.32,191.79,305.18,0.0
235,12-Dec-2020 - 00:00,13-Dec-2020 - 00:00,55.97,87.93,10.69,33.02,0.18,13.33,14.95,0.01,38.79,0.02,0.03,0.06,,,25.35,75.71,1.32,197.35,210.75,0.0
236,13-Dec-2020 - 00:00,14-Dec-2020 - 00:00,,,,,0.0,,15.07,0.0,,0.0,0.0,,,,24.18,84.28,1.32,197.31,134.45,0.0
237,14-Dec-2020 - 00:00,15-Dec-2020 - 00:00,62.48,99.62,3.77,30.0,5.21,13.55,15.14,0.67,39.5,2.09,3.4,2.19,0.99,1.22,24.65,88.0,1.31,199.4,143.8,0.0
238,15-Dec-2020 - 00:00,16-Dec-2020 - 00:00,63.94,103.62,14.17,31.66,20.95,23.62,15.06,1.06,27.37,4.44,7.08,5.84,1.99,2.55,25.61,74.75,1.32,196.89,323.74,0.0
239,16-Dec-2020 - 00:00,17-Dec-2020 - 00:00,46.76,93.61,5.15,30.1,10.09,13.38,14.96,0.83,38.72,4.21,6.03,2.53,1.82,2.1,25.91,75.94,1.32,195.96,389.22,0.0
240,17-Dec-2020 - 00:00,18-Dec-2020 - 00:00,57.63,92.94,5.36,30.04,10.67,13.31,14.94,0.83,42.54,3.42,4.94,2.35,1.95,1.67,24.87,79.22,1.32,191.17,449.56,0.0
241,18-Dec-2020 - 00:00,19-Dec-2020 - 00:00,67.08,101.21,3.8,29.96,9.78,13.53,15.02,1.01,37.13,3.6,5.76,2.63,1.76,1.94,24.63,73.85,1.32,187.5,380.11,0.0
242,19-Dec-2020 - 00:00,20-Dec-2020 - 00:00,55.88,94.37,3.77,30.0,10.0,13.55,14.87,0.63,44.68,2.5,4.47,2.3,1.07,1.27,24.27,74.76,1.32,187.74,519.69,0.0
243,20-Dec-2020 - 00:00,21-Dec-2020 - 00:00,45.59,90.67,3.77,30.0,10.0,13.55,14.96,0.66,46.88,2.34,3.98,1.78,0.95,1.23,23.45,67.21,1.32,189.41,524.37,0.0
244,21-Dec-2020 - 00:00,22-Dec-2020 - 00:00,42.31,91.43,4.5,29.96,10.45,13.66,15.03,0.9,35.42,3.56,5.98,2.36,1.98,1.97,22.07,56.8,1.32,182.29,589.27,0.0
245,22-Dec-2020 - 00:00,23-Dec-2020 - 00:00,50.58,104.37,5.87,66.05,10.3,12.99,15.0,1.02,33.15,5.23,9.11,3.25,3.83,2.93,21.43,60.07,1.32,173.9,432.82,0.0
246,23-Dec-2020 - 00:00,24-Dec-2020 - 00:00,48.47,99.09,3.77,30.0,10.0,13.55,15.09,1.04,43.88,4.41,6.42,2.74,2.74,2.45,22.18,58.05,1.32,170.44,468.79,0.0
247,24-Dec-2020 - 00:00,25-Dec-2020 - 00:00,52.18,102.73,4.0,27.73,10.16,12.53,14.99,0.85,49.27,3.65,5.88,2.51,1.95,2.11,23.14,59.35,1.32,171.99,409.01,0.0
248,25-Dec-2020 - 00:00,26-Dec-2020 - 00:00,48.69,95.54,4.0,27.48,9.92,12.55,14.95,0.83,58.76,3.07,4.72,2.08,1.3,1.74,23.77,64.47,1.32,175.68,416.76,0.0
249,26-Dec-2020 - 00:00,27-Dec-2020 - 00:00,60.55,110.25,3.99,27.28,9.84,12.49,14.94,1.09,57.37,4.08,6.42,2.76,2.07,2.41,24.11,66.38,1.32,174.67,397.88,0.0
250,27-Dec-2020 - 00:00,28-Dec-2020 - 00:00,61.56,110.24,3.96,27.63,9.82,12.47,14.85,1.31,45.05,6.65,9.15,3.64,4.25,3.62,24.72,70.63,1.32,178.02,343.87,0.0
251,28-Dec-2020 - 00:00,29-Dec-2020 - 00:00,58.82,105.19,4.01,27.63,9.84,12.63,15.04,0.94,51.37,3.84,5.61,2.52,2.23,2.11,24.28,72.22,1.32,181.96,352.11,0.0
252,29-Dec-2020 - 00:00,30-Dec-2020 - 00:00,52.15,112.74,3.97,27.37,9.96,12.52,14.85,0.96,46.76,3.45,5.56,2.95,1.69,1.92,23.33,71.51,1.32,179.81,354.98,0.0
253,30-Dec-2020 - 00:00,31-Dec-2020 - 00:00,61.48,106.26,3.96,27.53,9.76,12.42,14.83,0.98,40.29,3.74,5.83,4.11,1.98,2.15,24.08,76.7,1.33,185.99,326.03,0.0
254,31-Dec-2020 - 00:00,01-Jan-2021 - 00:00,61.88,99.63,3.94,27.57,9.93,12.58,14.76,0.67,70.91,2.18,3.77,1.85,0.96,1.16,24.45,76.57,1.32,193.2,345.66,0.0
255,01-Jan-2021 - 00:00,02-Jan-2021 - 00:00,54.68,94.95,3.97,27.45,10.07,12.42,15.0,0.62,71.37,1.92,2.62,1.54,0.77,0.92,25.35,77.89,1.32,193.08,318.88,0.0
256,02-Jan-2021 - 00:00,03-Jan-2021 - 00:00,62.29,102.3,4.0,27.53,9.91,12.57,15.06,0.79,62.01,2.9,3.2,2.51,1.0,1.31,25.48,77.75,1.32,193.09,291.43,0.0
257,03-Jan-2021 - 00:00,04-Jan-2021 - 00:00,57.4,96.01,4.04,27.5,9.88,12.47,15.21,0.64,66.98,2.12,3.05,2.22,0.83,1.0,25.44,73.22,1.3,165.77,341.34,0.0
258,04-Jan-2021 - 00:00,05-Jan-2021 - 00:00,54.63,93.55,4.03,27.56,9.93,12.23,15.18,0.65,59.51,2.19,3.29,1.85,0.82,1.07,24.08,78.0,1.29,116.06,239.43,0.01
259,05-Jan-2021 - 00:00,06-Jan-2021 - 00:00,39.52,75.81,4.02,27.74,9.56,12.62,14.99,0.61,44.59,1.87,3.44,1.48,0.74,0.94,24.08,82.6,1.31,166.45,155.22,0.0
260,06-Jan-2021 - 00:00,07-Jan-2021 - 00:00,46.6,86.82,4.03,27.91,9.97,12.45,15.05,0.69,42.6,2.33,3.62,2.02,0.98,1.27,27.2,76.42,1.32,179.35,327.79,0.04
261,07-Jan-2021 - 00:00,08-Jan-2021 - 00:00,39.03,71.12,3.95,27.69,10.09,12.35,14.72,0.62,31.3,1.73,2.68,1.59,0.64,0.79,26.66,81.23,1.32,184.61,290.52,0.0
262,08-Jan-2021 - 00:00,09-Jan-2021 - 00:00,38.7,73.9,4.07,27.63,9.95,12.48,15.13,0.62,28.77,3.05,3.51,1.57,1.05,1.58,25.77,90.67,1.32,186.17,171.32,0.04
263,09-Jan-2021 - 00:00,10-Jan-2021 - 00:00,48.57,83.69,3.98,27.68,9.98,12.43,14.85,0.54,36.12,2.17,3.18,2.08,0.91,1.24,27.87,82.35,1.32,193.41,347.99,0.0
264,10-Jan-2021 - 00:00,11-Jan-2021 - 00:00,22.79,73.77,4.02,27.31,9.94,12.53,15.26,0.74,37.31,3.05,4.12,1.95,1.36,1.68,27.31,73.9,1.33,187.44,297.25,0.0
265,11-Jan-2021 - 00:00,12-Jan-2021 - 00:00,23.77,83.93,4.0,27.35,9.82,12.59,14.96,0.92,27.67,4.48,6.39,2.5,1.95,2.7,27.49,69.49,1.32,181.36,486.28,0.0
266,12-Jan-2021 - 00:00,13-Jan-2021 - 00:00,46.28,90.97,4.06,27.32,10.02,12.35,15.07,0.87,39.6,3.68,6.89,2.53,2.42,2.23,27.26,68.89,1.33,176.86,349.36,0.0
267,13-Jan-2021 - 00:00,14-Jan-2021 - 00:00,48.61,87.81,4.0,27.45,9.88,12.39,14.87,0.7,34.78,3.14,5.54,2.25,2.01,1.8,26.52,66.62,1.32,174.79,497.14,0.0
268,14-Jan-2021 - 00:00,15-Jan-2021 - 00:00,37.37,86.91,3.99,27.29,9.8,12.47,14.99,0.89,33.7,5.73,6.44,2.12,3.34,3.07,26.56,65.5,1.32,171.77,421.29,0.0
269,15-Jan-2021 - 00:00,16-Jan-2021 - 00:00,39.52,92.96,4.03,27.53,9.87,12.48,15.21,0.7,42.16,3.69,4.74,1.88,1.58,1.81,26.82,68.01,1.32,173.24,413.12,0.0
270,16-Jan-2021 - 00:00,17-Jan-2021 - 00:00,46.11,84.14,3.98,27.56,10.03,12.63,15.02,0.62,51.2,2.84,3.86,1.64,1.27,1.36,27.08,72.12,1.32,173.95,361.19,0.0
271,17-Jan-2021 - 00:00,18-Jan-2021 - 00:00,44.22,89.33,4.0,27.63,9.9,12.5,14.98,0.42,64.56,2.22,2.67,1.22,0.82,1.0,27.73,70.96,1.32,167.86,351.99,0.0
272,18-Jan-2021 - 00:00,19-Jan-2021 - 00:00,37.62,93.2,4.04,27.78,9.62,12.63,15.09,0.39,60.94,2.14,1.91,0.8,0.96,0.99,28.11,66.67,1.33,170.13,335.03,0.0
273,19-Jan-2021 - 00:00,20-Jan-2021 - 00:00,51.76,97.25,4.0,27.5,10.02,12.43,14.98,0.95,43.99,5.81,6.82,2.42,2.88,3.08,27.57,71.96,1.33,167.58,337.46,0.0
274,20-Jan-2021 - 00:00,21-Jan-2021 - 00:00,47.07,105.23,3.95,27.6,9.93,12.45,14.84,0.75,44.67,4.29,6.84,2.38,1.95,2.19,26.99,67.3,1.32,166.92,503.84,0.0
275,21-Jan-2021 - 00:00,22-Jan-2021 - 00:00,52.15,93.26,3.98,27.46,9.97,12.43,14.8,1.03,51.77,3.96,5.87,2.41,2.45,2.15,26.01,64.29,1.32,164.17,417.25,0.0
276,22-Jan-2021 - 00:00,23-Jan-2021 - 00:00,51.71,99.8,3.96,27.68,9.88,12.69,15.1,1.02,50.28,4.58,8.08,2.73,2.17,2.52,26.3,66.07,1.32,165.39,465.55,0.0
277,23-Jan-2021 - 00:00,24-Jan-2021 - 00:00,65.22,110.38,3.98,27.42,9.82,12.55,15.09,1.43,40.98,6.35,11.75,3.72,3.04,3.48,26.43,70.17,1.32,167.42,490.9,0.0
278,24-Jan-2021 - 00:00,25-Jan-2021 - 00:00,57.73,105.29,11.34,29.51,13.08,10.49,14.95,0.9,59.62,4.18,7.55,3.17,2.68,2.34,27.95,61.35,1.33,168.19,513.71,0.0
279,25-Jan-2021 - 00:00,26-Jan-2021 - 00:00,46.92,94.24,13.2,29.66,14.92,9.97,14.99,1.1,51.53,3.86,6.84,2.8,2.09,2.18,25.3,66.78,1.33,166.41,437.35,0.0
280,26-Jan-2021 - 00:00,27-Jan-2021 - 00:00,46.74,88.34,10.08,30.39,15.22,9.81,14.98,0.87,66.02,2.93,4.75,2.45,1.27,1.57,25.74,65.11,1.33,165.95,416.85,0.0
281,27-Jan-2021 - 00:00,28-Jan-2021 - 00:00,48.12,93.33,10.33,30.02,15.03,9.95,14.9,0.77,68.3,2.31,4.11,2.51,1.33,1.25,25.61,63.55,1.33,164.99,405.38,0.0
282,28-Jan-2021 - 00:00,29-Jan-2021 - 00:00,60.26,108.76,12.26,29.32,15.48,9.96,14.81,1.16,51.12,3.77,7.01,3.08,2.43,2.13,25.27,69.01,1.33,168.6,357.42,0.0
283,29-Jan-2021 - 00:00,30-Jan-2021 - 00:00,43.22,84.51,19.0,27.77,8.56,10.2,15.06,0.34,89.85,0.81,1.43,1.24,0.46,0.41,25.25,63.07,1.33,169.69,406.46,0.0
284,30-Jan-2021 - 00:00,31-Jan-2021 - 00:00,41.86,89.23,16.16,26.55,6.94,27.69,14.87,0.33,73.87,0.98,1.51,1.02,0.65,0.49,24.77,51.12,1.32,158.8,415.51,0.0
285,31-Jan-2021 - 00:00,01-Feb-2021 - 00:00,46.37,89.38,,,0.0,,15.11,0.4,48.56,1.17,2.71,1.82,0.62,0.59,25.01,59.18,1.32,160.22,329.51,0.0
286,01-Feb-2021 - 00:00,02-Feb-2021 - 00:00,41.99,84.71,,,,,15.09,0.22,77.16,2.22,3.46,1.27,0.97,1.26,25.78,55.37,1.32,159.59,399.35,0.0
287,02-Feb-2021 - 00:00,03-Feb-2021 - 00:00,,,47.93,24.66,38.46,25.17,14.94,0.74,44.28,4.26,7.4,2.8,1.88,2.48,25.46,50.04,1.32,159.45,395.32,0.0
288,03-Feb-2021 - 00:00,04-Feb-2021 - 00:00,,,104.85,24.69,96.69,32.5,14.79,1.19,35.82,3.64,6.06,2.4,1.84,2.11,24.92,50.01,1.32,155.08,387.11,0.0
289,04-Feb-2021 - 00:00,05-Feb-2021 - 00:00,,,21.0,29.59,20.06,13.45,15.25,1.06,35.47,4.0,5.96,2.65,2.05,2.28,24.69,48.07,1.33,151.86,349.42,0.0
290,05-Feb-2021 - 00:00,06-Feb-2021 - 00:00,,,12.02,29.65,14.88,10.46,15.05,0.9,44.68,4.32,6.71,2.96,1.99,2.44,24.65,54.81,1.33,148.56,365.62,0.0
291,06-Feb-2021 - 00:00,07-Feb-2021 - 00:00,,,27.03,29.85,19.72,14.84,14.73,0.47,68.6,1.91,2.48,1.31,0.71,0.86,23.99,56.82,1.33,147.67,475.27,0.0
292,07-Feb-2021 - 00:00,08-Feb-2021 - 00:00,,,19.63,28.66,20.94,11.47,14.67,0.46,68.89,1.88,3.34,1.43,0.85,0.99,24.05,48.63,1.33,148.3,422.08,0.0
293,08-Feb-2021 - 00:00,09-Feb-2021 - 00:00,,,14.46,,18.65,14.82,15.87,0.99,45.99,4.5,6.67,2.55,1.81,2.47,23.6,48.3,1.33,151.64,485.46,0.0
294,09-Feb-2021 - 00:00,10-Feb-2021 - 00:00,,,10.0,35.28,13.56,22.47,14.79,1.19,46.37,5.12,7.95,3.08,2.53,2.97,24.26,49.3,1.33,149.84,470.67,0.0
295,10-Feb-2021 - 00:00,11-Feb-2021 - 00:00,48.35,105.2,13.63,29.52,17.13,10.21,15.13,1.11,43.17,5.58,9.62,3.3,3.29,3.25,24.66,49.68,1.33,146.13,439.89,0.0
296,11-Feb-2021 - 00:00,12-Feb-2021 - 00:00,53.09,118.71,11.73,29.71,16.0,10.08,15.21,1.2,41.91,6.6,10.23,3.82,3.37,3.69,25.43,50.02,1.33,144.49,399.46,0.0
297,12-Feb-2021 - 00:00,13-Feb-2021 - 00:00,49.57,99.87,10.44,29.85,15.18,9.94,14.94,1.12,41.49,5.81,8.98,3.17,2.65,3.32,26.16,51.72,1.33,143.53,331.16,0.0
298,13-Feb-2021 - 00:00,14-Feb-2021 - 00:00,50.16,101.38,9.74,29.96,14.78,9.98,15.07,1.11,37.85,6.58,9.33,3.32,4.95,3.67,26.41,57.96,1.33,145.04,372.46,0.0
299,14-Feb-2021 - 00:00,15-Feb-2021 - 00:00,45.14,90.36,9.55,29.82,8.58,10.0,14.96,0.74,51.21,3.78,5.62,1.81,2.18,2.24,27.09,57.37,1.33,145.42,378.12,0.0
300,15-Feb-2021 - 00:00,16-Feb-2021 - 00:00,51.51,104.47,10.34,29.86,14.95,9.86,14.96,1.2,43.57,5.58,9.22,3.06,3.28,3.04,26.8,59.25,1.33,143.66,292.32,0.0
301,16-Feb-2021 - 00:00,17-Feb-2021 - 00:00,42.87,95.01,10.1,30.02,9.41,9.82,14.95,0.45,78.46,2.48,3.83,1.32,1.54,1.32,27.45,57.36,1.33,149.89,315.82,0.0
302,17-Feb-2021 - 00:00,18-Feb-2021 - 00:00,35.02,77.29,9.99,30.15,14.81,9.99,14.96,0.57,75.91,2.72,4.11,1.43,1.24,1.21,27.35,58.31,1.33,149.29,348.25,0.0
303,18-Feb-2021 - 00:00,19-Feb-2021 - 00:00,32.8,81.62,9.91,30.06,14.92,9.94,14.97,0.45,72.57,2.11,2.61,1.21,0.76,0.91,26.44,63.12,1.33,158.82,382.6,0.0
304,19-Feb-2021 - 00:00,20-Feb-2021 - 00:00,24.05,57.45,10.36,30.13,15.32,9.93,14.85,0.53,48.82,2.39,3.06,1.85,0.94,1.13,23.5,75.49,1.33,160.06,397.26,0.0
305,20-Feb-2021 - 00:00,21-Feb-2021 - 00:00,32.77,73.72,10.29,30.44,15.39,9.84,14.82,0.7,36.74,3.15,4.32,2.14,1.3,1.67,24.32,67.7,1.33,163.32,449.92,0.0
306,21-Feb-2021 - 00:00,22-Feb-2021 - 00:00,42.59,77.37,10.57,29.74,15.29,9.87,14.92,0.69,48.74,2.91,4.65,1.69,1.17,1.54,26.09,60.7,1.33,162.34,461.43,0.0
307,22-Feb-2021 - 00:00,23-Feb-2021 - 00:00,43.03,89.22,9.47,30.02,10.05,9.99,15.05,0.53,39.33,4.26,6.31,1.84,2.53,2.36,27.33,60.98,1.33,164.29,414.39,0.0
308,23-Feb-2021 - 00:00,24-Feb-2021 - 00:00,45.73,90.47,10.54,30.03,14.72,10.0,14.89,0.88,51.15,4.73,7.39,2.86,2.59,2.73,27.94,54.91,1.33,162.3,436.83,0.0
309,24-Feb-2021 - 00:00,25-Feb-2021 - 00:00,44.36,92.33,10.48,30.03,15.14,9.93,15.19,1.0,47.24,4.94,8.35,2.85,2.73,2.94,28.49,51.04,1.33,163.6,414.47,0.0
310,25-Feb-2021 - 00:00,26-Feb-2021 - 00:00,44.88,94.46,9.73,30.33,14.91,9.94,14.93,0.85,53.12,5.7,8.69,2.84,2.73,3.0,29.43,49.78,1.33,156.71,360.27,0.0
311,26-Feb-2021 - 00:00,27-Feb-2021 - 00:00,38.74,83.61,10.07,30.27,15.17,9.84,14.9,0.6,44.86,4.0,7.31,2.36,2.58,2.03,29.32,51.8,1.33,157.44,477.6,0.0
312,27-Feb-2021 - 00:00,28-Feb-2021 - 00:00,38.12,79.09,10.18,32.23,18.87,12.09,15.03,0.88,25.61,4.72,7.4,2.59,2.77,2.61,29.77,46.73,1.33,158.01,613.91,0.0
313,28-Feb-2021 - 00:00,01-Mar-2021 - 00:00,39.11,89.38,10.11,35.4,22.54,14.93,14.88,0.82,33.36,4.1,6.19,2.61,2.17,2.24,29.6,49.5,1.33,153.66,332.74,0.0
314,01-Mar-2021 - 00:00,02-Mar-2021 - 00:00,42.1,93.98,10.05,35.12,23.94,14.92,15.04,0.9,38.22,6.29,9.13,2.79,2.98,3.39,30.84,48.66,1.33,154.02,265.9,0.0
315,02-Mar-2021 - 00:00,03-Mar-2021 - 00:00,38.04,91.94,10.3,35.17,25.06,15.01,14.94,0.96,41.75,4.77,8.61,2.48,2.37,2.61,30.3,41.94,1.33,146.5,400.49,0.0
316,03-Mar-2021 - 00:00,04-Mar-2021 - 00:00,48.62,101.97,10.12,35.36,25.27,14.84,15.01,1.1,40.21,5.6,8.32,3.08,3.29,2.97,29.8,41.48,1.33,140.7,407.56,0.0
317,04-Mar-2021 - 00:00,05-Mar-2021 - 00:00,41.49,95.54,9.5,35.31,24.65,15.0,15.03,0.98,42.4,5.05,7.01,2.81,2.54,2.97,29.74,37.35,1.33,148.44,400.71,0.0
318,05-Mar-2021 - 00:00,06-Mar-2021 - 00:00,47.81,98.37,10.25,35.08,24.9,15.04,15.02,1.16,40.01,,,,,,29.04,41.02,1.33,146.03,441.49,0.0
319,06-Mar-2021 - 00:00,07-Mar-2021 - 00:00,45.66,105.59,10.99,34.98,25.17,14.91,15.03,1.27,35.02,3.68,8.57,4.61,3.61,1.52,30.04,40.99,1.33,138.82,527.71,0.0
320,07-Mar-2021 - 00:00,08-Mar-2021 - 00:00,63.23,109.85,10.17,34.78,24.8,14.98,15.16,1.33,48.9,3.82,8.64,4.77,3.68,1.57,30.18,42.93,1.33,140.82,391.44,0.0
321,08-Mar-2021 - 00:00,09-Mar-2021 - 00:00,47.93,97.88,10.59,34.8,25.15,14.96,15.18,1.07,46.13,3.75,8.74,4.77,3.75,1.59,29.95,44.12,1.33,139.97,350.11,0.0
322,09-Mar-2021 - 00:00,10-Mar-2021 - 00:00,50.48,107.94,10.16,35.41,25.22,14.73,15.17,1.18,37.39,3.73,8.81,4.86,3.78,1.58,30.28,42.95,1.33,142.46,347.8,0.0
323,10-Mar-2021 - 00:00,11-Mar-2021 - 00:00,42.42,93.84,9.9,35.12,24.94,14.91,14.98,0.8,59.63,3.77,8.68,4.77,3.74,1.59,31.34,41.12,1.33,137.52,314.44,0.0
324,11-Mar-2021 - 00:00,12-Mar-2021 - 00:00,49.26,105.79,10.26,35.29,25.29,14.79,15.13,1.18,44.99,3.71,8.68,4.76,3.76,1.59,30.74,43.85,1.33,127.44,306.58,0.0
325,12-Mar-2021 - 00:00,13-Mar-2021 - 00:00,56.11,112.13,10.45,34.76,25.11,14.99,14.92,1.08,51.66,3.77,8.69,4.74,3.8,1.59,31.09,46.05,1.33,127.86,414.01,0.0
326,13-Mar-2021 - 00:00,14-Mar-2021 - 00:00,32.68,79.91,10.25,35.33,25.24,14.88,14.99,0.58,58.31,3.72,8.69,4.8,3.76,1.58,30.25,49.63,1.33,130.36,452.85,0.0
327,14-Mar-2021 - 00:00,15-Mar-2021 - 00:00,45.77,90.66,10.12,35.35,25.23,14.79,15.07,0.97,42.84,3.7,8.67,4.75,3.79,1.58,30.3,48.26,1.33,139.49,401.43,0.0
328,15-Mar-2021 - 00:00,16-Mar-2021 - 00:00,46.01,98.42,10.1,35.44,25.24,14.84,15.03,1.07,40.35,3.76,8.63,4.73,3.76,1.56,30.46,44.86,1.33,143.81,383.18,0.0
329,16-Mar-2021 - 00:00,17-Mar-2021 - 00:00,46.75,101.35,9.64,35.11,24.48,14.86,14.99,0.98,56.0,3.71,8.67,4.76,3.79,1.58,31.36,40.99,1.33,145.59,403.15,0.0
330,17-Mar-2021 - 00:00,18-Mar-2021 - 00:00,51.97,106.71,10.12,35.07,24.72,14.87,14.92,1.13,45.67,3.69,8.72,4.68,3.7,1.58,31.57,42.05,1.33,151.4,372.22,0.0
331,18-Mar-2021 - 00:00,19-Mar-2021 - 00:00,56.8,111.03,10.25,34.92,24.98,15.0,15.11,1.03,54.06,3.79,8.68,4.76,3.75,1.58,31.87,43.2,1.33,152.29,358.62,0.0
332,19-Mar-2021 - 00:00,20-Mar-2021 - 00:00,40.15,89.38,10.76,34.85,25.34,14.88,15.05,0.65,66.97,3.78,8.68,4.73,3.75,1.57,31.35,48.36,1.33,152.1,353.04,0.0
333,20-Mar-2021 - 00:00,21-Mar-2021 - 00:00,39.63,86.84,10.11,35.0,24.99,14.93,14.98,0.66,63.78,3.78,8.8,4.72,3.69,1.58,29.44,59.67,1.33,157.18,368.84,0.0
334,21-Mar-2021 - 00:00,22-Mar-2021 - 00:00,31.61,63.43,10.37,35.11,24.78,14.88,14.81,0.4,60.65,3.69,8.73,4.65,3.71,1.57,28.88,61.46,1.33,162.79,409.94,0.0
335,22-Mar-2021 - 00:00,23-Mar-2021 - 00:00,34.27,71.95,10.24,34.98,24.91,14.98,14.95,0.57,54.1,3.69,8.79,4.74,3.74,1.58,29.31,62.27,1.33,161.52,306.85,0.0
336,23-Mar-2021 - 00:00,24-Mar-2021 - 00:00,30.92,69.55,10.04,35.04,24.91,14.98,15.03,0.64,57.72,3.73,8.65,4.77,3.73,1.56,28.84,63.59,1.33,160.82,318.98,0.0
337,24-Mar-2021 - 00:00,25-Mar-2021 - 00:00,52.56,144.64,10.65,35.08,25.48,14.99,14.97,0.67,55.94,3.8,8.72,4.7,3.72,1.6,31.0,56.43,1.33,159.93,450.98,0.0
338,25-Mar-2021 - 00:00,26-Mar-2021 - 00:00,40.73,82.36,9.83,35.12,24.83,14.97,15.07,0.55,49.34,3.77,8.81,4.79,3.77,1.59,32.14,42.83,1.33,161.45,510.19,0.0
339,26-Mar-2021 - 00:00,27-Mar-2021 - 00:00,43.96,88.78,10.15,35.45,25.18,14.91,15.02,0.62,55.04,3.74,8.68,4.75,3.76,1.58,31.6,37.36,1.33,155.54,481.97,0.0
340,27-Mar-2021 - 00:00,28-Mar-2021 - 00:00,51.18,82.37,10.24,34.84,24.92,15.0,14.9,0.74,53.43,3.75,8.78,4.76,3.75,1.57,31.58,36.43,1.33,155.1,457.78,0.0
341,28-Mar-2021 - 00:00,29-Mar-2021 - 00:00,66.36,99.9,10.15,35.22,24.99,14.88,14.97,1.26,40.82,3.81,8.71,4.75,3.72,1.58,32.05,36.57,1.33,153.32,445.81,0.0
342,29-Mar-2021 - 00:00,30-Mar-2021 - 00:00,58.54,91.99,10.19,34.9,24.99,14.94,14.93,0.83,44.74,3.75,8.74,4.73,3.75,1.57,33.14,36.08,1.33,155.65,457.1,0.0
343,30-Mar-2021 - 00:00,31-Mar-2021 - 00:00,43.66,86.36,11.73,38.46,23.31,16.44,14.97,0.72,54.88,3.8,8.71,4.75,3.79,1.58,32.59,35.49,1.33,155.43,527.44,0.0
344,31-Mar-2021 - 00:00,01-Apr-2021 - 00:00,37.65,89.21,15.15,45.22,16.03,19.94,14.96,0.58,61.31,3.73,8.58,4.72,3.77,1.54,31.69,37.93,1.33,154.41,514.16,0.0
345,01-Apr-2021 - 00:00,02-Apr-2021 - 00:00,47.27,102.67,14.8,45.38,30.0,19.92,15.04,1.06,49.11,3.82,8.73,4.78,3.78,1.59,32.87,37.15,1.33,156.47,567.28,0.0
346,02-Apr-2021 - 00:00,03-Apr-2021 - 00:00,41.09,92.59,15.39,45.44,30.49,19.77,14.86,1.24,56.51,3.74,8.7,4.69,3.73,1.59,31.68,39.28,1.33,152.64,526.29,0.0
347,03-Apr-2021 - 00:00,04-Apr-2021 - 00:00,54.63,102.52,14.85,45.27,29.86,19.98,15.23,1.39,56.27,3.8,8.6,4.76,3.79,1.57,33.0,39.91,1.33,150.52,435.92,0.0
348,04-Apr-2021 - 00:00,05-Apr-2021 - 00:00,39.88,85.85,14.62,45.62,29.98,19.84,15.03,1.16,59.42,3.76,8.8,4.78,3.75,1.57,33.11,44.92,1.33,136.9,530.05,0.0
349,05-Apr-2021 - 00:00,06-Apr-2021 - 00:00,44.43,83.26,15.33,44.88,30.18,19.94,15.13,1.35,55.06,3.75,8.7,4.83,3.74,1.6,34.24,36.34,1.33,148.49,466.57,0.0
350,06-Apr-2021 - 00:00,07-Apr-2021 - 00:00,50.91,93.18,14.77,45.1,29.5,19.87,14.98,1.46,62.65,3.69,8.64,4.68,3.7,1.6,33.29,42.23,1.33,155.23,369.01,0.0
351,07-Apr-2021 - 00:00,08-Apr-2021 - 00:00,50.2,99.31,14.68,45.07,29.83,19.89,15.0,1.5,68.77,3.79,8.81,4.79,3.8,1.61,34.14,39.59,1.33,154.98,401.05,0.0
352,08-Apr-2021 - 00:00,09-Apr-2021 - 00:00,48.52,93.48,15.83,45.21,30.53,19.85,15.07,1.26,72.98,3.8,8.81,4.79,3.76,1.61,34.27,36.68,1.33,150.72,389.36,0.0
353,09-Apr-2021 - 00:00,10-Apr-2021 - 00:00,45.34,86.92,14.07,45.41,29.2,19.97,14.98,1.45,53.27,3.74,8.67,4.71,3.72,1.59,34.17,37.14,1.33,147.27,382.74,0.0
354,10-Apr-2021 - 00:00,11-Apr-2021 - 00:00,55.34,101.05,14.35,45.18,29.52,19.97,15.08,1.41,60.33,3.76,8.78,4.77,3.77,1.59,33.96,42.66,1.33,150.31,375.71,0.0
355,11-Apr-2021 - 00:00,12-Apr-2021 - 00:00,41.13,79.15,15.18,45.07,29.49,19.87,15.12,1.26,68.93,3.73,8.5,4.68,3.7,1.6,33.14,49.21,1.33,154.2,411.13,0.0
356,12-Apr-2021 - 00:00,13-Apr-2021 - 00:00,42.27,75.55,14.72,45.24,29.86,19.91,14.91,1.29,67.05,3.75,8.61,4.73,3.75,1.58,33.73,43.07,1.33,155.42,380.71,0.0
357,13-Apr-2021 - 00:00,14-Apr-2021 - 00:00,52.91,80.39,14.65,45.16,29.75,19.86,15.06,1.45,58.51,3.76,8.64,4.79,3.76,1.58,31.11,56.37,1.33,157.8,305.78,0.0
358,14-Apr-2021 - 00:00,15-Apr-2021 - 00:00,45.43,67.25,14.96,45.01,29.91,19.98,14.91,1.25,58.94,3.71,8.68,4.76,3.72,1.58,30.91,56.93,1.33,162.44,450.13,0.0
359,15-Apr-2021 - 00:00,16-Apr-2021 - 00:00,37.36,71.8,14.86,44.88,29.73,20.0,15.2,1.34,50.3,3.75,8.69,4.77,3.76,1.58,30.38,53.35,1.33,158.82,526.59,0.0
360,16-Apr-2021 - 00:00,17-Apr-2021 - 00:00,51.31,92.17,15.04,45.46,30.25,19.77,15.03,1.41,44.85,3.78,8.61,4.78,3.72,1.61,32.17,42.98,1.33,155.95,568.35,0.0
361,17-Apr-2021 - 00:00,18-Apr-2021 - 00:00,50.96,87.97,15.04,45.28,30.17,19.87,14.93,1.33,49.46,3.72,8.74,4.73,3.75,1.56,32.81,42.97,1.33,159.5,424.43,0.0
362,18-Apr-2021 - 00:00,19-Apr-2021 - 00:00,41.67,87.97,14.98,45.06,29.98,19.91,15.02,1.5,41.12,3.76,8.65,4.73,3.74,1.57,33.59,42.4,1.32,157.7,475.83,0.0
363,19-Apr-2021 - 00:00,20-Apr-2021 - 00:00,45.64,87.97,15.07,45.59,30.36,19.76,14.92,1.11,49.89,3.74,8.68,4.77,3.76,1.58,33.97,38.77,1.33,159.81,425.46,0.0
364,20-Apr-2021 - 00:00,21-Apr-2021 - 00:00,37.96,87.97,15.02,44.59,28.87,19.66,15.15,1.06,52.25,3.68,8.58,4.7,3.7,1.56,34.22,37.28,1.33,156.02,545.4,0.0
365,21-Apr-2021 - 00:00,22-Apr-2021 - 00:00,41.81,87.97,15.14,45.19,29.49,19.87,15.0,1.16,35.69,3.66,8.51,4.68,3.7,1.57,32.37,43.97,1.33,151.0,394.56,0.0
