,From Date,To Date,PM2.5 (ug/m3),PM10 (ug/m3),NO (ug/m3),NO2 (ug/m3),NOx (ppb),NH3 (ug/m3),SO2 (ug/m3),CO (mg/m3),Ozone (ug/m3),Benzene (ug/m3),WS (m/s),WD (degree)
0,21-Apr-2020 - 00:00,22-Apr-2020 - 00:00,33.03,71.33,,,0.0,,4.33,0.39,,0.06,0.83,208.3
1,22-Apr-2020 - 00:00,23-Apr-2020 - 00:00,29.03,60.12,,,0.0,,5.0,0.38,,0.07,0.71,178.37
2,23-Apr-2020 - 00:00,24-Apr-2020 - 00:00,39.16,82.98,,,0.0,,4.63,0.37,,0.06,0.7,165.36
3,24-Apr-2020 - 00:00,25-Apr-2020 - 00:00,32.67,66.46,,,0.0,,4.26,0.36,,0.06,0.77,225.82
4,25-Apr-2020 - 00:00,26-Apr-2020 - 00:00,39.93,102.44,,,0.0,,4.76,0.35,,0.05,0.35,101.04
5,26-Apr-2020 - 00:00,27-Apr-2020 - 00:00,17.87,45.71,,,0.0,,4.59,0.35,,0.05,1.07,212.75
6,27-Apr-2020 - 00:00,28-Apr-2020 - 00:00,29.41,74.25,,,0.0,,4.31,0.34,,0.07,1.0,157.21
7,28-Apr-2020 - 00:00,29-Apr-2020 - 00:00,37.07,88.7,,,0.0,,4.66,0.33,,0.07,1.21,187.25
8,29-Apr-2020 - 00:00,30-Apr-2020 - 00:00,36.8,76.78,,,0.0,,3.98,0.33,,0.06,0.9,205.85
9,30-Apr-2020 - 00:00,01-May-2020 - 00:00,54.66,111.49,,,0.0,,5.01,0.32,,0.06,1.18,190.16
10,01-May-2020 - 00:00,02-May-2020 - 00:00,59.14,217.53,,,0.0,,5.57,0.31,,0.04,0.89,187.59
11,02-May-2020 - 00:00,03-May-2020 - 00:00,,,,,,,,,,,,
12,03-May-2020 - 00:00,04-May-2020 - 00:00,74.98,144.75,,,0.0,,,0.46,92.08,0.03,1.52,203.7
13,04-May-2020 - 00:00,05-May-2020 - 00:00,29.46,104.33,,,0.0,,,0.39,55.46,0.05,0.83,215.43
14,05-May-2020 - 00:00,06-May-2020 - 00:00,48.19,94.71,,,0.0,,,0.38,74.59,0.05,0.94,189.81
15,06-May-2020 - 00:00,07-May-2020 - 00:00,40.46,86.81,,,0.0,,,0.38,78.72,0.08,0.64,181.18
16,07-May-2020 - 00:00,08-May-2020 - 00:00,25.01,69.28,,,0.0,,,0.37,77.29,0.03,0.79,105.64
17,08-May-2020 - 00:00,09-May-2020 - 00:00,33.54,76.87,,,0.0,,,0.38,65.0,0.05,0.81,144.28
18,09-May-2020 - 00:00,10-May-2020 - 00:00,39.18,116.73,,,0.0,,,0.38,72.72,0.02,0.96,133.47
19,10-May-2020 - 00:00,11-May-2020 - 00:00,43.93,97.92,,,0.0,,,0.38,52.03,0.03,0.77,170.17
20,11-May-2020 - 00:00,12-May-2020 - 00:00,70.15,126.65,343.41,32.61,346.79,40.03,6.95,0.6,48.59,0.01,0.71,91.47
21,12-May-2020 - 00:00,13-May-2020 - 00:00,75.39,131.21,,,,53.93,5.18,0.41,49.42,0.08,0.43,170.04
22,13-May-2020 - 00:00,14-May-2020 - 00:00,76.15,125.25,304.26,34.21,302.78,47.63,6.18,0.47,59.02,0.04,0.94,196.69
23,14-May-2020 - 00:00,15-May-2020 - 00:00,66.79,120.93,390.68,,378.24,50.1,,0.41,84.57,0.05,1.22,162.55
24,15-May-2020 - 00:00,16-May-2020 - 00:00,49.23,116.26,,,,49.98,,0.37,73.91,0.05,0.94,146.69
25,16-May-2020 - 00:00,17-May-2020 - 00:00,47.56,126.42,267.71,,66.87,51.12,,0.37,77.25,0.06,1.54,144.68
26,17-May-2020 - 00:00,18-May-2020 - 00:00,46.88,90.48,,,,45.5,,0.37,46.74,0.08,0.38,195.0
27,18-May-2020 - 00:00,19-May-2020 - 00:00,,,,,,,,,,,,
28,19-May-2020 - 00:00,20-May-2020 - 00:00,,,,,,,,,,,,
29,20-May-2020 - 00:00,21-May-2020 - 00:00,,,,,,,,,,,,
30,21-May-2020 - 00:00,22-May-2020 - 00:00,,,,,,,,,,,,
31,22-May-2020 - 00:00,23-May-2020 - 00:00,,,,,,,,,,,,
32,23-May-2020 - 00:00,24-May-2020 - 00:00,,,,,,,,,,,,
33,24-May-2020 - 00:00,25-May-2020 - 00:00,,,,,,,,,,,,
34,25-May-2020 - 00:00,26-May-2020 - 00:00,,,,,,,,,,,,
35,26-May-2020 - 00:00,27-May-2020 - 00:00,,,,,,,,,,,,
36,27-May-2020 - 00:00,28-May-2020 - 00:00,,,,,,,,,,,,
37,28-May-2020 - 00:00,29-May-2020 - 00:00,,,,,,,,,,,,
38,29-May-2020 - 00:00,30-May-2020 - 00:00,158.38,167.37,320.66,32.24,318.31,114.05,8.82,0.79,3.22,0.0,0.64,150.43
39,30-May-2020 - 00:00,31-May-2020 - 00:00,45.07,81.81,46.93,6.26,13.92,63.33,8.33,0.61,55.88,0.0,0.86,112.91
40,31-May-2020 - 00:00,01-Jun-2020 - 00:00,29.04,71.59,16.5,0.49,12.26,3.19,6.32,0.65,39.65,0.0,0.62,164.9
41,01-Jun-2020 - 00:00,02-Jun-2020 - 00:00,71.02,86.33,12.41,0.6,7.23,2.98,6.32,0.67,50.64,0.0,1.37,180.86
42,02-Jun-2020 - 00:00,03-Jun-2020 - 00:00,57.78,97.36,16.34,0.52,15.23,3.23,5.94,0.57,59.14,0.0,0.62,155.5
43,03-Jun-2020 - 00:00,04-Jun-2020 - 00:00,60.49,97.99,,,0.0,,5.25,0.66,58.88,0.0,1.87,197.07
44,04-Jun-2020 - 00:00,05-Jun-2020 - 00:00,31.45,92.51,,,0.0,,6.27,0.0,36.93,0.0,0.6,133.6
45,05-Jun-2020 - 00:00,06-Jun-2020 - 00:00,21.06,471.76,,,0.0,,6.35,0.11,14.05,0.0,0.75,89.06
46,06-Jun-2020 - 00:00,07-Jun-2020 - 00:00,115.72,175.38,11.65,0.76,5.39,2.8,5.26,0.7,27.39,0.0,0.63,167.0
47,07-Jun-2020 - 00:00,08-Jun-2020 - 00:00,102.53,144.33,15.1,0.7,15.65,3.0,7.87,0.67,28.25,0.0,0.34,189.92
48,08-Jun-2020 - 00:00,09-Jun-2020 - 00:00,83.47,156.56,15.06,0.6,15.6,3.08,6.17,0.62,76.41,0.0,1.09,141.35
49,09-Jun-2020 - 00:00,10-Jun-2020 - 00:00,73.44,196.7,15.39,0.53,15.88,3.08,5.8,0.62,52.97,0.0,0.45,132.66
50,10-Jun-2020 - 00:00,11-Jun-2020 - 00:00,35.87,271.09,17.11,0.54,17.62,3.17,5.11,0.56,29.08,0.0,0.45,202.54
51,11-Jun-2020 - 00:00,12-Jun-2020 - 00:00,40.62,94.88,,,0.0,,5.57,0.57,33.99,0.0,0.56,165.08
52,12-Jun-2020 - 00:00,13-Jun-2020 - 00:00,43.31,102.86,,,0.0,,6.04,0.62,15.19,0.0,0.33,160.37
53,13-Jun-2020 - 00:00,14-Jun-2020 - 00:00,59.31,188.3,,,0.0,,6.07,0.61,15.4,0.0,0.58,164.16
54,14-Jun-2020 - 00:00,15-Jun-2020 - 00:00,111.55,158.88,,,0.0,,4.5,0.57,20.27,0.0,0.29,32.92
55,15-Jun-2020 - 00:00,16-Jun-2020 - 00:00,40.23,253.14,,,0.0,,16.64,1.03,,0.0,0.26,75.42
56,16-Jun-2020 - 00:00,17-Jun-2020 - 00:00,62.9,502.09,,,0.0,,24.36,1.21,,0.0,0.65,47.75
57,17-Jun-2020 - 00:00,18-Jun-2020 - 00:00,,,,,,,,,,,,
58,18-Jun-2020 - 00:00,19-Jun-2020 - 00:00,,,,,,,,,,,,
59,19-Jun-2020 - 00:00,20-Jun-2020 - 00:00,,,,,,,,,,,,
60,20-Jun-2020 - 00:00,21-Jun-2020 - 00:00,,,,,,,,,,,,
61,21-Jun-2020 - 00:00,22-Jun-2020 - 00:00,,,,,,,,,,,,
62,22-Jun-2020 - 00:00,23-Jun-2020 - 00:00,,,,,,,,,,,,
63,23-Jun-2020 - 00:00,24-Jun-2020 - 00:00,,,,,,,,,,,,
64,24-Jun-2020 - 00:00,25-Jun-2020 - 00:00,308.79,589.39,,,0.0,,,0.0,8.34,0.0,0.15,115.0
65,25-Jun-2020 - 00:00,26-Jun-2020 - 00:00,115.37,207.89,234.88,28.54,23.95,98.04,10.27,0.35,21.73,0.0,0.71,67.11
66,26-Jun-2020 - 00:00,27-Jun-2020 - 00:00,27.55,64.97,3.22,3.37,6.06,7.46,7.35,0.42,23.49,0.0,0.54,130.43
67,27-Jun-2020 - 00:00,28-Jun-2020 - 00:00,,,,,,,,,,,,
68,28-Jun-2020 - 00:00,29-Jun-2020 - 00:00,,,,,,,,,,,,
69,29-Jun-2020 - 00:00,30-Jun-2020 - 00:00,,,,,,,,,,,,
70,30-Jun-2020 - 00:00,01-Jul-2020 - 00:00,,,,,,,,,,,,
71,01-Jul-2020 - 00:00,02-Jul-2020 - 00:00,17.83,107.25,3.5,3.62,7.12,0.06,7.08,0.28,30.39,0.0,0.53,119.09
72,02-Jul-2020 - 00:00,03-Jul-2020 - 00:00,13.7,55.22,3.65,3.69,7.34,0.05,6.28,0.19,26.68,0.0,0.55,113.43
73,03-Jul-2020 - 00:00,04-Jul-2020 - 00:00,,,,,,,,,,,,
74,04-Jul-2020 - 00:00,05-Jul-2020 - 00:00,,,,,,,,,,,,
75,05-Jul-2020 - 00:00,06-Jul-2020 - 00:00,,,,,,,,,,,,
76,06-Jul-2020 - 00:00,07-Jul-2020 - 00:00,,,,,,,,,,,,
77,07-Jul-2020 - 00:00,08-Jul-2020 - 00:00,,,,,,,,,,,,
78,08-Jul-2020 - 00:00,09-Jul-2020 - 00:00,,,,,,,,,,,,
79,09-Jul-2020 - 00:00,10-Jul-2020 - 00:00,,,,,,,,,,,,
80,10-Jul-2020 - 00:00,11-Jul-2020 - 00:00,,,,,,,,,,,,
81,11-Jul-2020 - 00:00,12-Jul-2020 - 00:00,,,,,,,,,,,,
82,12-Jul-2020 - 00:00,13-Jul-2020 - 00:00,,,,,,,,,,,,
83,13-Jul-2020 - 00:00,14-Jul-2020 - 00:00,,,,,,,,,,,,
84,14-Jul-2020 - 00:00,15-Jul-2020 - 00:00,10.86,68.88,2.85,3.15,5.99,0.08,7.78,0.16,30.16,0.0,0.84,156.05
85,15-Jul-2020 - 00:00,16-Jul-2020 - 00:00,4.97,39.94,2.28,2.7,4.97,0.11,11.81,0.12,22.5,0.0,1.02,189.2
86,16-Jul-2020 - 00:00,17-Jul-2020 - 00:00,5.64,45.6,2.31,2.73,5.04,0.09,12.33,0.11,18.1,0.0,0.48,183.33
87,17-Jul-2020 - 00:00,18-Jul-2020 - 00:00,7.41,41.69,3.86,3.85,7.7,0.07,7.18,0.16,19.97,0.0,0.62,151.38
88,18-Jul-2020 - 00:00,19-Jul-2020 - 00:00,5.95,39.95,3.65,3.69,7.34,0.02,6.11,0.13,22.9,0.0,0.92,161.03
89,19-Jul-2020 - 00:00,20-Jul-2020 - 00:00,13.71,37.49,3.62,3.66,7.28,0.01,6.4,0.08,21.21,0.0,0.76,141.26
90,20-Jul-2020 - 00:00,21-Jul-2020 - 00:00,23.14,43.34,5.71,5.2,10.91,0.01,7.29,0.13,16.67,0.0,0.8,147.94
91,21-Jul-2020 - 00:00,22-Jul-2020 - 00:00,23.27,40.25,6.84,6.0,12.85,,6.95,0.16,13.19,0.0,0.59,158.91
92,22-Jul-2020 - 00:00,23-Jul-2020 - 00:00,27.29,42.92,7.31,6.36,13.67,,7.23,0.15,28.65,0.0,0.8,159.9
93,23-Jul-2020 - 00:00,24-Jul-2020 - 00:00,23.36,28.2,7.62,6.57,14.18,,7.85,0.18,17.86,0.0,0.83,133.47
94,24-Jul-2020 - 00:00,25-Jul-2020 - 00:00,28.25,44.06,6.98,6.13,13.11,,16.75,0.2,14.69,0.0,0.66,115.86
95,25-Jul-2020 - 00:00,26-Jul-2020 - 00:00,22.84,40.66,7.55,6.51,14.06,,16.89,0.08,17.2,0.0,0.43,134.47
96,26-Jul-2020 - 00:00,27-Jul-2020 - 00:00,25.3,46.47,7.55,6.51,14.05,,7.6,0.09,29.15,0.0,0.6,133.69
97,27-Jul-2020 - 00:00,28-Jul-2020 - 00:00,37.41,69.4,7.88,6.78,14.66,,12.13,0.19,29.06,0.0,0.43,160.75
98,28-Jul-2020 - 00:00,29-Jul-2020 - 00:00,25.98,43.36,7.63,6.58,14.21,,10.15,0.13,22.42,0.0,0.69,163.37
99,29-Jul-2020 - 00:00,30-Jul-2020 - 00:00,27.72,45.64,7.52,6.51,13.88,,13.13,0.14,21.39,0.0,0.73,134.85
100,30-Jul-2020 - 00:00,31-Jul-2020 - 00:00,25.63,49.29,8.66,7.33,15.98,,15.23,0.11,17.67,0.0,0.47,127.6
101,31-Jul-2020 - 00:00,01-Aug-2020 - 00:00,44.71,74.54,8.89,7.51,16.4,,11.36,0.34,14.14,0.0,0.51,159.6
102,01-Aug-2020 - 00:00,02-Aug-2020 - 00:00,38.83,58.92,8.71,7.35,16.06,,10.25,0.12,28.07,0.0,0.56,177.51
103,02-Aug-2020 - 00:00,03-Aug-2020 - 00:00,24.78,37.14,9.19,7.7,16.9,,10.53,0.18,19.82,0.0,1.1,143.48
104,03-Aug-2020 - 00:00,04-Aug-2020 - 00:00,45.37,58.67,7.7,6.63,14.33,,10.85,0.26,18.75,0.0,0.4,141.28
105,04-Aug-2020 - 00:00,05-Aug-2020 - 00:00,39.1,60.83,8.79,7.44,16.22,,10.2,0.24,26.42,0.0,1.22,152.98
106,05-Aug-2020 - 00:00,06-Aug-2020 - 00:00,0.92,4.39,8.48,7.17,15.65,,7.17,0.05,27.52,0.0,1.02,190.75
107,06-Aug-2020 - 00:00,07-Aug-2020 - 00:00,26.93,45.14,8.57,7.28,15.85,,10.08,0.23,12.57,0.0,0.78,183.14
108,07-Aug-2020 - 00:00,08-Aug-2020 - 00:00,21.74,45.25,7.59,6.57,14.15,,9.04,0.19,14.03,0.0,0.61,171.68
109,08-Aug-2020 - 00:00,09-Aug-2020 - 00:00,21.61,41.39,7.75,6.66,14.41,,7.93,0.17,14.24,0.0,0.48,152.32
110,09-Aug-2020 - 00:00,10-Aug-2020 - 00:00,31.7,67.8,7.68,6.61,14.29,,10.49,0.11,18.84,0.0,0.62,155.65
111,10-Aug-2020 - 00:00,11-Aug-2020 - 00:00,16.23,23.97,7.83,6.72,14.55,,8.36,0.14,19.39,0.0,1.39,168.72
112,11-Aug-2020 - 00:00,12-Aug-2020 - 00:00,19.01,39.27,7.5,6.49,14.0,,12.72,0.17,14.8,0.0,0.8,146.15
113,12-Aug-2020 - 00:00,13-Aug-2020 - 00:00,27.0,43.61,7.68,6.61,14.29,,8.64,0.22,18.04,0.0,0.47,153.86
114,13-Aug-2020 - 00:00,14-Aug-2020 - 00:00,29.73,48.79,7.64,6.59,14.23,,7.77,0.2,17.06,0.0,1.19,172.81
115,14-Aug-2020 - 00:00,15-Aug-2020 - 00:00,45.25,116.63,4.64,4.41,9.05,,7.44,0.28,9.0,0.0,1.09,176.98
116,15-Aug-2020 - 00:00,16-Aug-2020 - 00:00,19.76,35.67,3.58,3.63,7.21,,10.85,0.18,5.89,0.0,0.85,180.6
117,16-Aug-2020 - 00:00,17-Aug-2020 - 00:00,44.46,58.63,,,0.0,,9.07,0.26,11.4,0.0,0.46,153.67
118,17-Aug-2020 - 00:00,18-Aug-2020 - 00:00,42.76,53.32,3.81,3.81,7.62,,8.2,0.3,8.91,0.0,0.48,152.44
119,18-Aug-2020 - 00:00,19-Aug-2020 - 00:00,16.5,28.47,3.95,3.89,7.84,,8.45,0.33,7.22,0.0,0.48,155.26
120,19-Aug-2020 - 00:00,20-Aug-2020 - 00:00,31.63,46.09,3.98,3.93,7.91,,8.75,0.31,9.95,0.0,0.77,178.74
121,20-Aug-2020 - 00:00,21-Aug-2020 - 00:00,24.65,34.51,4.73,4.46,9.2,,8.28,0.23,13.07,0.0,1.77,182.32
122,21-Aug-2020 - 00:00,22-Aug-2020 - 00:00,12.67,19.0,6.79,5.96,12.75,,8.17,0.15,13.39,0.0,1.21,152.96
123,22-Aug-2020 - 00:00,23-Aug-2020 - 00:00,,,,,,,,,,,,
124,23-Aug-2020 - 00:00,24-Aug-2020 - 00:00,,,,,,,,,,,,
125,24-Aug-2020 - 00:00,25-Aug-2020 - 00:00,71.09,114.16,3.19,3.38,6.57,,11.21,0.42,13.56,0.0,0.52,161.55
126,25-Aug-2020 - 00:00,26-Aug-2020 - 00:00,40.87,67.2,3.66,3.67,5.97,,10.53,0.3,7.66,0.0,0.57,177.44
127,26-Aug-2020 - 00:00,27-Aug-2020 - 00:00,16.45,26.72,4.39,4.23,8.62,,9.44,0.22,9.49,0.0,2.23,179.98
128,27-Aug-2020 - 00:00,28-Aug-2020 - 00:00,11.19,20.78,4.4,4.22,8.62,,8.7,0.21,11.25,0.0,1.09,159.06
129,28-Aug-2020 - 00:00,29-Aug-2020 - 00:00,17.69,33.28,4.58,4.35,8.93,,10.72,0.19,14.42,0.0,1.25,139.69
130,29-Aug-2020 - 00:00,30-Aug-2020 - 00:00,24.96,40.4,3.27,3.41,6.68,,13.29,0.23,12.62,0.0,0.98,172.81
131,30-Aug-2020 - 00:00,31-Aug-2020 - 00:00,27.99,43.36,2.81,3.06,5.87,,10.14,0.26,10.18,0.0,1.03,166.88
132,31-Aug-2020 - 00:00,01-Sep-2020 - 00:00,47.22,83.6,3.61,3.66,7.27,,12.0,0.37,12.41,0.0,0.63,182.84
133,01-Sep-2020 - 00:00,02-Sep-2020 - 00:00,58.89,108.53,6.18,5.52,11.7,,12.09,0.42,13.37,0.0,0.36,173.65
134,02-Sep-2020 - 00:00,03-Sep-2020 - 00:00,48.95,72.99,5.12,4.75,9.88,,10.61,0.45,16.95,0.0,0.62,188.69
135,03-Sep-2020 - 00:00,04-Sep-2020 - 00:00,54.86,88.15,5.64,5.14,10.78,,13.99,0.31,14.74,0.0,0.55,185.21
136,04-Sep-2020 - 00:00,05-Sep-2020 - 00:00,56.2,106.71,5.51,5.05,10.56,,13.35,0.37,9.14,0.0,0.37,194.04
137,05-Sep-2020 - 00:00,06-Sep-2020 - 00:00,32.64,58.78,5.74,5.19,10.93,,9.15,1.37,5.86,0.0,0.33,193.0
138,06-Sep-2020 - 00:00,07-Sep-2020 - 00:00,,,,,,,,,,,,
139,07-Sep-2020 - 00:00,08-Sep-2020 - 00:00,62.07,95.25,4.17,4.05,7.77,,11.3,0.45,19.94,0.0,0.84,148.87
140,08-Sep-2020 - 00:00,09-Sep-2020 - 00:00,115.41,151.9,2.86,3.13,5.99,,14.51,0.25,29.97,0.0,1.35,155.4
141,09-Sep-2020 - 00:00,10-Sep-2020 - 00:00,66.82,87.48,2.07,0.95,0.54,,12.5,0.5,18.65,0.0,1.01,195.83
142,10-Sep-2020 - 00:00,11-Sep-2020 - 00:00,50.29,80.34,,0.63,0.06,,13.38,0.27,18.61,0.0,0.45,182.38
143,11-Sep-2020 - 00:00,12-Sep-2020 - 00:00,59.13,83.77,4.26,7.51,9.74,9.04,14.38,0.56,16.85,0.0,0.5,178.74
144,12-Sep-2020 - 00:00,13-Sep-2020 - 00:00,31.68,56.01,3.69,10.98,14.67,8.02,11.67,1.24,14.57,0.0,0.79,190.21
145,13-Sep-2020 - 00:00,14-Sep-2020 - 00:00,23.92,57.21,5.74,10.04,15.78,7.99,16.72,0.56,7.25,0.0,0.68,202.22
146,14-Sep-2020 - 00:00,15-Sep-2020 - 00:00,31.46,58.76,4.97,10.3,14.86,6.67,23.83,1.04,15.38,0.0,0.46,187.92
147,15-Sep-2020 - 00:00,16-Sep-2020 - 00:00,26.15,59.41,7.52,7.11,14.62,6.51,22.68,1.84,11.83,0.0,0.47,191.07
148,16-Sep-2020 - 00:00,17-Sep-2020 - 00:00,35.23,81.76,8.02,7.06,15.08,6.29,13.55,0.93,13.15,0.0,0.96,201.54
149,17-Sep-2020 - 00:00,18-Sep-2020 - 00:00,50.04,109.93,8.36,7.26,15.61,7.11,11.88,0.77,10.08,0.0,1.04,188.26
150,18-Sep-2020 - 00:00,19-Sep-2020 - 00:00,46.99,85.44,7.29,7.45,14.74,7.38,9.78,0.94,13.11,0.0,0.46,224.9
151,19-Sep-2020 - 00:00,20-Sep-2020 - 00:00,50.76,83.41,7.09,7.72,14.81,6.67,11.54,0.8,11.87,0.0,0.6,224.84
152,20-Sep-2020 - 00:00,21-Sep-2020 - 00:00,31.68,58.31,7.65,6.8,14.45,6.33,8.8,0.86,12.47,0.0,0.7,252.6
153,21-Sep-2020 - 00:00,22-Sep-2020 - 00:00,21.08,30.16,5.66,7.05,12.71,5.77,8.34,0.12,12.61,0.0,2.32,214.06
154,22-Sep-2020 - 00:00,23-Sep-2020 - 00:00,23.01,33.22,4.65,7.46,12.11,6.14,9.49,0.31,14.4,0.0,0.78,147.94
155,23-Sep-2020 - 00:00,24-Sep-2020 - 00:00,18.22,37.79,8.07,7.82,15.89,6.27,12.49,0.54,12.83,0.0,1.03,146.53
156,24-Sep-2020 - 00:00,25-Sep-2020 - 00:00,42.36,73.4,4.79,7.95,12.74,5.95,10.95,0.53,14.34,0.0,1.05,139.87
157,25-Sep-2020 - 00:00,26-Sep-2020 - 00:00,40.02,56.47,5.42,8.51,13.93,6.72,10.63,0.35,18.01,0.0,0.64,155.0
158,26-Sep-2020 - 00:00,27-Sep-2020 - 00:00,58.22,90.03,4.81,8.33,13.15,6.43,12.61,0.15,21.15,0.0,0.55,162.99
159,27-Sep-2020 - 00:00,28-Sep-2020 - 00:00,68.48,112.85,5.25,8.7,13.96,5.83,14.36,0.21,21.76,0.0,0.57,174.0
160,28-Sep-2020 - 00:00,29-Sep-2020 - 00:00,62.19,107.57,6.31,8.2,14.51,5.68,9.53,0.16,26.31,0.0,1.21,222.58
161,29-Sep-2020 - 00:00,30-Sep-2020 - 00:00,53.94,92.13,5.98,8.17,14.15,5.48,9.97,0.13,23.46,0.0,0.93,240.11
162,30-Sep-2020 - 00:00,01-Oct-2020 - 00:00,49.65,86.07,6.42,8.0,14.42,5.57,8.74,0.14,20.08,0.0,0.59,209.33
163,01-Oct-2020 - 00:00,02-Oct-2020 - 00:00,37.29,57.64,6.94,6.78,13.72,5.42,8.91,0.2,14.13,0.0,1.03,225.82
164,02-Oct-2020 - 00:00,03-Oct-2020 - 00:00,,,,,,,,,,,,
165,03-Oct-2020 - 00:00,04-Oct-2020 - 00:00,,,,,,,,,,,,
166,04-Oct-2020 - 00:00,05-Oct-2020 - 00:00,,,20.31,7.39,27.7,8.54,8.25,0.26,12.32,0.0,0.7,208.27
167,05-Oct-2020 - 00:00,06-Oct-2020 - 00:00,53.64,83.78,7.26,9.76,17.02,6.14,8.5,0.31,11.59,0.0,0.87,221.95
168,06-Oct-2020 - 00:00,07-Oct-2020 - 00:00,29.38,57.8,7.64,9.88,17.52,6.47,8.38,0.48,10.95,0.0,0.6,222.08
169,07-Oct-2020 - 00:00,08-Oct-2020 - 00:00,29.47,53.16,7.23,9.88,17.11,5.86,8.32,0.7,11.72,0.0,0.65,224.81
170,08-Oct-2020 - 00:00,09-Oct-2020 - 00:00,47.68,85.54,8.26,10.47,18.73,5.83,18.05,0.73,12.78,0.0,0.63,211.36
171,09-Oct-2020 - 00:00,10-Oct-2020 - 00:00,55.61,104.92,11.06,11.91,22.96,6.21,27.8,0.74,11.66,0.0,0.89,221.06
172,10-Oct-2020 - 00:00,11-Oct-2020 - 00:00,29.85,50.11,4.65,10.33,14.98,4.75,9.57,0.65,19.99,0.0,0.66,228.64
173,11-Oct-2020 - 00:00,12-Oct-2020 - 00:00,30.52,57.07,6.0,10.14,16.14,4.77,10.83,0.71,15.49,0.0,0.52,221.05
174,12-Oct-2020 - 00:00,13-Oct-2020 - 00:00,29.15,54.57,7.08,9.91,16.99,5.23,9.31,0.72,19.07,0.0,0.85,248.05
175,13-Oct-2020 - 00:00,14-Oct-2020 - 00:00,17.68,37.74,5.64,10.04,15.68,5.07,8.38,0.68,17.31,0.0,1.13,231.12
176,14-Oct-2020 - 00:00,15-Oct-2020 - 00:00,18.6,37.71,4.92,9.98,14.9,4.72,8.68,0.65,17.19,0.0,0.96,233.76
177,15-Oct-2020 - 00:00,16-Oct-2020 - 00:00,13.54,25.38,7.03,9.23,16.27,5.0,7.52,0.61,14.23,0.0,0.87,258.5
178,16-Oct-2020 - 00:00,17-Oct-2020 - 00:00,18.94,42.27,4.76,10.72,15.47,4.58,9.0,0.75,18.9,0.0,0.66,212.15
179,17-Oct-2020 - 00:00,18-Oct-2020 - 00:00,24.2,51.5,6.77,10.1,16.87,4.71,8.95,0.67,17.1,0.0,0.64,227.88
180,18-Oct-2020 - 00:00,19-Oct-2020 - 00:00,25.81,52.87,8.51,9.27,17.78,5.1,8.39,0.69,11.28,0.0,1.36,248.53
181,19-Oct-2020 - 00:00,20-Oct-2020 - 00:00,,,,,,,,,,,,
182,20-Oct-2020 - 00:00,21-Oct-2020 - 00:00,63.59,124.07,4.45,12.13,16.58,5.17,9.85,0.82,42.86,0.0,0.55,244.0
183,21-Oct-2020 - 00:00,22-Oct-2020 - 00:00,83.52,141.55,6.82,12.14,18.96,5.86,10.18,0.93,36.87,0.0,0.88,248.97
184,22-Oct-2020 - 00:00,23-Oct-2020 - 00:00,76.99,129.49,5.92,11.76,17.68,5.66,9.48,0.86,30.84,0.0,1.0,220.08
185,23-Oct-2020 - 00:00,24-Oct-2020 - 00:00,81.87,130.24,4.7,12.08,16.78,5.32,10.31,0.88,34.68,0.0,0.96,225.03
186,24-Oct-2020 - 00:00,25-Oct-2020 - 00:00,78.12,134.99,6.37,12.24,18.61,5.79,11.93,0.89,37.16,0.0,0.65,226.54
187,25-Oct-2020 - 00:00,26-Oct-2020 - 00:00,61.0,109.44,5.98,12.25,18.23,5.77,10.49,0.83,46.99,0.0,0.7,248.78
188,26-Oct-2020 - 00:00,27-Oct-2020 - 00:00,112.28,151.49,3.92,12.16,15.75,6.12,12.76,0.88,56.82,0.0,1.35,217.72
189,27-Oct-2020 - 00:00,28-Oct-2020 - 00:00,101.1,163.1,6.66,13.24,19.86,7.38,14.07,0.95,35.65,0.0,0.65,211.34
190,28-Oct-2020 - 00:00,29-Oct-2020 - 00:00,60.46,118.5,7.65,12.37,20.02,7.41,10.85,0.84,27.21,0.0,0.47,233.59
191,29-Oct-2020 - 00:00,30-Oct-2020 - 00:00,72.97,134.76,8.56,12.82,21.38,7.73,10.63,0.93,29.96,0.0,1.0,257.77
192,30-Oct-2020 - 00:00,31-Oct-2020 - 00:00,71.9,130.64,7.03,14.46,21.49,8.2,12.99,0.93,37.6,0.0,0.75,256.8
193,31-Oct-2020 - 00:00,01-Nov-2020 - 00:00,59.85,106.06,5.18,14.17,19.35,7.58,12.53,0.85,40.51,0.0,0.85,219.44
194,01-Nov-2020 - 00:00,02-Nov-2020 - 00:00,65.13,120.86,9.27,13.01,22.28,8.3,11.67,0.97,30.09,0.0,0.61,253.74
195,02-Nov-2020 - 00:00,03-Nov-2020 - 00:00,66.18,118.0,8.17,13.19,21.36,7.53,11.93,0.95,33.73,0.0,1.45,254.2
196,03-Nov-2020 - 00:00,04-Nov-2020 - 00:00,102.9,164.86,8.97,14.12,23.08,8.17,11.9,1.08,34.31,0.0,0.98,248.52
197,04-Nov-2020 - 00:00,05-Nov-2020 - 00:00,82.38,144.98,7.21,14.96,22.17,8.08,13.51,1.0,40.16,0.0,0.84,254.0
198,05-Nov-2020 - 00:00,06-Nov-2020 - 00:00,80.68,167.82,7.61,14.8,22.41,8.59,13.81,1.04,39.95,0.0,1.17,246.31
199,06-Nov-2020 - 00:00,07-Nov-2020 - 00:00,72.42,134.53,8.39,14.55,22.34,11.33,15.64,1.01,31.67,0.0,0.54,243.83
200,07-Nov-2020 - 00:00,08-Nov-2020 - 00:00,60.76,115.38,11.63,14.04,25.67,12.18,11.74,1.07,13.69,0.0,0.93,287.6
201,08-Nov-2020 - 00:00,09-Nov-2020 - 00:00,121.3,180.89,8.37,15.94,24.17,11.31,13.59,1.17,39.91,0.0,0.95,245.6
202,09-Nov-2020 - 00:00,10-Nov-2020 - 00:00,76.79,128.32,6.69,16.05,22.74,11.01,12.14,1.01,40.37,0.0,1.25,245.12
203,10-Nov-2020 - 00:00,11-Nov-2020 - 00:00,65.78,120.9,9.35,16.12,25.48,12.41,20.48,1.0,33.36,0.0,0.75,242.51
204,11-Nov-2020 - 00:00,12-Nov-2020 - 00:00,62.1,125.88,9.27,14.82,24.1,11.75,13.0,1.06,29.33,0.0,1.25,252.61
205,12-Nov-2020 - 00:00,13-Nov-2020 - 00:00,42.77,90.79,8.38,14.08,22.46,10.44,14.38,0.97,32.25,0.0,0.6,249.16
206,13-Nov-2020 - 00:00,14-Nov-2020 - 00:00,46.73,100.74,9.09,13.39,22.48,11.15,12.63,0.94,29.3,0.0,1.28,250.69
207,14-Nov-2020 - 00:00,15-Nov-2020 - 00:00,64.04,124.64,10.95,14.08,25.03,12.42,11.36,1.06,32.82,0.0,0.39,245.96
208,15-Nov-2020 - 00:00,16-Nov-2020 - 00:00,87.66,145.21,9.22,13.28,22.51,11.17,11.36,1.15,40.28,0.0,0.47,244.73
209,16-Nov-2020 - 00:00,17-Nov-2020 - 00:00,85.3,162.4,10.51,13.57,24.08,10.92,11.59,1.14,33.76,0.0,0.71,234.81
210,17-Nov-2020 - 00:00,18-Nov-2020 - 00:00,105.44,183.62,10.14,13.08,23.22,10.59,11.72,1.14,34.71,0.0,1.07,237.61
211,18-Nov-2020 - 00:00,19-Nov-2020 - 00:00,81.56,138.33,71.52,13.74,84.25,20.78,9.82,1.09,18.32,0.0,0.47,218.48
212,19-Nov-2020 - 00:00,20-Nov-2020 - 00:00,76.04,127.82,15.01,33.5,11.12,6.12,9.15,1.08,24.38,0.0,0.53,205.55
213,20-Nov-2020 - 00:00,21-Nov-2020 - 00:00,56.63,99.25,,,0.0,,6.22,1.0,28.34,0.0,0.85,208.86
214,21-Nov-2020 - 00:00,22-Nov-2020 - 00:00,58.57,85.15,,,0.0,,5.46,0.98,30.91,0.0,1.02,218.26
215,22-Nov-2020 - 00:00,23-Nov-2020 - 00:00,67.34,101.91,,,0.0,,6.85,0.97,43.69,0.0,0.81,242.86
216,23-Nov-2020 - 00:00,24-Nov-2020 - 00:00,76.35,128.5,,,0.0,,21.66,1.09,34.49,0.0,1.02,245.34
217,24-Nov-2020 - 00:00,25-Nov-2020 - 00:00,83.67,139.04,11.48,8.11,10.19,10.86,5.3,1.18,42.72,0.0,1.03,233.09
218,25-Nov-2020 - 00:00,26-Nov-2020 - 00:00,75.24,138.62,10.71,8.05,18.76,9.46,12.3,1.15,32.02,0.0,0.51,238.57
219,26-Nov-2020 - 00:00,27-Nov-2020 - 00:00,76.61,126.96,8.14,8.07,16.21,8.36,10.13,1.12,21.44,0.0,0.56,250.6
220,27-Nov-2020 - 00:00,28-Nov-2020 - 00:00,60.04,93.11,5.74,6.57,12.31,7.01,8.81,1.03,19.63,0.0,0.56,227.54
221,28-Nov-2020 - 00:00,29-Nov-2020 - 00:00,39.23,74.03,10.42,5.92,16.33,7.15,8.27,1.0,14.28,0.0,0.53,225.48
222,29-Nov-2020 - 00:00,30-Nov-2020 - 00:00,35.14,64.76,8.78,5.72,14.49,6.43,8.18,0.93,18.66,0.0,1.05,242.59
223,30-Nov-2020 - 00:00,01-Dec-2020 - 00:00,94.19,157.57,10.43,8.6,19.03,8.56,18.61,1.17,34.69,0.0,1.34,225.19
224,01-Dec-2020 - 00:00,02-Dec-2020 - 00:00,65.24,119.35,10.92,8.0,18.92,8.42,31.47,1.16,33.97,0.0,0.86,234.89
225,02-Dec-2020 - 00:00,03-Dec-2020 - 00:00,91.1,162.67,12.37,9.03,21.4,8.87,24.95,1.27,37.17,0.0,0.62,239.48
226,03-Dec-2020 - 00:00,04-Dec-2020 - 00:00,88.94,165.41,11.05,7.86,18.91,8.05,23.41,1.23,40.23,0.0,0.81,223.71
227,04-Dec-2020 - 00:00,05-Dec-2020 - 00:00,96.13,180.66,12.78,8.1,20.88,8.52,18.29,1.32,36.17,0.0,0.74,238.28
228,05-Dec-2020 - 00:00,06-Dec-2020 - 00:00,83.47,160.12,12.88,8.1,20.98,8.39,31.77,1.28,37.49,0.0,0.38,241.02
229,06-Dec-2020 - 00:00,07-Dec-2020 - 00:00,96.82,180.07,18.06,6.89,24.95,9.43,14.48,1.4,20.34,0.0,0.73,270.91
230,07-Dec-2020 - 00:00,08-Dec-2020 - 00:00,129.67,230.09,6.81,10.11,16.92,9.01,41.04,1.33,59.49,0.0,2.26,214.02
231,08-Dec-2020 - 00:00,09-Dec-2020 - 00:00,95.8,175.16,12.19,7.16,19.35,8.68,23.8,1.3,36.2,0.0,0.37,230.96
232,09-Dec-2020 - 00:00,10-Dec-2020 - 00:00,69.65,136.07,10.96,7.85,18.81,9.25,20.6,1.2,34.16,0.0,0.46,230.67
233,10-Dec-2020 - 00:00,11-Dec-2020 - 00:00,69.93,136.66,12.15,9.54,21.68,11.99,23.75,1.22,32.84,0.0,1.47,234.1
234,11-Dec-2020 - 00:00,12-Dec-2020 - 00:00,63.91,136.98,19.31,10.63,29.94,15.08,16.75,1.25,33.4,0.0,0.55,244.1
235,12-Dec-2020 - 00:00,13-Dec-2020 - 00:00,69.91,146.44,16.76,10.69,27.45,12.68,27.66,1.23,33.5,0.0,0.49,231.33
236,13-Dec-2020 - 00:00,14-Dec-2020 - 00:00,58.72,119.56,15.02,10.22,25.24,11.65,14.2,1.18,35.62,0.0,0.93,230.41
237,14-Dec-2020 - 00:00,15-Dec-2020 - 00:00,65.38,124.19,14.0,8.66,22.66,10.04,16.89,1.19,34.04,0.0,0.65,238.84
238,15-Dec-2020 - 00:00,16-Dec-2020 - 00:00,80.24,139.64,14.21,9.15,23.36,10.24,25.62,1.23,35.75,0.0,0.82,253.33
239,16-Dec-2020 - 00:00,17-Dec-2020 - 00:00,101.75,172.45,11.64,8.38,20.02,9.24,22.22,1.33,44.12,0.0,0.43,247.36
240,17-Dec-2020 - 00:00,18-Dec-2020 - 00:00,105.73,181.2,12.94,8.42,21.36,8.99,18.56,1.32,34.59,0.0,0.62,240.03
241,18-Dec-2020 - 00:00,19-Dec-2020 - 00:00,63.86,115.91,11.6,8.76,20.36,8.48,21.94,1.15,34.76,0.0,0.62,245.87
242,19-Dec-2020 - 00:00,20-Dec-2020 - 00:00,61.59,125.74,12.32,10.33,22.66,8.25,19.16,1.15,34.32,0.0,0.63,244.11
243,20-Dec-2020 - 00:00,21-Dec-2020 - 00:00,44.56,110.55,15.72,9.58,25.29,8.72,11.93,1.23,10.82,0.0,0.46,281.23
244,21-Dec-2020 - 00:00,22-Dec-2020 - 00:00,82.22,166.48,11.31,12.99,24.29,7.75,26.4,1.34,49.73,0.0,0.32,210.15
245,22-Dec-2020 - 00:00,23-Dec-2020 - 00:00,94.02,193.55,13.78,12.88,26.66,8.86,22.74,1.37,40.14,0.0,0.48,241.06
246,23-Dec-2020 - 00:00,24-Dec-2020 - 00:00,87.53,167.64,14.06,12.36,26.42,9.31,16.42,1.33,37.88,0.0,0.63,249.12
247,24-Dec-2020 - 00:00,25-Dec-2020 - 00:00,107.6,196.48,12.82,12.97,25.78,9.57,22.77,1.43,42.63,0.0,1.94,242.88
248,25-Dec-2020 - 00:00,26-Dec-2020 - 00:00,90.28,161.62,14.22,12.16,26.39,9.85,14.08,1.41,37.56,0.0,0.8,249.7
249,26-Dec-2020 - 00:00,27-Dec-2020 - 00:00,91.27,180.94,16.18,14.09,30.28,10.27,31.22,1.39,31.2,0.0,0.51,259.2
250,27-Dec-2020 - 00:00,28-Dec-2020 - 00:00,106.71,196.17,15.49,13.88,29.37,10.3,29.51,1.48,41.11,0.0,0.56,234.47
251,28-Dec-2020 - 00:00,29-Dec-2020 - 00:00,98.69,191.72,18.69,11.73,30.42,11.54,26.81,1.42,35.25,0.0,0.88,231.35
252,29-Dec-2020 - 00:00,30-Dec-2020 - 00:00,113.53,212.17,19.23,13.44,32.67,12.31,39.92,1.51,35.47,0.0,0.65,235.76
253,30-Dec-2020 - 00:00,31-Dec-2020 - 00:00,112.8,202.53,16.05,11.75,27.81,11.11,31.31,1.47,39.17,0.0,0.79,239.57
254,31-Dec-2020 - 00:00,01-Jan-2021 - 00:00,117.86,220.64,14.37,12.64,27.01,10.94,19.31,1.46,38.86,0.0,0.64,249.63
255,01-Jan-2021 - 00:00,02-Jan-2021 - 00:00,114.35,192.61,13.68,10.8,24.48,10.38,18.87,1.45,41.59,0.0,0.68,251.54
256,02-Jan-2021 - 00:00,03-Jan-2021 - 00:00,103.87,183.82,14.36,11.19,25.54,10.37,16.79,1.51,34.76,0.0,0.91,243.96
257,03-Jan-2021 - 00:00,04-Jan-2021 - 00:00,89.54,171.86,15.35,10.09,25.44,10.22,20.3,1.43,36.78,0.0,0.43,251.49
258,04-Jan-2021 - 00:00,05-Jan-2021 - 00:00,84.95,161.97,15.38,11.27,26.65,10.37,15.74,1.53,35.42,0.0,0.52,251.79
259,05-Jan-2021 - 00:00,06-Jan-2021 - 00:00,95.19,181.58,17.36,10.73,28.09,11.14,18.2,1.53,33.83,0.0,2.0,238.93
260,06-Jan-2021 - 00:00,07-Jan-2021 - 00:00,80.88,168.54,15.22,10.68,25.9,10.31,36.82,1.45,36.11,0.0,0.53,235.85
261,07-Jan-2021 - 00:00,08-Jan-2021 - 00:00,77.94,156.98,17.92,10.63,28.54,11.18,24.27,1.46,31.59,0.0,0.89,235.96
262,08-Jan-2021 - 00:00,09-Jan-2021 - 00:00,90.76,168.18,13.8,10.25,24.04,10.09,20.96,1.44,39.6,0.0,1.66,244.76
263,09-Jan-2021 - 00:00,10-Jan-2021 - 00:00,86.01,166.91,14.81,11.54,26.35,11.0,34.9,1.45,36.26,0.0,0.71,236.31
264,10-Jan-2021 - 00:00,11-Jan-2021 - 00:00,93.89,182.39,22.35,9.17,31.52,13.68,18.65,1.58,15.26,0.0,1.24,267.47
265,11-Jan-2021 - 00:00,12-Jan-2021 - 00:00,68.87,123.64,12.87,9.06,21.93,10.29,19.18,1.38,40.73,0.0,1.04,215.4
266,12-Jan-2021 - 00:00,13-Jan-2021 - 00:00,52.77,98.69,14.49,9.16,23.64,9.79,23.94,1.45,32.85,0.0,0.53,233.29
267,13-Jan-2021 - 00:00,14-Jan-2021 - 00:00,41.32,86.05,11.2,10.59,21.79,9.22,33.88,1.32,39.07,0.01,0.78,233.44
268,14-Jan-2021 - 00:00,15-Jan-2021 - 00:00,56.21,114.59,13.15,12.32,25.47,8.85,29.31,1.53,39.26,0.1,1.16,237.44
269,15-Jan-2021 - 00:00,16-Jan-2021 - 00:00,49.94,103.27,11.54,13.72,25.26,8.24,31.19,1.42,38.96,0.07,0.58,235.12
270,16-Jan-2021 - 00:00,17-Jan-2021 - 00:00,76.79,153.98,13.83,13.13,26.96,8.95,27.8,1.61,36.98,0.11,0.45,216.26
271,17-Jan-2021 - 00:00,18-Jan-2021 - 00:00,87.74,165.85,13.27,13.73,27.0,9.49,32.01,1.6,45.98,0.09,0.75,254.32
272,18-Jan-2021 - 00:00,19-Jan-2021 - 00:00,109.63,196.11,13.59,14.54,28.12,11.49,35.55,1.83,46.45,0.12,0.87,227.69
273,19-Jan-2021 - 00:00,20-Jan-2021 - 00:00,103.56,191.99,15.56,12.75,28.31,11.67,36.0,1.69,49.57,0.1,0.47,200.5
274,20-Jan-2021 - 00:00,21-Jan-2021 - 00:00,80.83,148.75,16.39,12.25,28.64,12.32,27.71,1.6,43.27,0.07,0.46,219.15
275,21-Jan-2021 - 00:00,22-Jan-2021 - 00:00,45.34,92.44,14.14,11.2,25.34,9.53,20.14,1.43,32.96,0.05,0.75,207.07
276,22-Jan-2021 - 00:00,23-Jan-2021 - 00:00,59.15,120.77,16.4,12.07,28.48,10.37,22.4,1.54,36.39,0.07,0.59,214.66
277,23-Jan-2021 - 00:00,24-Jan-2021 - 00:00,62.93,133.91,15.47,13.26,28.72,10.69,35.82,1.57,49.56,0.09,0.61,239.1
278,24-Jan-2021 - 00:00,25-Jan-2021 - 00:00,79.11,147.12,12.36,13.73,26.09,10.63,60.03,1.64,62.49,0.08,1.56,220.85
279,25-Jan-2021 - 00:00,26-Jan-2021 - 00:00,89.3,165.83,10.13,13.03,23.16,9.9,41.16,1.65,74.12,0.04,0.93,222.85
280,26-Jan-2021 - 00:00,27-Jan-2021 - 00:00,77.16,144.51,10.65,12.69,23.34,10.56,37.1,1.6,54.97,0.03,1.49,227.64
281,27-Jan-2021 - 00:00,28-Jan-2021 - 00:00,71.6,134.57,12.19,13.94,26.13,11.63,38.41,1.6,51.58,0.03,0.51,221.46
282,28-Jan-2021 - 00:00,29-Jan-2021 - 00:00,81.17,153.17,13.39,11.73,25.12,11.37,39.81,1.63,47.83,0.03,0.67,220.45
283,29-Jan-2021 - 00:00,30-Jan-2021 - 00:00,88.35,151.07,21.02,9.35,30.36,14.04,35.26,1.83,21.82,0.05,0.57,219.16
284,30-Jan-2021 - 00:00,31-Jan-2021 - 00:00,48.71,86.62,19.18,8.94,27.68,12.43,24.17,1.51,34.0,0.02,0.61,228.63
285,31-Jan-2021 - 00:00,01-Feb-2021 - 00:00,47.44,88.61,14.15,12.46,26.61,10.5,25.28,1.48,35.54,0.02,1.25,204.89
286,01-Feb-2021 - 00:00,02-Feb-2021 - 00:00,51.17,94.0,15.01,11.56,26.57,12.82,23.14,1.54,35.94,0.04,0.67,226.21
287,02-Feb-2021 - 00:00,03-Feb-2021 - 00:00,72.29,141.77,20.29,12.11,32.4,16.81,27.94,1.64,26.96,0.07,0.76,213.94
288,03-Feb-2021 - 00:00,04-Feb-2021 - 00:00,58.97,123.55,17.85,12.44,30.3,15.86,22.46,1.67,32.42,0.06,0.72,215.47
289,04-Feb-2021 - 00:00,05-Feb-2021 - 00:00,53.18,126.11,23.88,12.11,35.98,16.36,34.74,1.6,28.28,0.06,0.64,223.32
290,05-Feb-2021 - 00:00,06-Feb-2021 - 00:00,64.49,141.02,26.87,10.54,37.41,17.93,27.66,1.75,16.39,0.07,0.59,253.33
291,06-Feb-2021 - 00:00,07-Feb-2021 - 00:00,84.39,149.33,13.93,12.78,26.7,13.69,23.52,1.62,47.49,0.04,1.04,230.31
292,07-Feb-2021 - 00:00,08-Feb-2021 - 00:00,40.72,77.57,13.23,12.19,25.42,12.99,15.91,1.44,43.37,0.03,0.98,216.98
293,08-Feb-2021 - 00:00,09-Feb-2021 - 00:00,49.47,81.4,14.07,12.11,28.8,13.32,9.42,1.52,44.28,0.04,0.52,213.54
294,09-Feb-2021 - 00:00,10-Feb-2021 - 00:00,78.02,178.26,18.9,16.22,33.64,15.46,44.33,1.71,39.25,0.05,1.16,205.05
295,10-Feb-2021 - 00:00,11-Feb-2021 - 00:00,83.47,181.4,16.34,15.61,31.95,15.88,28.85,1.73,42.87,0.04,0.44,169.81
296,11-Feb-2021 - 00:00,12-Feb-2021 - 00:00,58.32,203.36,20.92,12.89,33.81,25.06,30.73,1.8,34.66,0.05,0.61,179.45
297,12-Feb-2021 - 00:00,13-Feb-2021 - 00:00,,159.7,14.7,13.82,28.52,24.23,32.64,1.64,39.67,0.02,0.72,185.4
298,13-Feb-2021 - 00:00,14-Feb-2021 - 00:00,,151.41,21.56,11.43,32.99,26.11,17.92,1.78,22.64,0.05,0.64,186.69
299,14-Feb-2021 - 00:00,15-Feb-2021 - 00:00,,184.02,17.67,13.66,31.32,21.2,31.06,1.82,51.02,0.04,0.6,169.24
300,15-Feb-2021 - 00:00,16-Feb-2021 - 00:00,,170.65,20.55,12.62,33.16,20.9,37.46,1.77,37.73,0.03,0.78,175.09
301,16-Feb-2021 - 00:00,17-Feb-2021 - 00:00,,111.44,12.96,12.09,25.05,17.95,39.03,1.54,49.11,0.03,1.33,205.51
302,17-Feb-2021 - 00:00,18-Feb-2021 - 00:00,,50.42,16.34,9.53,25.88,17.29,15.55,1.26,23.73,0.02,0.79,198.2
303,18-Feb-2021 - 00:00,19-Feb-2021 - 00:00,,66.65,22.74,7.05,29.79,19.97,18.4,1.1,22.43,0.02,0.72,236.08
304,19-Feb-2021 - 00:00,20-Feb-2021 - 00:00,,72.33,17.19,10.63,27.82,18.1,23.13,1.01,33.12,0.02,0.69,223.38
305,20-Feb-2021 - 00:00,21-Feb-2021 - 00:00,,119.41,15.47,13.44,28.9,18.75,38.98,1.16,37.44,0.02,0.9,214.93
306,21-Feb-2021 - 00:00,22-Feb-2021 - 00:00,,130.91,20.55,9.15,29.7,19.36,15.97,1.16,23.0,0.04,0.73,250.15
307,22-Feb-2021 - 00:00,23-Feb-2021 - 00:00,,88.41,5.97,9.4,15.37,11.65,11.99,0.93,108.58,0.0,0.71,188.09
308,23-Feb-2021 - 00:00,24-Feb-2021 - 00:00,,,,,,,,,,,,
309,24-Feb-2021 - 00:00,25-Feb-2021 - 00:00,,187.73,12.9,15.65,28.56,15.0,17.84,1.18,46.12,0.03,0.64,181.58
310,25-Feb-2021 - 00:00,26-Feb-2021 - 00:00,,171.33,24.36,12.05,36.41,18.27,18.82,1.2,37.39,0.04,0.87,218.18
311,26-Feb-2021 - 00:00,27-Feb-2021 - 00:00,,163.8,24.11,11.02,35.13,19.06,19.16,1.3,44.07,0.05,0.57,196.23
312,27-Feb-2021 - 00:00,28-Feb-2021 - 00:00,,155.59,20.26,11.79,32.04,17.13,15.8,1.27,37.67,0.04,0.6,207.27
313,28-Feb-2021 - 00:00,01-Mar-2021 - 00:00,,160.87,21.83,10.8,32.63,17.58,15.76,1.23,43.16,0.03,0.68,194.17
314,01-Mar-2021 - 00:00,02-Mar-2021 - 00:00,,149.52,18.5,10.2,28.7,18.51,20.6,1.2,36.77,0.03,0.79,200.13
315,02-Mar-2021 - 00:00,03-Mar-2021 - 00:00,,132.12,20.14,9.19,29.33,20.24,19.46,1.21,35.44,0.06,0.98,225.97
316,03-Mar-2021 - 00:00,04-Mar-2021 - 00:00,185.85,136.96,15.53,12.53,28.06,18.53,14.74,1.17,53.54,0.03,0.67,204.45
317,04-Mar-2021 - 00:00,05-Mar-2021 - 00:00,111.59,179.39,16.8,13.68,30.48,19.73,6.67,1.26,64.14,0.04,0.56,220.22
318,05-Mar-2021 - 00:00,06-Mar-2021 - 00:00,135.12,217.94,17.63,14.79,32.42,21.43,6.34,1.5,61.19,0.04,0.68,191.25
319,06-Mar-2021 - 00:00,07-Mar-2021 - 00:00,95.78,154.22,16.68,14.75,31.42,18.73,6.46,1.34,52.57,0.03,0.67,204.87
320,07-Mar-2021 - 00:00,08-Mar-2021 - 00:00,141.34,226.86,23.0,12.56,35.56,21.88,6.53,1.71,49.66,0.06,0.57,198.28
321,08-Mar-2021 - 00:00,09-Mar-2021 - 00:00,154.45,251.5,22.22,14.76,36.98,24.49,6.78,1.84,59.52,0.07,0.76,191.09
322,09-Mar-2021 - 00:00,10-Mar-2021 - 00:00,57.35,119.26,13.14,15.94,26.92,24.28,15.35,1.84,45.59,0.07,0.65,157.38
323,10-Mar-2021 - 00:00,11-Mar-2021 - 00:00,42.82,89.21,19.24,11.69,30.93,21.09,8.74,1.61,34.63,0.03,0.82,200.18
324,11-Mar-2021 - 00:00,12-Mar-2021 - 00:00,32.69,68.1,15.11,12.76,27.87,18.84,7.86,1.37,41.79,0.01,0.82,195.88
325,12-Mar-2021 - 00:00,13-Mar-2021 - 00:00,31.05,64.62,15.5,12.33,23.04,21.71,44.99,1.11,39.8,0.02,0.88,191.87
326,13-Mar-2021 - 00:00,14-Mar-2021 - 00:00,13.95,28.73,12.18,10.1,22.23,18.7,86.21,1.17,42.18,0.01,1.05,214.13
327,14-Mar-2021 - 00:00,15-Mar-2021 - 00:00,17.76,36.88,21.87,10.27,28.73,18.85,81.13,1.19,40.1,0.01,0.65,223.42
328,15-Mar-2021 - 00:00,16-Mar-2021 - 00:00,23.64,49.07,17.78,8.94,25.87,17.08,70.08,1.18,38.61,0.02,0.74,216.91
329,16-Mar-2021 - 00:00,17-Mar-2021 - 00:00,27.5,57.23,18.88,10.02,28.72,19.55,32.68,1.31,40.3,0.02,0.82,216.6
330,17-Mar-2021 - 00:00,18-Mar-2021 - 00:00,29.87,62.19,12.85,11.82,24.68,15.18,28.81,1.23,46.48,0.04,1.56,216.19
331,18-Mar-2021 - 00:00,19-Mar-2021 - 00:00,34.16,70.82,14.18,11.22,25.4,15.92,22.59,1.29,41.51,0.04,0.62,212.81
332,19-Mar-2021 - 00:00,20-Mar-2021 - 00:00,39.76,82.3,16.24,12.44,28.68,17.11,17.62,1.43,52.6,0.05,1.06,193.41
333,20-Mar-2021 - 00:00,21-Mar-2021 - 00:00,28.96,60.09,16.85,10.01,26.85,15.75,15.83,1.42,37.36,0.03,0.81,175.04
334,21-Mar-2021 - 00:00,22-Mar-2021 - 00:00,24.43,50.78,22.01,8.78,12.77,18.21,46.59,1.32,32.31,0.03,0.58,211.16
335,22-Mar-2021 - 00:00,23-Mar-2021 - 00:00,24.28,50.54,10.59,11.83,12.75,17.0,15.89,1.43,58.0,0.02,0.63,224.92
336,23-Mar-2021 - 00:00,24-Mar-2021 - 00:00,28.18,58.56,12.74,9.39,22.12,17.41,13.7,1.41,44.86,0.02,1.29,204.14
337,24-Mar-2021 - 00:00,25-Mar-2021 - 00:00,19.83,41.27,11.09,10.39,21.48,16.66,18.91,1.31,42.86,0.02,0.5,189.91
338,25-Mar-2021 - 00:00,26-Mar-2021 - 00:00,26.74,55.83,13.63,13.41,26.69,18.87,9.83,1.37,41.93,0.02,0.5,204.42
339,26-Mar-2021 - 00:00,27-Mar-2021 - 00:00,29.76,61.91,8.93,17.67,25.82,16.43,7.43,1.32,55.62,1.17,0.57,204.52
340,27-Mar-2021 - 00:00,28-Mar-2021 - 00:00,36.16,75.26,15.06,25.36,37.02,19.37,20.71,1.48,55.44,4.02,0.59,205.41
341,28-Mar-2021 - 00:00,29-Mar-2021 - 00:00,43.81,90.98,18.28,28.92,42.67,21.28,33.47,1.7,58.18,3.7,0.73,191.16
342,29-Mar-2021 - 00:00,30-Mar-2021 - 00:00,32.97,68.59,145.27,109.67,199.27,58.61,27.77,1.53,60.82,5.51,0.83,184.65
343,30-Mar-2021 - 00:00,31-Mar-2021 - 00:00,32.56,67.73,119.79,109.29,182.44,49.69,22.88,1.56,57.19,3.68,0.8,175.29
344,31-Mar-2021 - 00:00,01-Apr-2021 - 00:00,44.26,92.2,117.24,96.42,145.84,47.39,19.12,1.4,47.25,3.7,0.67,182.46
345,01-Apr-2021 - 00:00,02-Apr-2021 - 00:00,51.61,107.4,18.04,12.8,30.85,12.2,17.6,1.65,54.46,5.5,1.11,209.13
346,02-Apr-2021 - 00:00,03-Apr-2021 - 00:00,,,,,,,,,,,,
347,03-Apr-2021 - 00:00,04-Apr-2021 - 00:00,27.88,57.83,2.61,19.35,21.95,6.71,18.99,1.44,57.16,2.25,1.06,205.59
348,04-Apr-2021 - 00:00,05-Apr-2021 - 00:00,21.6,44.83,4.77,12.56,17.33,5.05,23.04,1.34,47.77,1.96,0.68,195.42
349,05-Apr-2021 - 00:00,06-Apr-2021 - 00:00,25.01,51.68,6.12,14.73,20.84,5.58,15.66,1.38,44.24,2.41,0.67,220.92
350,06-Apr-2021 - 00:00,07-Apr-2021 - 00:00,39.17,97.23,14.77,21.07,35.07,14.07,15.43,1.51,40.3,3.29,0.51,187.32
351,07-Apr-2021 - 00:00,08-Apr-2021 - 00:00,54.79,143.38,23.58,25.89,49.26,30.19,18.65,1.56,33.31,3.45,0.63,164.88
352,08-Apr-2021 - 00:00,09-Apr-2021 - 00:00,36.27,87.94,13.14,11.56,24.18,27.68,18.72,1.36,50.66,0.69,0.96,147.43
353,09-Apr-2021 - 00:00,10-Apr-2021 - 00:00,29.52,65.59,19.35,15.06,34.41,37.46,11.99,1.36,41.31,1.17,0.81,181.84
354,10-Apr-2021 - 00:00,11-Apr-2021 - 00:00,30.39,75.07,20.62,20.4,41.01,40.8,8.36,1.36,46.68,1.07,1.14,203.81
355,11-Apr-2021 - 00:00,12-Apr-2021 - 00:00,29.46,75.57,19.53,21.51,41.04,40.38,6.89,1.33,44.62,1.36,0.91,172.57
356,12-Apr-2021 - 00:00,13-Apr-2021 - 00:00,32.89,78.86,18.73,22.84,41.57,53.6,4.95,1.31,54.58,1.16,0.72,196.25
357,13-Apr-2021 - 00:00,14-Apr-2021 - 00:00,36.87,97.69,25.31,29.88,55.19,57.7,3.96,1.39,45.25,1.82,0.79,185.61
358,14-Apr-2021 - 00:00,15-Apr-2021 - 00:00,35.26,104.54,22.47,28.7,51.17,32.47,3.12,1.35,48.95,1.94,0.97,172.08
359,15-Apr-2021 - 00:00,16-Apr-2021 - 00:00,26.43,75.44,20.1,26.2,45.92,9.46,5.6,1.32,45.93,1.25,0.71,164.06
360,16-Apr-2021 - 00:00,17-Apr-2021 - 00:00,28.35,75.54,23.94,35.34,59.28,1.75,2.17,1.33,41.51,1.2,0.63,171.74
361,17-Apr-2021 - 00:00,18-Apr-2021 - 00:00,33.08,90.14,35.12,31.91,67.01,6.76,1.28,1.34,42.42,1.42,0.62,181.72
362,18-Apr-2021 - 00:00,19-Apr-2021 - 00:00,20.21,59.28,37.89,22.73,60.62,1.74,1.03,1.29,17.85,1.01,0.42,199.37
363,19-Apr-2021 - 00:00,20-Apr-2021 - 00:00,54.28,117.34,52.68,21.72,73.59,1.45,3.02,1.45,44.73,0.67,0.51,196.94
364,20-Apr-2021 - 00:00,21-Apr-2021 - 00:00,39.12,107.45,50.05,18.9,56.45,6.25,11.8,1.43,45.17,1.66,0.93,157.07
365,21-Apr-2021 - 00:00,22-Apr-2021 - 00:00,27.03,68.8,14.64,2.98,11.04,7.84,20.26,1.31,48.64,1.19,0.97,136.24
