,From Date,To Date,PM2.5 (ug/m3),PM10 (ug/m3),NO (ug/m3),NO2 (ug/m3),NOx (ppb),NH3 (ug/m3),SO2 (ug/m3),CO (mg/m3),Ozone (ug/m3),Benzene (ug/m3),Toluene (ug/m3),Temp (degree C),RH (%),WS (m/s),WD (deg),SR (W/mt2),Xylene (ug/m3)
0,21-Apr-2020 - 00:00,22-Apr-2020 - 00:00,10.14,40.52,19.37,13.01,29.1,12.24,13.08,0.81,43.02,1.33,1.45,24.99,49.57,0.47,224.4,394.14,2.0
1,22-Apr-2020 - 00:00,23-Apr-2020 - 00:00,13.42,51.52,21.83,14.01,31.51,12.64,9.15,0.73,43.02,1.36,1.58,27.43,39.69,0.34,181.55,395.62,2.0
2,23-Apr-2020 - 00:00,24-Apr-2020 - 00:00,14.96,59.91,23.58,17.13,33.63,13.04,8.62,0.85,43.02,1.31,1.15,29.35,34.76,0.4,197.33,397.48,2.0
3,24-Apr-2020 - 00:00,25-Apr-2020 - 00:00,20.69,78.42,20.46,16.21,32.28,12.37,10.65,0.66,43.02,1.3,1.1,29.88,34.58,0.35,209.84,394.59,2.0
4,25-Apr-2020 - 00:00,26-Apr-2020 - 00:00,15.76,67.41,21.95,16.36,30.29,13.42,15.93,0.78,43.02,1.29,1.09,27.06,45.18,0.49,254.1,366.57,1.98
5,26-Apr-2020 - 00:00,27-Apr-2020 - 00:00,14.49,53.08,19.84,15.62,30.03,12.01,10.85,0.69,43.02,1.3,1.1,26.07,57.28,0.81,148.34,394.77,5.34
6,27-Apr-2020 - 00:00,28-Apr-2020 - 00:00,11.21,42.8,38.23,32.86,46.57,19.71,6.43,0.75,44.15,1.25,1.06,25.82,55.7,1.2,94.78,404.63,8.48
7,28-Apr-2020 - 00:00,29-Apr-2020 - 00:00,14.19,53.7,27.88,21.08,37.33,14.63,7.09,0.79,43.57,1.3,1.1,26.82,52.57,0.61,198.51,384.9,8.81
8,29-Apr-2020 - 00:00,30-Apr-2020 - 00:00,24.47,87.72,27.17,19.55,36.6,14.16,9.02,0.76,43.57,1.3,1.1,29.68,43.75,0.32,261.57,397.18,8.72
9,30-Apr-2020 - 00:00,01-May-2020 - 00:00,24.28,113.77,25.04,16.98,34.72,13.56,8.49,0.75,43.57,1.3,1.1,31.41,38.09,0.5,258.2,367.28,8.81
10,01-May-2020 - 00:00,02-May-2020 - 00:00,32.28,141.6,21.09,15.24,30.41,12.82,9.64,0.79,43.57,1.3,1.1,32.18,38.12,0.31,198.3,399.94,8.72
11,02-May-2020 - 00:00,03-May-2020 - 00:00,28.05,113.71,21.79,17.87,32.39,12.64,8.27,0.63,42.61,1.27,1.08,28.08,59.18,0.66,162.93,367.15,8.62
12,03-May-2020 - 00:00,04-May-2020 - 00:00,15.0,62.45,22.81,16.92,32.74,13.24,7.12,0.78,27.09,1.3,1.1,26.98,54.99,0.95,178.55,387.9,8.81
13,04-May-2020 - 00:00,05-May-2020 - 00:00,19.85,74.29,19.06,15.96,28.82,12.64,8.68,0.82,27.11,1.29,1.09,28.47,51.08,0.42,208.81,396.94,8.67
14,05-May-2020 - 00:00,06-May-2020 - 00:00,18.76,74.46,19.53,14.56,29.91,12.16,7.37,0.73,27.1,1.3,1.1,30.11,38.18,0.5,258.24,398.62,8.72
15,06-May-2020 - 00:00,07-May-2020 - 00:00,23.19,74.38,19.61,12.6,28.99,12.38,10.32,0.83,27.11,1.3,1.1,28.21,33.85,0.7,218.3,370.44,8.72
16,07-May-2020 - 00:00,08-May-2020 - 00:00,19.05,50.48,31.62,27.49,39.84,17.56,9.08,0.73,38.52,1.23,1.04,28.93,31.43,0.5,209.92,390.06,8.23
17,08-May-2020 - 00:00,09-May-2020 - 00:00,34.77,84.37,30.16,23.66,39.25,15.14,10.41,0.83,43.77,1.3,1.1,31.39,33.34,0.33,258.99,395.29,8.81
18,09-May-2020 - 00:00,10-May-2020 - 00:00,37.24,88.25,22.58,18.93,32.1,13.75,10.99,0.75,43.73,1.29,1.09,33.46,30.41,0.58,207.33,398.8,8.72
19,10-May-2020 - 00:00,11-May-2020 - 00:00,39.53,90.88,20.11,13.65,30.14,12.39,9.27,0.7,43.77,1.3,1.1,30.23,39.02,0.96,118.34,398.09,8.81
20,11-May-2020 - 00:00,12-May-2020 - 00:00,31.65,70.57,20.46,15.74,30.0,12.7,7.77,0.67,43.77,1.3,1.1,29.34,42.3,1.07,118.97,396.08,8.72
21,12-May-2020 - 00:00,13-May-2020 - 00:00,24.63,48.4,22.14,16.68,30.58,13.46,9.82,0.84,43.77,1.3,1.1,29.62,44.7,0.45,232.48,403.27,8.81
22,13-May-2020 - 00:00,14-May-2020 - 00:00,46.62,89.57,19.63,15.48,30.13,12.78,9.14,0.74,43.77,1.27,1.08,30.77,44.12,0.37,215.44,391.05,8.63
23,14-May-2020 - 00:00,15-May-2020 - 00:00,39.12,73.07,21.32,15.93,32.09,12.54,8.91,0.6,43.77,1.3,1.1,24.31,74.72,0.78,149.91,367.7,8.81
24,15-May-2020 - 00:00,16-May-2020 - 00:00,23.28,46.05,22.9,16.18,32.82,12.72,9.96,0.93,43.77,1.3,1.1,28.43,52.16,0.68,298.63,404.92,8.72
25,16-May-2020 - 00:00,17-May-2020 - 00:00,36.15,70.75,19.56,15.03,29.31,12.51,9.3,0.75,43.77,1.3,1.1,31.19,40.6,0.37,302.39,400.96,8.81
26,17-May-2020 - 00:00,18-May-2020 - 00:00,40.97,77.89,20.79,16.1,31.17,12.83,11.68,0.75,43.77,1.3,1.1,32.22,30.57,0.44,280.27,389.29,8.81
27,18-May-2020 - 00:00,19-May-2020 - 00:00,45.88,76.47,21.05,15.75,28.07,11.84,35.15,0.72,43.77,1.13,0.95,31.87,20.22,0.36,231.4,328.15,7.34
28,19-May-2020 - 00:00,20-May-2020 - 00:00,33.69,58.15,21.63,14.87,30.27,12.6,20.5,0.68,53.79,1.3,1.1,31.27,22.27,0.65,223.48,387.47,8.81
29,20-May-2020 - 00:00,21-May-2020 - 00:00,43.7,69.23,21.2,15.06,30.24,12.89,12.31,0.7,64.78,1.3,1.1,31.33,27.04,0.57,292.18,385.99,8.72
30,21-May-2020 - 00:00,22-May-2020 - 00:00,53.48,82.71,20.3,15.54,30.28,12.51,11.12,0.68,64.78,1.3,1.1,33.76,22.38,0.48,263.81,387.67,8.81
31,22-May-2020 - 00:00,23-May-2020 - 00:00,67.46,112.48,19.03,13.15,29.47,12.33,22.78,0.61,39.89,1.29,1.09,35.8,23.82,0.25,194.09,397.5,8.72
32,23-May-2020 - 00:00,24-May-2020 - 00:00,53.21,94.92,18.59,12.81,28.26,12.0,19.04,0.48,17.0,1.3,1.1,35.36,24.73,0.74,111.02,365.0,8.81
33,24-May-2020 - 00:00,25-May-2020 - 00:00,28.58,57.57,18.27,11.21,26.64,12.19,18.0,0.6,17.0,1.24,1.05,33.98,26.49,0.45,248.72,393.09,8.43
34,25-May-2020 - 00:00,26-May-2020 - 00:00,21.14,73.91,17.75,10.74,27.37,12.21,19.08,0.76,17.0,1.3,1.1,36.44,24.94,0.38,265.5,396.21,8.81
35,26-May-2020 - 00:00,27-May-2020 - 00:00,49.69,88.19,17.99,10.39,27.09,12.28,33.26,0.98,17.0,1.29,1.09,36.38,23.05,0.66,180.61,387.74,8.63
36,27-May-2020 - 00:00,28-May-2020 - 00:00,36.17,64.67,16.66,10.86,26.79,11.98,15.6,0.58,17.0,1.3,1.1,35.94,23.92,0.73,148.24,394.25,8.81
37,28-May-2020 - 00:00,29-May-2020 - 00:00,45.1,97.38,17.82,10.35,27.68,12.13,10.9,0.45,17.0,1.3,1.1,32.16,32.9,1.47,106.81,395.33,8.72
38,29-May-2020 - 00:00,30-May-2020 - 00:00,28.42,79.31,19.28,11.52,29.12,11.88,12.82,0.76,17.0,1.3,1.1,29.6,45.25,1.2,96.24,393.21,8.72
39,30-May-2020 - 00:00,31-May-2020 - 00:00,23.76,50.23,21.2,15.76,32.17,13.09,5.81,0.65,17.0,1.3,1.1,27.26,57.01,1.23,130.45,371.55,8.81
40,31-May-2020 - 00:00,01-Jun-2020 - 00:00,13.51,26.28,27.84,21.22,37.11,13.96,8.23,0.64,17.0,1.3,1.1,25.87,64.77,1.16,92.67,390.23,8.72
41,01-Jun-2020 - 00:00,02-Jun-2020 - 00:00,20.59,35.67,30.92,34.41,36.27,16.29,14.3,0.71,23.81,1.23,1.04,26.84,61.44,0.72,119.67,384.46,8.32
42,02-Jun-2020 - 00:00,03-Jun-2020 - 00:00,26.92,171.36,21.99,20.74,33.85,13.9,15.74,0.68,28.11,1.3,1.1,28.72,53.5,0.49,155.71,393.16,8.81
43,03-Jun-2020 - 00:00,04-Jun-2020 - 00:00,27.26,456.2,19.99,12.55,28.75,12.13,11.32,0.57,36.93,1.3,1.1,28.8,52.53,0.4,168.61,389.15,8.72
44,04-Jun-2020 - 00:00,05-Jun-2020 - 00:00,30.0,152.97,21.55,16.55,30.3,13.05,16.26,0.75,33.65,1.22,1.03,30.55,46.82,0.49,183.24,404.1,8.26
45,05-Jun-2020 - 00:00,06-Jun-2020 - 00:00,20.39,30.44,24.04,20.08,33.24,14.11,10.9,0.72,40.04,1.3,1.1,30.11,48.72,0.61,131.05,403.69,8.81
46,06-Jun-2020 - 00:00,07-Jun-2020 - 00:00,15.51,24.78,21.52,15.98,30.83,13.13,8.76,0.77,39.85,1.3,1.1,25.59,72.62,1.08,112.97,392.93,8.72
47,07-Jun-2020 - 00:00,08-Jun-2020 - 00:00,27.8,44.36,20.9,15.28,30.07,12.79,6.1,0.58,40.04,1.3,1.1,28.37,70.59,0.64,156.6,399.72,8.81
48,08-Jun-2020 - 00:00,09-Jun-2020 - 00:00,27.43,61.76,19.18,13.05,27.4,12.59,8.92,0.59,39.61,1.29,1.09,32.01,56.22,0.43,156.21,407.5,8.63
49,09-Jun-2020 - 00:00,10-Jun-2020 - 00:00,28.29,81.44,18.1,11.3,26.16,12.09,12.7,0.57,,1.3,1.1,31.68,52.64,0.55,181.26,390.99,8.81
50,10-Jun-2020 - 00:00,11-Jun-2020 - 00:00,29.01,77.21,17.62,10.64,25.93,12.21,13.14,0.55,,1.3,1.1,30.0,60.69,0.72,126.12,393.28,8.72
51,11-Jun-2020 - 00:00,12-Jun-2020 - 00:00,32.17,89.15,16.66,9.47,25.25,11.99,10.37,0.72,,1.3,1.1,32.63,56.28,0.5,162.01,400.36,8.81
52,12-Jun-2020 - 00:00,13-Jun-2020 - 00:00,27.91,97.37,16.76,9.2,24.47,11.96,12.0,0.71,30.96,1.29,1.09,33.29,45.19,0.42,183.85,402.8,8.53
53,13-Jun-2020 - 00:00,14-Jun-2020 - 00:00,23.93,90.7,16.49,8.18,24.39,11.97,11.06,0.65,32.52,1.3,1.1,32.71,40.54,0.52,235.88,395.33,8.82
54,14-Jun-2020 - 00:00,15-Jun-2020 - 00:00,32.05,98.05,15.94,7.96,23.75,12.06,10.95,0.68,32.52,1.3,1.1,34.95,36.14,0.32,223.33,396.91,8.72
55,15-Jun-2020 - 00:00,16-Jun-2020 - 00:00,29.84,111.41,16.93,8.09,24.92,12.0,17.43,0.72,32.52,1.3,1.1,35.8,31.47,0.29,251.59,388.01,8.81
56,16-Jun-2020 - 00:00,17-Jun-2020 - 00:00,36.76,120.04,21.78,16.15,26.39,14.11,13.85,0.7,30.86,1.21,1.02,34.26,38.35,0.44,179.49,376.93,8.08
57,17-Jun-2020 - 00:00,18-Jun-2020 - 00:00,39.23,130.57,30.69,26.85,42.79,15.01,9.58,0.75,16.62,1.3,1.1,35.48,43.05,0.52,125.96,401.97,8.81
58,18-Jun-2020 - 00:00,19-Jun-2020 - 00:00,34.75,126.99,21.7,17.81,30.19,13.78,14.57,0.76,16.48,1.3,1.1,35.44,47.35,0.7,144.54,398.14,8.72
59,19-Jun-2020 - 00:00,20-Jun-2020 - 00:00,48.52,163.65,19.7,12.87,27.4,12.56,9.06,0.61,16.48,1.3,1.1,33.48,45.49,1.02,114.85,403.56,8.81
60,20-Jun-2020 - 00:00,21-Jun-2020 - 00:00,57.44,85.38,57.77,53.16,77.3,23.13,5.5,0.7,16.48,1.3,1.1,33.64,52.62,0.64,117.81,400.71,8.72
61,21-Jun-2020 - 00:00,22-Jun-2020 - 00:00,59.36,,40.8,34.38,52.48,17.87,4.69,0.7,16.48,1.3,1.1,32.66,58.64,0.6,143.55,391.28,8.81
62,22-Jun-2020 - 00:00,23-Jun-2020 - 00:00,41.07,101.18,23.47,18.36,31.88,14.52,4.75,0.68,16.48,1.3,1.1,31.87,60.37,0.8,122.56,383.68,8.72
63,23-Jun-2020 - 00:00,24-Jun-2020 - 00:00,69.74,336.96,19.11,12.25,26.04,12.71,4.32,0.66,16.48,1.3,1.1,33.51,61.15,0.7,108.45,365.0,8.81
64,24-Jun-2020 - 00:00,25-Jun-2020 - 00:00,25.32,65.89,17.11,10.14,23.59,11.99,6.55,0.6,16.48,1.21,1.02,32.51,59.45,0.96,97.34,365.82,8.03
65,25-Jun-2020 - 00:00,26-Jun-2020 - 00:00,30.93,57.47,17.8,10.64,25.6,12.0,6.0,0.73,16.48,1.3,1.1,29.7,67.95,0.49,189.83,365.21,8.81
66,26-Jun-2020 - 00:00,27-Jun-2020 - 00:00,33.75,158.02,23.69,18.31,32.53,13.69,4.77,0.67,16.48,1.29,1.08,32.27,61.15,0.49,166.82,390.56,8.54
67,27-Jun-2020 - 00:00,28-Jun-2020 - 00:00,50.93,,25.63,20.91,35.6,14.01,4.55,0.66,16.48,1.3,1.1,34.17,60.24,0.46,190.43,367.64,8.81
68,28-Jun-2020 - 00:00,29-Jun-2020 - 00:00,43.93,40.0,22.05,16.67,27.76,13.43,5.17,0.64,16.48,1.19,1.01,33.93,59.04,0.48,165.68,365.17,8.08
69,29-Jun-2020 - 00:00,30-Jun-2020 - 00:00,27.14,61.36,27.52,20.59,34.99,14.95,4.9,0.67,16.48,1.3,1.1,30.19,61.6,0.76,154.89,365.09,8.81
70,30-Jun-2020 - 00:00,01-Jul-2020 - 00:00,42.36,77.63,22.15,15.49,30.04,13.47,4.6,0.68,16.48,1.3,1.1,32.37,67.1,0.55,118.5,365.0,8.72
71,01-Jul-2020 - 00:00,02-Jul-2020 - 00:00,43.67,81.48,22.24,17.52,31.58,12.96,5.59,0.68,16.48,1.3,1.1,33.77,62.55,0.49,146.58,365.0,8.81
72,02-Jul-2020 - 00:00,03-Jul-2020 - 00:00,43.72,96.82,20.1,14.23,27.83,13.13,6.45,0.7,16.48,1.29,1.09,35.5,54.95,0.38,193.87,368.25,8.72
73,03-Jul-2020 - 00:00,04-Jul-2020 - 00:00,48.54,117.97,19.78,14.25,27.51,12.72,4.57,0.7,16.48,1.26,1.07,36.56,53.56,0.58,156.04,365.0,8.54
74,04-Jul-2020 - 00:00,05-Jul-2020 - 00:00,42.34,77.45,18.26,14.86,26.53,12.68,4.15,0.84,17.71,1.27,1.07,32.12,65.98,1.15,131.0,368.49,8.61
75,05-Jul-2020 - 00:00,06-Jul-2020 - 00:00,22.52,34.59,22.75,17.65,31.24,13.31,4.43,0.7,25.29,1.3,1.1,29.26,71.27,0.82,152.5,403.39,8.81
76,06-Jul-2020 - 00:00,07-Jul-2020 - 00:00,32.54,57.88,26.61,22.1,35.38,14.39,4.71,0.63,24.5,1.25,1.06,32.02,65.54,0.3,151.44,381.5,8.5
77,07-Jul-2020 - 00:00,08-Jul-2020 - 00:00,34.21,68.2,20.1,14.97,28.94,13.33,4.33,0.68,23.62,1.3,1.1,32.68,65.56,0.55,117.49,391.79,8.81
78,08-Jul-2020 - 00:00,09-Jul-2020 - 00:00,22.88,38.03,17.27,11.82,25.57,12.77,4.52,0.69,23.62,1.29,1.09,29.88,75.99,0.88,102.46,392.53,8.61
79,09-Jul-2020 - 00:00,10-Jul-2020 - 00:00,24.91,46.8,18.32,10.24,25.44,12.3,5.19,0.71,23.62,1.3,1.1,32.03,69.94,0.52,150.32,370.52,8.81
80,10-Jul-2020 - 00:00,11-Jul-2020 - 00:00,37.29,93.03,16.97,9.7,24.79,12.35,4.72,0.77,14.85,1.28,1.08,33.49,66.85,0.75,185.32,383.44,8.37
81,11-Jul-2020 - 00:00,12-Jul-2020 - 00:00,24.44,50.43,18.16,10.82,25.54,12.3,4.53,0.67,5.0,1.3,1.1,30.47,73.66,0.77,128.68,404.26,8.81
82,12-Jul-2020 - 00:00,13-Jul-2020 - 00:00,24.28,36.55,16.2,7.67,21.75,12.11,6.0,0.76,5.0,1.2,1.01,28.36,77.19,0.68,149.41,396.35,8.13
83,13-Jul-2020 - 00:00,14-Jul-2020 - 00:00,31.07,63.97,16.72,8.76,24.55,12.09,8.76,0.68,5.0,1.3,1.1,30.42,71.97,0.36,216.67,397.71,8.81
84,14-Jul-2020 - 00:00,15-Jul-2020 - 00:00,34.61,88.19,16.43,8.6,24.82,11.96,4.94,0.7,5.0,1.3,1.1,33.02,72.84,0.46,209.59,403.76,8.72
85,15-Jul-2020 - 00:00,16-Jul-2020 - 00:00,27.39,66.64,17.71,9.96,25.49,12.11,5.58,0.68,5.0,1.3,1.1,31.8,70.11,0.56,143.24,402.22,8.81
86,16-Jul-2020 - 00:00,17-Jul-2020 - 00:00,29.23,41.31,14.06,15.16,9.84,11.81,4.2,0.47,5.95,0.6,0.51,29.45,73.78,1.25,107.92,374.41,3.68
87,17-Jul-2020 - 00:00,18-Jul-2020 - 00:00,14.37,60.11,,15.02,0.0,409.64,5.49,0.48,6.66,0.93,0.79,30.45,93.82,0.44,81.41,365.0,6.33
88,18-Jul-2020 - 00:00,19-Jul-2020 - 00:00,14.35,57.97,,,,,5.87,0.71,14.61,1.3,1.1,32.77,77.2,0.43,116.25,392.52,8.81
89,19-Jul-2020 - 00:00,20-Jul-2020 - 00:00,,,,,,,6.61,0.7,16.01,1.3,1.1,29.31,87.0,0.66,129.23,390.16,8.71
90,20-Jul-2020 - 00:00,21-Jul-2020 - 00:00,17.23,43.51,38.24,35.49,49.28,19.24,4.7,0.66,11.63,1.3,1.1,27.52,81.03,0.51,152.81,391.43,8.81
91,21-Jul-2020 - 00:00,22-Jul-2020 - 00:00,18.4,47.87,22.96,15.57,26.44,16.14,7.31,0.64,11.63,1.14,1.02,25.55,92.51,0.5,166.61,364.95,7.74
92,22-Jul-2020 - 00:00,23-Jul-2020 - 00:00,22.39,59.6,17.02,9.78,25.24,12.28,12.94,0.62,11.63,1.3,1.1,28.66,80.76,0.27,207.16,381.8,8.81
93,23-Jul-2020 - 00:00,24-Jul-2020 - 00:00,24.57,76.13,17.44,9.26,25.0,12.04,5.7,0.25,11.63,1.3,1.1,30.69,75.94,0.4,210.46,396.44,8.72
94,24-Jul-2020 - 00:00,25-Jul-2020 - 00:00,20.8,50.03,17.62,9.71,26.02,12.0,4.29,0.28,11.63,1.59,1.55,31.47,76.79,0.48,117.79,387.93,8.72
95,25-Jul-2020 - 00:00,26-Jul-2020 - 00:00,18.43,34.76,16.72,8.94,24.55,12.35,4.44,0.34,11.63,1.32,1.8,32.09,69.74,0.75,105.48,365.0,8.55
96,26-Jul-2020 - 00:00,27-Jul-2020 - 00:00,20.21,52.16,17.3,10.55,25.46,12.07,4.61,0.32,11.63,1.36,1.82,31.21,80.83,0.4,149.99,365.0,8.81
97,27-Jul-2020 - 00:00,28-Jul-2020 - 00:00,21.94,57.73,16.73,9.56,24.94,11.71,3.9,0.29,11.63,1.4,1.78,32.63,76.65,0.47,231.71,365.0,8.72
98,28-Jul-2020 - 00:00,29-Jul-2020 - 00:00,18.11,61.8,16.48,10.27,24.3,12.18,4.57,0.31,11.63,1.36,1.54,33.14,77.22,0.49,162.54,365.0,8.72
99,29-Jul-2020 - 00:00,30-Jul-2020 - 00:00,17.14,46.1,16.65,9.45,24.56,12.0,4.64,0.3,11.63,1.33,1.4,30.34,77.44,0.87,114.95,365.0,8.81
100,30-Jul-2020 - 00:00,31-Jul-2020 - 00:00,16.2,38.33,16.39,8.74,23.84,12.06,4.57,0.3,11.63,1.32,1.37,28.76,85.73,0.66,111.23,365.0,8.72
101,31-Jul-2020 - 00:00,01-Aug-2020 - 00:00,16.5,55.82,17.27,9.64,24.67,12.35,4.7,0.31,11.63,1.32,1.4,30.87,77.04,0.44,136.37,365.0,8.81
102,01-Aug-2020 - 00:00,02-Aug-2020 - 00:00,16.54,134.39,17.58,10.13,25.1,11.95,4.5,0.31,11.63,1.35,1.43,29.92,79.96,0.4,164.6,365.0,8.72
103,02-Aug-2020 - 00:00,03-Aug-2020 - 00:00,14.92,47.14,17.17,10.0,25.15,11.85,4.51,0.3,11.63,1.35,1.47,30.18,80.27,0.4,155.68,365.0,8.81
104,03-Aug-2020 - 00:00,04-Aug-2020 - 00:00,17.58,354.5,16.09,8.61,22.82,12.02,4.41,0.28,11.63,1.28,1.42,32.24,73.25,0.52,130.01,365.0,8.32
105,04-Aug-2020 - 00:00,05-Aug-2020 - 00:00,19.67,42.12,16.96,9.98,25.14,12.01,4.45,0.3,11.63,1.35,1.54,31.53,71.98,0.52,123.69,365.0,8.72
106,05-Aug-2020 - 00:00,06-Aug-2020 - 00:00,17.69,43.7,17.12,9.66,24.29,12.28,4.44,0.28,11.63,1.35,1.59,32.3,74.78,0.69,102.62,365.0,8.81
107,06-Aug-2020 - 00:00,07-Aug-2020 - 00:00,21.94,40.34,17.53,10.12,25.18,12.04,4.34,0.29,11.63,1.32,1.66,33.2,65.53,0.38,170.21,365.0,8.72
108,07-Aug-2020 - 00:00,08-Aug-2020 - 00:00,28.54,52.64,17.45,10.12,25.19,12.0,4.81,0.3,11.63,1.32,1.57,32.42,73.51,0.58,106.59,365.0,8.81
109,08-Aug-2020 - 00:00,09-Aug-2020 - 00:00,23.39,136.13,16.2,9.72,22.45,12.08,4.6,0.3,11.63,1.27,1.79,31.87,80.73,0.32,144.98,365.0,8.29
110,09-Aug-2020 - 00:00,10-Aug-2020 - 00:00,16.92,65.76,16.51,9.56,24.4,12.15,4.55,0.3,11.63,1.46,1.95,29.78,91.4,0.46,208.98,365.0,8.81
111,10-Aug-2020 - 00:00,11-Aug-2020 - 00:00,23.42,54.54,16.89,9.47,24.55,11.96,5.39,0.27,11.63,1.36,1.73,29.73,86.59,0.52,131.98,366.48,8.63
112,11-Aug-2020 - 00:00,12-Aug-2020 - 00:00,45.33,92.72,17.77,9.76,25.43,12.0,6.6,0.3,11.63,1.36,1.75,31.79,79.88,0.36,187.58,365.0,8.73
113,12-Aug-2020 - 00:00,13-Aug-2020 - 00:00,36.97,63.9,16.31,9.14,24.43,12.03,6.62,0.29,11.63,1.37,2.07,32.5,83.6,0.44,158.55,365.0,8.81
114,13-Aug-2020 - 00:00,14-Aug-2020 - 00:00,32.25,60.26,16.39,9.13,24.15,11.92,6.7,0.3,11.63,1.33,1.86,30.88,86.98,0.91,108.48,365.0,8.72
115,14-Aug-2020 - 00:00,15-Aug-2020 - 00:00,30.64,51.75,16.5,8.4,24.42,12.05,6.49,0.32,11.63,1.32,1.74,29.84,87.32,0.76,106.03,365.0,8.81
116,15-Aug-2020 - 00:00,16-Aug-2020 - 00:00,34.11,55.08,17.89,8.53,25.88,12.27,6.85,0.31,11.63,1.33,1.9,32.0,75.06,0.39,157.7,402.44,8.72
117,16-Aug-2020 - 00:00,17-Aug-2020 - 00:00,45.14,62.6,16.36,8.27,24.58,11.94,6.82,0.3,11.63,1.34,1.9,32.0,81.16,0.43,132.33,390.25,8.81
118,17-Aug-2020 - 00:00,18-Aug-2020 - 00:00,43.95,66.09,16.05,7.92,23.6,11.94,7.11,0.29,11.63,1.31,1.84,31.12,86.89,0.66,101.82,381.05,8.61
119,18-Aug-2020 - 00:00,19-Aug-2020 - 00:00,36.53,63.35,16.1,8.32,24.28,12.01,7.19,0.3,11.63,1.31,1.69,31.6,81.22,0.54,128.6,381.84,8.81
120,19-Aug-2020 - 00:00,20-Aug-2020 - 00:00,37.42,61.6,16.26,8.02,22.14,11.91,9.16,0.26,11.63,1.21,1.56,28.89,87.46,0.47,146.16,385.8,7.93
121,20-Aug-2020 - 00:00,21-Aug-2020 - 00:00,29.66,44.95,16.13,8.34,23.95,12.06,8.83,0.3,11.63,1.33,1.46,26.25,96.68,0.76,96.84,365.83,8.72
122,21-Aug-2020 - 00:00,22-Aug-2020 - 00:00,27.63,43.13,16.49,9.21,24.03,11.92,8.6,0.3,52.2,1.33,1.94,27.02,93.53,0.81,97.15,365.08,8.54
123,22-Aug-2020 - 00:00,23-Aug-2020 - 00:00,22.01,48.78,16.72,9.23,24.28,12.1,8.67,0.3,,1.4,2.91,30.16,73.58,0.36,227.61,365.0,8.72
124,23-Aug-2020 - 00:00,24-Aug-2020 - 00:00,20.73,63.39,16.23,8.57,20.27,11.94,8.45,0.25,,1.28,2.4,30.72,83.31,0.37,110.56,372.07,7.38
125,24-Aug-2020 - 00:00,25-Aug-2020 - 00:00,13.77,49.08,16.33,9.08,23.8,11.79,8.64,0.29,,1.33,2.19,31.07,80.6,0.44,112.68,365.0,8.54
126,25-Aug-2020 - 00:00,26-Aug-2020 - 00:00,19.68,51.5,16.75,8.88,24.28,11.85,8.33,0.29,,1.34,2.07,29.95,86.49,0.68,99.89,368.06,8.53
127,26-Aug-2020 - 00:00,27-Aug-2020 - 00:00,19.11,49.98,16.13,8.81,24.23,11.96,8.49,0.3,,1.35,2.07,29.01,88.01,0.49,116.42,365.0,8.81
128,27-Aug-2020 - 00:00,28-Aug-2020 - 00:00,13.75,36.4,16.94,9.48,25.26,11.99,8.49,0.29,43.38,1.33,1.92,28.17,85.88,0.44,144.39,365.0,8.7
129,28-Aug-2020 - 00:00,29-Aug-2020 - 00:00,11.5,19.82,16.73,7.94,24.05,12.0,8.51,0.31,63.9,1.31,2.2,26.13,91.22,0.42,146.42,365.06,8.72
130,29-Aug-2020 - 00:00,30-Aug-2020 - 00:00,24.66,46.12,15.84,8.05,23.91,12.04,8.74,0.32,75.29,1.41,2.68,30.61,83.95,0.25,172.37,365.0,8.58
131,30-Aug-2020 - 00:00,31-Aug-2020 - 00:00,31.68,52.14,18.55,9.51,25.91,12.05,8.65,0.29,71.91,1.4,2.18,29.81,85.04,0.52,127.55,365.0,8.63
132,31-Aug-2020 - 00:00,01-Sep-2020 - 00:00,13.72,30.87,18.66,15.9,26.2,13.03,8.22,0.29,42.67,1.25,1.63,29.47,80.45,1.02,94.13,366.65,8.15
133,01-Sep-2020 - 00:00,02-Sep-2020 - 00:00,14.04,29.48,18.68,11.62,26.06,12.93,8.53,0.33,44.78,1.32,1.77,29.17,82.33,0.67,105.58,365.0,8.81
134,02-Sep-2020 - 00:00,03-Sep-2020 - 00:00,22.3,40.04,17.88,10.96,23.9,12.9,8.71,0.3,38.95,1.33,1.58,30.25,77.84,0.51,102.35,418.4,8.63
135,03-Sep-2020 - 00:00,04-Sep-2020 - 00:00,16.64,32.93,,,,,9.07,0.26,38.12,1.32,2.14,28.8,83.45,0.71,95.91,450.56,8.81
136,04-Sep-2020 - 00:00,05-Sep-2020 - 00:00,14.04,25.6,219.33,146.6,154.66,123.65,11.67,0.27,35.74,1.31,2.27,25.69,98.75,0.45,222.86,373.92,7.99
137,05-Sep-2020 - 00:00,06-Sep-2020 - 00:00,19.28,38.73,,,,,12.58,0.31,42.55,1.45,2.42,28.76,83.37,0.29,231.33,489.37,8.81
138,06-Sep-2020 - 00:00,07-Sep-2020 - 00:00,38.49,63.17,,,0.0,,10.25,0.29,66.68,1.39,2.25,29.48,80.67,0.41,189.09,475.13,8.33
139,07-Sep-2020 - 00:00,08-Sep-2020 - 00:00,17.3,38.22,,,,,13.48,0.3,68.84,1.38,2.25,29.67,72.11,0.42,238.89,477.49,8.81
140,08-Sep-2020 - 00:00,09-Sep-2020 - 00:00,47.44,78.8,,,0.0,,9.41,0.27,42.08,1.31,1.86,31.14,77.68,0.38,249.25,500.75,7.68
141,09-Sep-2020 - 00:00,10-Sep-2020 - 00:00,39.95,71.81,,,0.0,,9.43,0.25,14.15,1.15,1.92,30.64,75.07,0.36,237.67,383.94,6.87
142,10-Sep-2020 - 00:00,11-Sep-2020 - 00:00,50.46,94.64,,,0.0,,10.36,0.28,17.64,1.42,2.31,31.57,68.22,0.38,236.36,473.05,8.43
143,11-Sep-2020 - 00:00,12-Sep-2020 - 00:00,35.53,72.38,,,,,9.1,0.28,21.55,1.42,2.26,31.55,68.26,0.34,183.35,432.89,8.81
144,12-Sep-2020 - 00:00,13-Sep-2020 - 00:00,35.22,73.47,,,0.0,,8.99,0.27,26.79,1.44,2.38,31.17,68.68,0.26,218.66,424.31,8.6
145,13-Sep-2020 - 00:00,14-Sep-2020 - 00:00,34.52,64.78,,,0.0,,8.93,0.29,31.83,1.39,2.32,31.93,66.28,0.31,212.97,437.92,8.63
146,14-Sep-2020 - 00:00,15-Sep-2020 - 00:00,42.82,80.17,,,,,8.83,0.29,29.88,1.42,2.41,31.86,66.39,0.47,212.53,461.77,8.72
147,15-Sep-2020 - 00:00,16-Sep-2020 - 00:00,54.89,105.54,,,,,9.54,0.32,16.95,1.45,2.24,31.84,70.57,0.39,269.3,457.41,8.5
148,16-Sep-2020 - 00:00,17-Sep-2020 - 00:00,63.55,113.32,,,,,10.19,0.3,22.09,1.54,2.34,32.49,64.4,0.4,264.39,464.96,8.81
149,17-Sep-2020 - 00:00,18-Sep-2020 - 00:00,53.44,96.71,16.62,8.8,24.77,12.14,10.14,0.27,24.94,1.47,2.41,32.48,57.38,0.33,255.04,443.44,8.72
150,18-Sep-2020 - 00:00,19-Sep-2020 - 00:00,59.27,101.19,13.82,11.05,20.8,12.11,12.62,0.3,28.1,1.53,2.26,32.28,67.62,0.37,173.14,450.75,8.81
151,19-Sep-2020 - 00:00,20-Sep-2020 - 00:00,48.94,94.78,13.91,18.17,23.76,12.29,9.52,0.27,29.56,1.39,1.85,33.12,59.01,0.42,254.17,461.54,8.15
152,20-Sep-2020 - 00:00,21-Sep-2020 - 00:00,52.86,89.29,12.7,19.26,30.41,11.97,10.13,0.3,24.77,1.47,2.2,31.92,61.73,0.47,275.13,441.1,8.81
153,21-Sep-2020 - 00:00,22-Sep-2020 - 00:00,51.22,94.02,11.9,19.14,30.16,12.08,10.23,0.29,29.18,1.5,2.52,32.04,49.65,0.31,244.43,425.28,8.54
154,22-Sep-2020 - 00:00,23-Sep-2020 - 00:00,58.41,103.32,12.48,19.46,31.28,11.98,11.21,0.31,35.85,1.54,2.4,31.78,54.74,0.32,188.8,472.41,8.81
155,23-Sep-2020 - 00:00,24-Sep-2020 - 00:00,70.84,113.16,12.08,19.47,30.35,12.21,12.53,0.32,33.47,1.48,2.0,31.59,60.23,0.39,188.41,471.03,8.72
156,24-Sep-2020 - 00:00,25-Sep-2020 - 00:00,73.01,125.27,12.78,19.41,30.22,12.25,9.77,0.29,28.11,1.54,1.74,31.41,63.11,0.42,245.6,496.08,8.62
157,25-Sep-2020 - 00:00,26-Sep-2020 - 00:00,52.96,104.22,11.96,19.35,30.93,12.0,10.77,0.28,24.42,1.57,2.01,30.99,61.92,0.36,177.68,470.59,8.72
158,26-Sep-2020 - 00:00,27-Sep-2020 - 00:00,46.98,87.71,17.4,19.8,36.06,13.06,11.73,0.31,23.98,1.45,1.82,30.54,58.36,0.4,142.96,430.34,8.81
159,27-Sep-2020 - 00:00,28-Sep-2020 - 00:00,46.51,106.88,12.01,19.35,27.06,11.89,13.47,0.35,28.73,1.29,1.53,31.68,50.69,0.29,151.58,509.01,7.98
160,28-Sep-2020 - 00:00,29-Sep-2020 - 00:00,47.86,104.15,13.52,19.46,30.68,12.56,12.92,0.32,26.51,1.48,2.14,29.79,58.48,0.33,224.18,469.83,8.81
161,29-Sep-2020 - 00:00,30-Sep-2020 - 00:00,52.77,116.24,16.44,21.78,36.15,14.95,10.82,0.3,33.1,1.6,2.16,29.59,57.09,0.41,266.12,453.19,8.63
162,30-Sep-2020 - 00:00,01-Oct-2020 - 00:00,45.88,103.91,12.46,19.32,31.6,12.09,11.5,0.28,28.86,1.51,1.87,29.68,53.99,0.33,271.68,435.42,8.81
163,01-Oct-2020 - 00:00,02-Oct-2020 - 00:00,62.93,114.84,17.12,20.63,31.85,12.23,16.09,0.3,28.92,1.52,1.98,29.88,52.82,0.31,235.26,451.87,8.24
164,02-Oct-2020 - 00:00,03-Oct-2020 - 00:00,48.66,317.88,12.71,19.52,31.45,12.15,11.85,0.29,33.32,1.46,1.78,28.97,47.93,0.42,299.72,450.44,8.63
165,03-Oct-2020 - 00:00,04-Oct-2020 - 00:00,66.92,,13.32,19.66,30.22,11.82,13.03,0.29,33.63,1.61,2.2,28.92,45.76,0.28,236.7,422.67,8.62
166,04-Oct-2020 - 00:00,05-Oct-2020 - 00:00,64.98,,12.79,19.98,31.28,11.94,11.74,0.31,37.09,1.67,2.18,28.85,44.59,0.32,245.67,417.89,8.81
167,05-Oct-2020 - 00:00,06-Oct-2020 - 00:00,68.74,87.31,12.38,19.03,22.95,12.14,15.89,0.23,31.85,1.16,1.6,28.27,47.17,0.33,243.76,351.22,6.19
168,06-Oct-2020 - 00:00,07-Oct-2020 - 00:00,78.14,105.34,12.13,19.43,31.39,12.12,12.78,0.32,28.84,1.66,2.03,28.41,47.21,0.22,162.27,453.16,8.81
169,07-Oct-2020 - 00:00,08-Oct-2020 - 00:00,68.05,139.42,12.42,19.34,31.59,12.2,15.2,0.3,17.75,1.76,1.98,28.9,47.1,0.29,185.43,435.4,8.72
170,08-Oct-2020 - 00:00,09-Oct-2020 - 00:00,70.9,177.03,27.26,34.94,97.19,24.26,14.88,0.28,19.76,1.59,1.81,29.2,45.24,0.38,234.81,448.71,8.26
171,09-Oct-2020 - 00:00,10-Oct-2020 - 00:00,77.24,169.01,28.42,23.89,45.76,23.16,20.84,0.29,17.86,1.66,2.09,28.58,48.74,0.24,220.65,456.2,8.72
172,10-Oct-2020 - 00:00,11-Oct-2020 - 00:00,76.9,161.45,18.9,21.18,35.19,41.63,17.71,0.3,19.72,1.6,1.94,28.59,47.78,0.29,242.71,439.52,8.81
173,11-Oct-2020 - 00:00,12-Oct-2020 - 00:00,79.0,174.12,43.84,28.14,44.81,46.77,13.99,0.32,17.93,1.6,1.87,28.75,43.63,0.25,211.41,436.92,8.44
174,12-Oct-2020 - 00:00,13-Oct-2020 - 00:00,76.53,160.92,14.77,19.56,31.56,41.04,19.19,0.28,18.75,1.63,1.97,28.56,44.48,0.19,180.64,449.83,8.72
175,13-Oct-2020 - 00:00,14-Oct-2020 - 00:00,73.8,145.09,12.84,19.55,29.31,34.62,15.26,0.34,18.85,1.76,2.4,28.4,49.34,0.3,177.13,436.71,8.81
176,14-Oct-2020 - 00:00,15-Oct-2020 - 00:00,61.91,123.82,15.35,15.69,29.85,19.69,13.52,0.23,18.36,2.08,2.59,27.24,49.14,0.36,272.45,423.46,8.68
177,15-Oct-2020 - 00:00,16-Oct-2020 - 00:00,76.71,153.72,20.58,17.48,37.14,11.7,30.3,0.39,14.24,1.91,2.58,27.16,39.8,0.25,239.64,398.64,8.54
178,16-Oct-2020 - 00:00,17-Oct-2020 - 00:00,71.06,130.74,15.36,17.24,32.27,7.28,13.46,0.35,16.75,1.94,2.41,27.06,40.92,0.25,234.51,452.0,8.72
179,17-Oct-2020 - 00:00,18-Oct-2020 - 00:00,72.22,143.88,15.94,16.6,32.54,10.3,9.46,0.35,18.21,1.88,2.39,27.24,38.99,0.25,245.16,445.09,8.72
180,18-Oct-2020 - 00:00,19-Oct-2020 - 00:00,72.07,149.45,12.61,15.0,27.33,13.05,7.54,0.4,20.76,1.8,2.15,26.63,38.83,0.32,294.61,443.59,8.73
181,19-Oct-2020 - 00:00,20-Oct-2020 - 00:00,73.29,153.22,12.36,15.1,27.46,13.11,10.15,0.4,19.39,1.75,2.13,26.71,38.24,0.26,268.84,428.56,8.73
182,20-Oct-2020 - 00:00,21-Oct-2020 - 00:00,75.17,161.85,23.68,21.33,44.75,11.86,12.37,0.47,16.49,1.73,1.66,25.65,44.19,0.2,196.47,440.77,8.72
183,21-Oct-2020 - 00:00,22-Oct-2020 - 00:00,93.84,174.65,43.19,41.77,83.44,2.31,13.48,0.42,17.63,1.84,1.09,25.78,44.18,0.24,184.7,421.95,8.72
184,22-Oct-2020 - 00:00,23-Oct-2020 - 00:00,63.89,125.84,26.99,48.72,75.58,2.56,19.88,0.48,13.81,1.39,1.1,25.16,41.17,0.24,218.84,428.92,8.72
185,23-Oct-2020 - 00:00,24-Oct-2020 - 00:00,113.76,202.24,28.98,54.05,82.54,2.54,12.79,0.32,14.81,1.63,1.1,24.75,44.87,0.14,206.02,416.51,8.72
186,24-Oct-2020 - 00:00,25-Oct-2020 - 00:00,81.86,155.56,25.37,52.63,77.15,2.67,11.34,0.47,16.13,1.57,1.09,25.07,46.46,0.23,215.68,425.35,8.72
187,25-Oct-2020 - 00:00,26-Oct-2020 - 00:00,66.5,120.54,23.71,48.74,72.38,2.77,15.21,0.39,18.19,1.75,1.1,25.15,46.67,0.26,186.83,418.72,8.81
188,26-Oct-2020 - 00:00,27-Oct-2020 - 00:00,51.49,116.26,20.57,38.23,58.14,3.21,6.69,0.36,17.35,1.52,1.79,23.89,44.65,0.36,278.96,427.09,8.72
189,27-Oct-2020 - 00:00,28-Oct-2020 - 00:00,71.6,135.55,16.32,16.53,32.85,6.52,7.71,0.51,17.57,1.63,2.95,23.75,39.02,0.3,239.89,378.74,8.71
190,28-Oct-2020 - 00:00,29-Oct-2020 - 00:00,88.98,184.94,17.48,15.51,32.98,11.1,9.4,0.5,16.45,2.01,3.21,23.18,44.72,0.16,195.69,323.35,8.81
191,29-Oct-2020 - 00:00,30-Oct-2020 - 00:00,97.71,186.52,19.23,15.41,34.64,13.5,20.28,0.51,14.72,2.08,2.54,22.84,44.84,0.21,181.66,271.62,8.72
192,30-Oct-2020 - 00:00,31-Oct-2020 - 00:00,83.13,160.43,19.27,13.22,32.48,6.72,12.24,0.39,21.83,1.76,1.62,23.48,45.4,0.35,269.19,293.19,8.71
193,31-Oct-2020 - 00:00,01-Nov-2020 - 00:00,79.11,152.5,16.74,11.38,27.24,14.43,7.26,0.43,17.99,1.61,2.36,22.0,44.84,0.31,275.16,261.75,8.45
194,01-Nov-2020 - 00:00,02-Nov-2020 - 00:00,116.04,201.92,18.68,15.06,33.13,21.59,15.56,1.17,16.13,2.41,3.38,22.27,39.0,0.27,200.05,254.35,8.72
195,02-Nov-2020 - 00:00,03-Nov-2020 - 00:00,100.21,195.81,18.65,14.89,33.53,16.99,17.75,3.03,13.22,2.31,2.92,22.35,41.32,0.25,182.0,260.36,8.81
196,03-Nov-2020 - 00:00,04-Nov-2020 - 00:00,120.2,236.66,17.16,18.14,34.47,19.42,15.02,0.0,18.52,2.1,7.46,22.02,46.38,0.21,199.27,237.38,8.46
197,04-Nov-2020 - 00:00,05-Nov-2020 - 00:00,117.66,220.45,19.4,19.09,38.43,17.37,15.59,,17.15,1.93,5.25,22.05,47.21,0.24,204.72,250.25,8.72
198,05-Nov-2020 - 00:00,06-Nov-2020 - 00:00,108.38,186.23,20.21,23.61,41.78,12.92,13.56,0.0,19.43,1.86,1.05,22.34,44.79,0.23,190.22,280.79,8.3
199,06-Nov-2020 - 00:00,07-Nov-2020 - 00:00,104.63,180.81,19.83,18.58,38.41,13.25,19.34,,18.06,1.97,1.91,21.92,46.13,0.22,229.94,275.47,8.81
200,07-Nov-2020 - 00:00,08-Nov-2020 - 00:00,115.25,208.49,20.4,15.77,35.5,13.39,14.64,0.0,24.17,2.06,3.09,21.54,43.33,0.23,247.6,269.8,8.54
201,08-Nov-2020 - 00:00,09-Nov-2020 - 00:00,177.89,299.47,20.0,17.24,37.21,13.3,12.52,,13.59,3.33,4.39,20.25,52.25,0.13,177.31,218.11,8.58
202,09-Nov-2020 - 00:00,10-Nov-2020 - 00:00,137.32,252.25,22.11,17.98,39.73,13.1,11.54,0.0,17.24,2.49,3.68,21.09,54.56,0.13,186.07,237.12,8.72
203,10-Nov-2020 - 00:00,11-Nov-2020 - 00:00,119.75,202.01,20.33,17.1,37.3,13.3,23.2,0.36,17.59,2.22,3.21,21.36,54.03,0.23,211.27,230.19,8.52
204,11-Nov-2020 - 00:00,12-Nov-2020 - 00:00,137.06,224.02,28.57,20.27,40.63,19.36,20.78,0.76,15.91,2.74,2.5,21.12,52.82,0.14,222.4,208.75,8.63
205,12-Nov-2020 - 00:00,13-Nov-2020 - 00:00,118.17,204.6,26.64,19.71,46.3,28.22,11.89,0.47,13.4,2.81,2.63,19.9,54.65,0.16,237.07,178.26,8.72
206,13-Nov-2020 - 00:00,14-Nov-2020 - 00:00,144.31,241.52,21.68,16.44,38.11,27.87,10.66,0.44,17.18,2.43,3.62,19.94,53.89,0.15,219.83,232.05,8.81
207,14-Nov-2020 - 00:00,15-Nov-2020 - 00:00,201.45,315.06,23.56,15.66,38.59,24.5,19.12,0.74,15.21,2.35,2.91,19.64,59.66,0.28,138.78,170.24,8.71
208,15-Nov-2020 - 00:00,16-Nov-2020 - 00:00,207.7,338.01,21.61,22.85,43.98,34.72,19.14,0.71,20.64,1.57,2.15,16.9,74.89,0.95,117.46,153.94,8.54
209,16-Nov-2020 - 00:00,17-Nov-2020 - 00:00,19.84,82.67,19.96,21.45,41.4,56.6,13.4,0.53,14.87,1.34,2.07,16.35,85.72,0.52,170.04,207.84,8.82
210,17-Nov-2020 - 00:00,18-Nov-2020 - 00:00,29.03,70.89,19.32,23.54,42.36,64.93,7.62,0.33,13.09,1.46,2.1,17.22,70.0,0.44,270.39,238.43,8.43
211,18-Nov-2020 - 00:00,19-Nov-2020 - 00:00,51.42,101.44,21.4,18.08,39.49,44.54,3.86,0.22,15.57,1.59,1.95,16.62,59.51,0.32,250.82,225.42,8.82
212,19-Nov-2020 - 00:00,20-Nov-2020 - 00:00,50.5,122.8,27.3,11.78,20.08,34.8,6.18,0.24,8.93,1.13,1.09,15.06,65.25,0.06,155.65,63.05,4.16
213,20-Nov-2020 - 00:00,21-Nov-2020 - 00:00,52.32,102.4,16.6,9.33,25.42,23.94,3.07,0.36,16.52,1.74,1.56,16.78,55.07,0.39,284.97,214.53,8.5
214,21-Nov-2020 - 00:00,22-Nov-2020 - 00:00,38.59,82.21,13.83,8.56,21.53,21.15,4.45,0.38,19.14,1.67,2.71,15.73,47.33,0.4,260.19,215.05,8.53
215,22-Nov-2020 - 00:00,23-Nov-2020 - 00:00,66.37,130.19,16.1,9.6,25.68,23.76,10.9,0.77,16.32,1.96,2.82,15.97,48.86,0.31,244.87,226.49,8.72
216,23-Nov-2020 - 00:00,24-Nov-2020 - 00:00,94.17,164.53,17.16,9.91,23.3,24.85,15.07,0.94,11.35,1.73,1.95,16.19,57.99,0.33,237.97,185.78,7.5
217,24-Nov-2020 - 00:00,25-Nov-2020 - 00:00,59.68,97.79,17.86,8.36,26.06,23.95,11.87,0.89,9.56,1.91,1.64,17.91,54.84,0.45,244.57,195.6,8.82
218,25-Nov-2020 - 00:00,26-Nov-2020 - 00:00,73.32,134.24,20.83,5.32,23.06,22.33,14.82,0.99,4.43,1.78,2.27,15.95,73.07,0.33,151.18,123.03,8.2
219,26-Nov-2020 - 00:00,27-Nov-2020 - 00:00,33.72,62.09,15.5,6.15,21.58,20.3,17.85,1.35,13.38,1.48,1.69,16.64,65.27,0.41,258.51,230.89,8.82
220,27-Nov-2020 - 00:00,28-Nov-2020 - 00:00,38.01,62.5,14.1,7.95,21.64,20.79,5.93,0.51,18.73,1.43,1.7,16.97,61.59,0.53,280.33,213.02,8.45
221,28-Nov-2020 - 00:00,29-Nov-2020 - 00:00,48.23,140.45,16.69,7.09,23.75,22.1,6.12,0.53,21.85,1.74,1.98,16.93,53.53,0.38,266.67,220.44,8.72
222,29-Nov-2020 - 00:00,30-Nov-2020 - 00:00,91.21,999.99,26.85,8.07,34.89,30.91,8.52,0.7,16.15,2.41,2.9,16.95,57.81,0.2,248.55,200.85,8.81
223,30-Nov-2020 - 00:00,01-Dec-2020 - 00:00,128.52,,35.41,4.2,36.57,32.05,7.84,0.65,19.0,2.62,3.39,17.23,68.18,0.2,236.28,200.48,8.63
224,01-Dec-2020 - 00:00,02-Dec-2020 - 00:00,139.16,193.86,39.96,4.32,42.08,36.36,7.77,0.64,16.03,3.32,4.51,17.87,61.93,0.21,240.01,211.98,8.63
225,02-Dec-2020 - 00:00,03-Dec-2020 - 00:00,122.5,221.64,30.74,20.89,47.53,42.45,6.28,0.51,17.58,2.97,3.89,18.08,65.73,0.2,252.88,211.78,8.81
226,03-Dec-2020 - 00:00,04-Dec-2020 - 00:00,139.13,234.07,21.35,24.46,45.36,42.31,8.15,0.67,16.75,2.52,2.89,17.86,73.36,0.16,178.55,190.01,8.63
227,04-Dec-2020 - 00:00,05-Dec-2020 - 00:00,102.67,160.59,15.83,21.66,37.63,35.7,7.43,0.62,18.29,1.97,2.34,17.05,84.29,0.44,92.47,180.89,8.72
228,05-Dec-2020 - 00:00,06-Dec-2020 - 00:00,77.66,123.42,14.15,22.7,36.85,35.15,9.18,0.74,19.91,1.78,2.22,18.1,73.17,0.66,94.69,194.12,8.73
229,06-Dec-2020 - 00:00,07-Dec-2020 - 00:00,92.14,136.86,17.35,21.37,38.72,36.56,10.18,0.81,15.66,2.02,2.44,18.49,76.03,0.41,169.33,172.42,8.82
230,07-Dec-2020 - 00:00,08-Dec-2020 - 00:00,87.68,131.19,18.46,23.03,39.27,38.77,5.46,0.45,11.27,1.94,2.52,17.79,72.21,0.29,279.52,134.09,8.15
231,08-Dec-2020 - 00:00,09-Dec-2020 - 00:00,54.23,92.15,13.35,21.84,35.18,33.84,9.46,0.76,13.46,1.71,2.15,17.69,66.84,0.43,272.53,185.98,8.82
232,09-Dec-2020 - 00:00,10-Dec-2020 - 00:00,31.19,50.94,13.36,21.34,34.07,33.42,4.72,0.41,9.4,1.46,1.74,15.38,82.31,0.46,259.41,140.56,8.63
233,10-Dec-2020 - 00:00,11-Dec-2020 - 00:00,41.34,61.36,13.84,21.23,34.04,33.79,3.5,0.39,12.41,1.32,1.22,16.94,80.61,0.43,263.68,231.54,8.6
234,11-Dec-2020 - 00:00,12-Dec-2020 - 00:00,39.39,69.65,13.03,21.25,34.26,33.05,6.26,0.54,15.36,1.3,1.1,16.68,73.82,0.45,278.22,213.32,8.72
235,12-Dec-2020 - 00:00,13-Dec-2020 - 00:00,22.73,32.77,11.18,22.21,33.03,32.32,5.11,0.38,18.12,1.29,1.09,14.97,86.79,0.55,209.45,256.27,8.72
236,13-Dec-2020 - 00:00,14-Dec-2020 - 00:00,31.1,65.02,10.94,23.09,34.01,32.92,2.89,1.48,10.93,1.3,1.1,11.62,97.88,0.43,253.5,182.59,8.72
237,14-Dec-2020 - 00:00,15-Dec-2020 - 00:00,19.4,45.46,9.97,21.94,31.91,31.2,3.26,1.69,13.77,1.3,1.1,10.5,97.34,0.37,254.39,166.27,8.74
238,15-Dec-2020 - 00:00,16-Dec-2020 - 00:00,29.25,51.38,9.69,21.35,30.99,30.39,2.58,0.16,20.02,1.3,1.1,11.41,81.06,0.49,286.67,186.94,8.72
239,16-Dec-2020 - 00:00,17-Dec-2020 - 00:00,34.16,55.63,9.57,20.81,30.38,29.91,2.73,0.16,12.36,1.3,1.1,7.03,99.03,0.37,273.35,159.33,8.72
240,17-Dec-2020 - 00:00,18-Dec-2020 - 00:00,67.08,97.65,11.42,24.38,26.85,34.41,3.34,0.14,14.94,0.96,0.81,8.58,88.43,0.41,249.65,270.7,6.52
241,18-Dec-2020 - 00:00,19-Dec-2020 - 00:00,80.49,132.93,14.48,28.73,43.21,40.56,5.27,0.32,14.51,1.3,1.1,9.98,76.16,0.3,213.06,193.5,8.81
242,19-Dec-2020 - 00:00,20-Dec-2020 - 00:00,21.4,114.81,17.4,32.37,49.73,45.88,8.01,0.48,12.58,1.3,1.1,9.05,82.6,0.3,214.02,220.68,8.72
243,20-Dec-2020 - 00:00,21-Dec-2020 - 00:00,45.45,151.25,18.51,34.15,52.04,48.29,4.03,0.22,13.75,1.29,1.09,11.92,75.84,0.2,259.36,207.77,8.63
244,21-Dec-2020 - 00:00,22-Dec-2020 - 00:00,75.84,176.65,24.88,38.95,63.4,57.43,3.22,0.21,12.28,1.29,1.09,13.65,66.13,0.15,232.67,211.72,8.63
245,22-Dec-2020 - 00:00,23-Dec-2020 - 00:00,89.75,209.39,26.03,41.72,66.72,60.69,5.33,0.34,14.61,1.26,1.07,13.45,73.98,0.17,195.2,184.02,8.55
246,23-Dec-2020 - 00:00,24-Dec-2020 - 00:00,84.6,197.4,22.95,39.01,61.96,55.99,5.23,0.26,12.98,1.3,1.1,13.02,84.57,0.18,195.02,172.71,8.81
247,24-Dec-2020 - 00:00,25-Dec-2020 - 00:00,101.56,236.91,24.88,41.23,66.11,59.39,5.66,0.24,8.55,1.3,1.1,11.59,94.04,0.17,207.7,154.11,8.72
248,25-Dec-2020 - 00:00,26-Dec-2020 - 00:00,70.45,164.14,21.36,38.71,59.1,54.47,6.23,0.33,10.31,1.27,1.08,11.28,90.34,0.21,210.68,211.34,8.63
249,26-Dec-2020 - 00:00,27-Dec-2020 - 00:00,61.09,142.34,14.62,33.58,48.18,44.64,3.28,0.16,9.38,1.3,1.1,9.62,98.24,0.31,208.45,216.58,8.81
250,27-Dec-2020 - 00:00,28-Dec-2020 - 00:00,37.41,87.31,11.15,29.44,40.59,38.53,2.83,0.16,10.88,1.29,1.09,7.71,99.16,0.6,151.91,184.01,8.72
251,28-Dec-2020 - 00:00,29-Dec-2020 - 00:00,41.75,90.83,10.23,27.51,32.02,36.18,3.08,0.46,12.77,1.1,0.93,7.98,98.14,0.33,157.11,180.96,7.21
252,29-Dec-2020 - 00:00,30-Dec-2020 - 00:00,71.21,104.63,11.95,27.51,39.07,37.53,6.69,2.52,12.72,1.29,1.09,8.38,95.16,0.3,258.14,178.11,8.63
253,30-Dec-2020 - 00:00,31-Dec-2020 - 00:00,84.54,128.87,14.53,30.04,43.99,41.72,11.66,0.69,9.5,1.29,1.09,8.04,93.35,0.34,161.76,197.9,8.72
254,31-Dec-2020 - 00:00,01-Jan-2021 - 00:00,56.07,102.86,17.13,31.35,48.34,44.73,17.87,1.01,9.51,1.3,1.1,8.31,92.92,0.24,221.85,227.04,8.72
255,01-Jan-2021 - 00:00,02-Jan-2021 - 00:00,69.31,113.03,13.26,29.3,42.56,40.11,7.3,0.49,7.78,1.3,1.1,7.34,98.8,0.43,115.91,191.79,8.81
256,02-Jan-2021 - 00:00,03-Jan-2021 - 00:00,60.01,105.35,15.72,31.84,47.56,44.22,17.97,1.02,8.23,1.3,1.1,9.33,96.73,0.29,201.73,199.69,8.74
257,03-Jan-2021 - 00:00,04-Jan-2021 - 00:00,36.68,60.29,14.33,30.62,44.54,42.1,13.83,0.81,10.02,1.29,1.09,14.03,92.5,0.47,104.92,187.31,8.63
258,04-Jan-2021 - 00:00,05-Jan-2021 - 00:00,29.91,58.08,18.23,34.06,50.61,48.09,11.35,0.67,11.33,1.26,1.07,16.53,94.89,0.39,127.06,218.75,8.53
259,05-Jan-2021 - 00:00,06-Jan-2021 - 00:00,25.58,50.46,14.98,28.79,43.77,40.99,8.09,0.5,9.78,1.3,1.1,15.76,98.35,0.44,130.79,194.42,8.72
260,06-Jan-2021 - 00:00,07-Jan-2021 - 00:00,13.32,31.09,12.63,23.59,35.07,34.64,9.73,0.58,10.41,1.24,1.05,14.9,98.97,0.32,264.66,198.66,8.44
261,07-Jan-2021 - 00:00,08-Jan-2021 - 00:00,27.94,58.12,14.05,23.18,37.23,35.11,7.91,0.5,10.76,1.3,1.1,13.6,95.77,0.36,243.57,202.14,8.81
262,08-Jan-2021 - 00:00,09-Jan-2021 - 00:00,34.54,67.32,15.01,22.31,37.33,34.92,9.81,0.61,11.71,1.3,1.1,13.98,92.05,0.32,271.39,190.61,8.61
263,09-Jan-2021 - 00:00,10-Jan-2021 - 00:00,26.99,54.21,12.68,20.16,32.84,31.26,5.33,0.39,16.79,1.3,1.1,11.29,97.19,0.45,290.79,203.78,8.81
264,10-Jan-2021 - 00:00,11-Jan-2021 - 00:00,32.88,66.91,12.36,20.48,32.5,31.3,5.12,0.37,17.01,1.29,1.09,10.31,96.61,0.37,252.75,206.37,8.72
265,11-Jan-2021 - 00:00,12-Jan-2021 - 00:00,47.63,97.33,12.4,21.33,33.73,32.07,5.98,0.42,14.84,1.3,1.1,9.01,96.61,0.32,230.03,205.77,8.81
266,12-Jan-2021 - 00:00,13-Jan-2021 - 00:00,52.28,115.36,12.05,21.38,31.75,31.86,6.85,0.39,17.13,1.3,1.05,11.9,82.84,0.32,242.51,268.31,8.37
267,13-Jan-2021 - 00:00,14-Jan-2021 - 00:00,66.39,137.79,10.77,20.15,30.92,29.81,8.65,0.55,16.11,1.3,1.1,10.14,92.13,0.31,158.32,190.93,8.72
268,14-Jan-2021 - 00:00,15-Jan-2021 - 00:00,47.56,99.43,9.62,18.65,28.28,27.63,5.91,0.42,18.56,1.3,1.1,9.39,96.94,0.52,113.29,202.6,8.81
269,15-Jan-2021 - 00:00,16-Jan-2021 - 00:00,64.93,156.9,12.09,20.84,31.18,31.41,13.16,0.74,16.01,1.23,1.04,11.88,92.05,0.35,234.07,266.19,8.18
270,16-Jan-2021 - 00:00,17-Jan-2021 - 00:00,28.92,75.78,10.29,18.93,28.91,28.39,6.87,0.46,13.86,1.29,1.09,8.63,99.12,0.31,262.45,192.2,8.72
271,17-Jan-2021 - 00:00,18-Jan-2021 - 00:00,44.84,103.53,11.24,20.0,31.23,30.05,6.98,0.47,14.86,1.3,1.1,9.28,97.73,0.43,144.42,174.05,8.81
272,18-Jan-2021 - 00:00,19-Jan-2021 - 00:00,53.34,117.04,14.17,22.69,36.89,34.67,10.54,0.65,12.03,1.3,1.1,11.74,93.92,0.29,163.55,215.7,8.72
273,19-Jan-2021 - 00:00,20-Jan-2021 - 00:00,52.29,102.09,12.3,21.0,33.3,31.74,8.29,0.48,13.27,1.29,1.12,13.23,89.09,0.3,247.4,228.37,8.63
274,20-Jan-2021 - 00:00,21-Jan-2021 - 00:00,70.29,133.68,12.55,21.15,32.92,32.05,7.34,0.47,14.14,1.26,1.06,12.03,93.97,0.45,217.38,210.72,8.42
275,21-Jan-2021 - 00:00,22-Jan-2021 - 00:00,71.76,146.06,12.84,21.72,33.85,32.79,10.39,0.62,11.58,1.27,1.08,12.9,88.58,0.54,204.0,203.17,8.53
276,22-Jan-2021 - 00:00,23-Jan-2021 - 00:00,51.69,109.32,11.6,20.25,31.85,30.59,9.77,0.61,11.22,1.3,1.1,10.41,97.78,,,202.43,8.81
277,23-Jan-2021 - 00:00,24-Jan-2021 - 00:00,55.59,106.36,12.95,20.8,33.41,32.09,8.02,0.51,14.6,1.29,1.09,12.64,95.3,,,178.1,8.44
278,24-Jan-2021 - 00:00,25-Jan-2021 - 00:00,30.38,82.97,13.76,21.06,34.82,32.93,10.16,0.61,15.52,1.3,1.1,13.9,80.64,,,260.0,8.81
279,25-Jan-2021 - 00:00,26-Jan-2021 - 00:00,52.2,131.18,16.7,24.51,40.84,38.17,7.36,0.47,14.41,1.29,1.09,13.03,78.45,0.36,246.28,215.36,8.72
280,26-Jan-2021 - 00:00,27-Jan-2021 - 00:00,53.02,128.34,14.98,22.89,37.87,35.44,7.76,0.48,16.82,1.3,1.1,13.81,64.72,,,218.47,8.81
281,27-Jan-2021 - 00:00,28-Jan-2021 - 00:00,56.06,133.01,14.42,22.45,34.64,34.6,6.07,0.34,16.34,1.22,1.03,12.95,70.64,,,106.73,8.67
282,28-Jan-2021 - 00:00,29-Jan-2021 - 00:00,79.35,150.82,12.54,22.21,34.75,32.94,8.32,0.84,18.64,1.3,1.1,13.28,71.58,0.41,0.29,205.37,8.81
283,29-Jan-2021 - 00:00,30-Jan-2021 - 00:00,70.48,117.7,11.54,21.0,32.53,31.11,8.91,0.54,22.59,1.3,1.1,13.75,63.3,0.42,0.2,214.05,8.65
284,30-Jan-2021 - 00:00,31-Jan-2021 - 00:00,81.92,129.03,12.39,21.52,33.9,32.19,7.61,0.42,24.09,1.3,1.1,13.68,63.9,0.42,0.2,229.09,8.73
285,31-Jan-2021 - 00:00,01-Feb-2021 - 00:00,115.49,176.33,13.62,22.76,36.38,34.21,9.1,0.55,19.67,1.3,1.1,14.34,72.6,0.3,0.2,205.39,8.81
286,01-Feb-2021 - 00:00,02-Feb-2021 - 00:00,91.22,139.97,12.64,22.06,34.7,32.86,10.98,0.66,25.25,1.3,1.1,14.93,76.19,0.38,0.2,214.88,8.72
287,02-Feb-2021 - 00:00,03-Feb-2021 - 00:00,94.88,147.27,13.19,22.05,33.08,32.96,10.27,0.59,25.74,1.2,1.02,15.1,75.78,0.34,0.2,211.52,8.06
288,03-Feb-2021 - 00:00,04-Feb-2021 - 00:00,58.72,97.26,12.55,21.15,33.71,32.02,12.86,0.8,21.62,1.3,1.1,16.72,68.87,0.83,0.2,215.81,8.81
289,04-Feb-2021 - 00:00,05-Feb-2021 - 00:00,17.77,36.54,10.78,19.0,29.78,28.78,8.17,0.57,23.21,1.3,1.1,14.16,64.8,0.8,0.28,179.02,8.72
290,05-Feb-2021 - 00:00,06-Feb-2021 - 00:00,31.65,57.25,10.68,19.25,29.31,28.93,13.65,0.8,19.74,1.27,1.08,15.07,73.17,0.49,0.2,253.24,8.63
291,06-Feb-2021 - 00:00,07-Feb-2021 - 00:00,39.32,72.33,10.63,18.41,29.04,28.17,8.56,0.51,23.67,1.3,1.1,15.43,71.53,0.56,0.2,233.21,8.81
292,07-Feb-2021 - 00:00,08-Feb-2021 - 00:00,70.05,111.2,12.1,19.47,31.57,30.18,9.87,0.53,20.44,1.3,1.1,16.14,70.85,0.45,0.2,237.6,8.72
293,08-Feb-2021 - 00:00,09-Feb-2021 - 00:00,86.09,167.73,13.96,24.47,34.5,33.2,7.83,0.51,17.91,1.27,1.08,16.49,83.04,0.3,0.2,223.11,8.63
294,09-Feb-2021 - 00:00,10-Feb-2021 - 00:00,83.35,135.93,13.31,21.27,34.49,32.66,11.47,1.26,18.17,1.3,1.1,16.56,84.83,0.11,3.25,159.72,8.72
295,10-Feb-2021 - 00:00,11-Feb-2021 - 00:00,77.09,125.21,13.54,20.44,32.16,32.19,14.36,1.7,17.41,1.23,1.04,17.57,77.46,0.02,0.2,224.53,6.68
296,11-Feb-2021 - 00:00,12-Feb-2021 - 00:00,87.09,158.86,15.85,21.54,33.96,34.93,9.24,0.18,14.68,1.18,1.0,19.09,88.9,0.36,8.44,391.56,3.96
297,12-Feb-2021 - 00:00,13-Feb-2021 - 00:00,75.29,124.43,13.73,19.84,33.57,31.88,9.4,0.54,9.82,1.3,1.1,19.52,92.4,0.32,10.12,378.89,8.72
298,13-Feb-2021 - 00:00,14-Feb-2021 - 00:00,53.35,96.63,12.92,19.25,31.82,30.69,10.11,0.6,11.62,1.29,1.09,19.6,92.48,0.32,9.91,380.41,8.62
299,14-Feb-2021 - 00:00,15-Feb-2021 - 00:00,48.22,84.96,12.69,19.32,32.02,30.6,8.74,0.53,10.59,1.3,1.1,19.31,92.19,0.32,9.17,376.7,8.81
300,15-Feb-2021 - 00:00,16-Feb-2021 - 00:00,72.77,124.3,13.9,21.0,32.85,32.98,14.71,0.78,9.65,1.22,1.04,20.01,92.88,0.32,10.15,387.01,8.16
301,16-Feb-2021 - 00:00,17-Feb-2021 - 00:00,54.65,103.35,12.68,19.13,30.6,30.48,17.28,0.91,11.45,1.21,1.02,19.88,92.75,0.32,10.11,384.69,8.2
302,17-Feb-2021 - 00:00,18-Feb-2021 - 00:00,72.26,126.53,14.55,21.21,35.74,33.61,15.36,0.87,11.64,1.3,1.1,19.87,92.74,0.32,10.12,384.96,8.81
303,18-Feb-2021 - 00:00,19-Feb-2021 - 00:00,72.72,114.46,15.02,20.87,35.51,33.72,13.88,0.79,13.22,1.29,1.09,19.9,92.76,0.32,10.17,385.53,8.63
304,19-Feb-2021 - 00:00,20-Feb-2021 - 00:00,81.1,121.82,16.0,21.66,37.65,35.13,10.08,0.6,13.69,1.3,1.1,20.0,92.86,0.32,10.12,386.19,8.72
305,20-Feb-2021 - 00:00,21-Feb-2021 - 00:00,82.11,127.51,18.1,23.73,41.83,38.49,9.16,0.54,14.96,1.3,1.1,20.11,92.97,0.32,10.01,383.5,8.81
306,21-Feb-2021 - 00:00,22-Feb-2021 - 00:00,83.74,122.04,17.48,23.44,40.92,37.7,9.13,0.53,17.0,1.3,1.1,20.42,93.26,0.32,10.05,387.96,8.71
307,22-Feb-2021 - 00:00,23-Feb-2021 - 00:00,72.97,116.38,18.97,22.81,39.76,38.1,10.5,0.5,14.99,1.23,1.04,20.45,93.29,0.32,10.06,388.78,8.32
308,23-Feb-2021 - 00:00,24-Feb-2021 - 00:00,70.69,118.55,17.62,24.69,42.31,38.88,10.43,0.46,18.35,1.3,1.1,20.77,93.59,0.32,10.12,396.56,8.63
309,24-Feb-2021 - 00:00,25-Feb-2021 - 00:00,62.02,120.78,17.83,31.36,48.21,44.14,25.75,1.37,17.88,1.3,1.1,21.45,94.29,0.32,10.14,414.63,8.81
310,25-Feb-2021 - 00:00,26-Feb-2021 - 00:00,40.73,88.72,11.66,30.6,19.01,39.12,16.24,0.79,17.11,1.3,1.1,23.62,96.43,0.32,10.14,454.84,8.72
311,26-Feb-2021 - 00:00,27-Feb-2021 - 00:00,35.22,82.1,22.78,17.57,4.04,36.48,15.55,0.74,15.3,1.3,1.1,22.5,95.22,0.32,10.07,407.36,8.72
312,27-Feb-2021 - 00:00,28-Feb-2021 - 00:00,31.28,101.97,12.56,19.19,31.75,30.3,9.42,0.57,21.14,1.27,1.07,,,0.32,9.64,745.46,8.59
313,28-Feb-2021 - 00:00,01-Mar-2021 - 00:00,39.67,98.77,13.04,20.68,33.72,31.94,17.98,0.88,21.03,1.3,1.1,,,0.32,8.77,,8.81
314,01-Mar-2021 - 00:00,02-Mar-2021 - 00:00,54.25,106.9,12.92,21.19,32.24,32.25,14.1,0.74,22.07,1.23,1.04,,,0.32,8.4,412.95,8.33
315,02-Mar-2021 - 00:00,03-Mar-2021 - 00:00,36.83,87.3,11.28,20.16,31.44,30.12,10.57,0.65,24.74,1.3,1.1,24.84,86.7,0.32,9.74,554.25,8.81
316,03-Mar-2021 - 00:00,04-Mar-2021 - 00:00,107.03,190.89,24.26,13.49,34.83,34.7,15.45,0.84,30.14,1.2,1.02,24.17,50.44,0.32,9.66,612.37,8.0
317,04-Mar-2021 - 00:00,05-Mar-2021 - 00:00,60.09,119.05,13.97,9.62,23.59,25.53,17.71,0.9,22.58,1.3,1.1,23.37,54.06,0.32,9.62,263.62,8.72
318,05-Mar-2021 - 00:00,06-Mar-2021 - 00:00,39.65,91.87,11.62,8.94,20.54,22.98,11.49,0.67,26.25,1.3,1.1,23.63,47.89,0.32,9.7,299.24,8.72
319,06-Mar-2021 - 00:00,07-Mar-2021 - 00:00,41.01,93.44,11.89,9.84,21.73,24.01,17.69,0.99,22.48,1.3,1.1,24.58,41.08,0.32,9.71,551.88,8.81
320,07-Mar-2021 - 00:00,08-Mar-2021 - 00:00,19.77,55.82,11.08,8.62,19.27,22.26,14.12,0.79,18.98,1.27,1.08,23.48,51.44,0.32,9.87,288.02,8.52
321,08-Mar-2021 - 00:00,09-Mar-2021 - 00:00,23.02,57.75,11.48,9.06,20.08,22.95,15.89,0.88,17.86,1.27,1.08,24.19,48.99,0.32,9.7,249.39,8.62
322,09-Mar-2021 - 00:00,10-Mar-2021 - 00:00,40.41,98.67,12.47,8.92,21.4,23.65,23.05,1.25,21.34,1.3,1.1,25.84,51.24,0.32,9.64,248.81,8.72
323,10-Mar-2021 - 00:00,11-Mar-2021 - 00:00,39.09,96.96,13.24,8.12,20.92,23.56,17.33,0.96,18.61,1.27,1.08,25.98,53.98,0.32,9.62,249.02,8.53
324,11-Mar-2021 - 00:00,12-Mar-2021 - 00:00,35.09,86.94,12.32,8.08,20.42,22.82,21.74,1.19,18.13,1.3,1.1,24.72,51.07,0.32,9.63,248.67,8.81
325,12-Mar-2021 - 00:00,13-Mar-2021 - 00:00,15.2,48.53,11.01,7.88,18.5,21.56,16.55,0.92,19.92,1.27,1.08,21.37,58.22,0.32,9.88,248.18,8.54
326,13-Mar-2021 - 00:00,14-Mar-2021 - 00:00,21.33,53.9,12.04,8.91,20.95,23.32,33.75,1.78,15.64,1.3,1.1,22.88,50.63,0.32,9.79,249.07,8.81
327,14-Mar-2021 - 00:00,15-Mar-2021 - 00:00,33.33,71.03,12.15,8.23,18.92,22.8,12.03,0.65,23.89,1.21,1.02,24.46,52.51,0.32,9.66,249.25,8.08
328,15-Mar-2021 - 00:00,16-Mar-2021 - 00:00,31.19,77.53,11.76,7.77,19.33,22.07,10.26,0.61,17.76,1.29,1.09,23.18,55.11,0.32,9.84,248.56,8.72
329,16-Mar-2021 - 00:00,17-Mar-2021 - 00:00,42.74,110.67,12.59,8.09,20.45,23.04,11.67,0.68,18.93,1.29,1.09,25.02,52.87,0.32,9.66,249.39,8.62
330,17-Mar-2021 - 00:00,18-Mar-2021 - 00:00,44.51,131.57,13.88,8.29,21.41,24.28,16.82,0.76,18.47,1.26,1.07,25.46,49.23,0.32,9.68,249.74,8.35
331,18-Mar-2021 - 00:00,19-Mar-2021 - 00:00,46.17,135.18,12.77,7.64,20.39,22.87,17.05,0.96,19.62,1.3,1.1,25.54,51.43,0.32,9.69,249.45,8.72
332,19-Mar-2021 - 00:00,20-Mar-2021 - 00:00,39.91,103.39,11.62,7.29,18.68,21.64,11.76,0.61,22.04,1.29,1.09,25.93,43.73,0.32,9.69,249.78,8.72
333,20-Mar-2021 - 00:00,21-Mar-2021 - 00:00,51.99,112.21,11.82,7.67,18.76,21.97,14.39,0.78,20.71,1.22,1.03,25.62,45.59,0.32,9.7,377.86,8.17
334,21-Mar-2021 - 00:00,22-Mar-2021 - 00:00,33.89,78.26,11.76,7.19,18.94,21.7,15.62,0.88,13.49,1.3,1.1,21.22,64.39,0.32,9.81,427.99,8.81
335,22-Mar-2021 - 00:00,23-Mar-2021 - 00:00,17.75,46.43,11.33,7.04,18.37,21.21,10.6,0.63,15.83,1.3,1.1,22.15,61.16,0.32,9.59,250.15,8.72
336,23-Mar-2021 - 00:00,24-Mar-2021 - 00:00,18.42,55.53,11.19,7.27,16.62,20.84,9.29,0.52,15.81,1.16,0.98,22.77,61.55,0.32,9.54,251.74,7.85
337,24-Mar-2021 - 00:00,25-Mar-2021 - 00:00,19.21,51.93,11.04,7.25,17.92,21.17,15.7,0.79,18.02,1.27,1.08,22.36,61.6,0.32,9.63,250.75,8.52
338,25-Mar-2021 - 00:00,26-Mar-2021 - 00:00,20.57,47.32,21.59,8.83,15.03,29.88,12.22,0.6,20.96,1.23,1.04,22.43,58.03,0.32,9.78,249.36,8.26
339,26-Mar-2021 - 00:00,27-Mar-2021 - 00:00,28.25,57.98,,,,,11.96,0.66,24.98,1.3,1.1,24.6,50.03,0.32,9.6,250.06,8.81
340,27-Mar-2021 - 00:00,28-Mar-2021 - 00:00,33.45,72.55,,,0.0,,14.05,0.65,27.02,1.12,0.95,27.47,48.04,0.32,9.48,361.33,7.48
341,28-Mar-2021 - 00:00,29-Mar-2021 - 00:00,34.71,76.73,,,,,17.27,0.84,25.87,1.3,1.1,28.05,52.97,0.32,9.5,518.6,8.81
342,29-Mar-2021 - 00:00,30-Mar-2021 - 00:00,39.23,93.38,,,0.0,,14.59,0.66,29.36,1.22,1.03,29.62,50.14,0.32,9.53,657.1,8.14
343,30-Mar-2021 - 00:00,31-Mar-2021 - 00:00,33.92,89.27,11.18,8.91,16.56,25.17,15.46,0.81,25.33,1.21,1.02,28.15,45.62,0.32,9.53,342.9,8.08
344,31-Mar-2021 - 00:00,01-Apr-2021 - 00:00,43.01,107.96,16.95,15.18,31.44,37.36,10.54,0.48,24.31,1.27,1.08,25.9,17.57,0.32,9.79,249.96,8.62
345,01-Apr-2021 - 00:00,02-Apr-2021 - 00:00,26.87,73.44,13.08,17.72,28.61,36.2,8.85,0.29,27.39,1.19,1.01,24.09,14.96,0.32,10.12,423.44,7.7
346,02-Apr-2021 - 00:00,03-Apr-2021 - 00:00,28.4,59.01,47.78,29.82,76.76,82.72,14.71,0.54,59.44,1.28,1.09,23.59,13.48,0.34,8.81,706.76,8.71
347,03-Apr-2021 - 00:00,04-Apr-2021 - 00:00,55.13,93.12,76.63,55.76,117.78,134.86,22.66,0.77,50.45,1.18,1.0,24.1,23.14,0.32,8.05,,7.98
348,04-Apr-2021 - 00:00,05-Apr-2021 - 00:00,57.4,129.05,43.75,69.47,106.67,116.56,23.51,1.0,45.66,1.23,1.04,25.56,27.5,0.32,8.26,,8.22
349,05-Apr-2021 - 00:00,06-Apr-2021 - 00:00,67.47,115.91,36.06,57.46,86.84,97.74,25.74,0.72,31.09,1.08,0.91,26.72,33.32,0.39,10.44,,7.29
350,06-Apr-2021 - 00:00,07-Apr-2021 - 00:00,48.41,99.25,16.68,35.0,49.51,56.82,21.25,0.67,24.28,1.22,1.04,24.81,41.73,0.5,12.6,,8.2
351,07-Apr-2021 - 00:00,08-Apr-2021 - 00:00,32.64,76.91,19.06,26.69,45.25,50.95,17.7,0.65,28.09,1.29,1.09,24.42,57.58,0.32,9.86,,8.72
352,08-Apr-2021 - 00:00,09-Apr-2021 - 00:00,19.26,55.03,12.01,28.66,40.67,45.77,10.11,0.62,44.57,1.3,1.1,25.15,27.31,0.33,12.28,,8.63
353,09-Apr-2021 - 00:00,10-Apr-2021 - 00:00,24.45,72.82,11.76,32.43,44.34,49.49,19.4,0.64,32.83,1.3,1.1,27.39,22.88,0.33,11.11,,8.72
354,10-Apr-2021 - 00:00,11-Apr-2021 - 00:00,22.82,76.95,15.57,37.87,53.43,58.6,29.76,0.67,40.19,1.3,1.1,28.73,21.06,0.33,9.58,,8.81
355,11-Apr-2021 - 00:00,12-Apr-2021 - 00:00,22.61,105.6,21.3,46.17,62.11,72.57,25.11,0.68,35.05,1.19,1.01,29.47,24.31,0.32,9.46,,8.08
356,12-Apr-2021 - 00:00,13-Apr-2021 - 00:00,67.68,94.37,14.78,37.98,52.73,57.85,20.15,0.66,38.24,1.3,1.1,32.71,24.84,0.33,9.43,,8.72
357,13-Apr-2021 - 00:00,14-Apr-2021 - 00:00,62.19,101.0,14.9,39.12,53.96,59.05,18.82,0.62,41.27,1.3,1.1,35.61,22.54,0.32,9.21,,8.81
358,14-Apr-2021 - 00:00,15-Apr-2021 - 00:00,47.33,102.01,18.8,45.76,59.13,69.65,19.37,0.58,40.26,1.24,1.01,31.95,24.97,0.32,9.28,,8.08
359,15-Apr-2021 - 00:00,16-Apr-2021 - 00:00,45.18,117.81,12.03,25.53,35.77,43.29,13.82,0.74,36.03,1.21,1.02,30.21,26.35,0.32,9.63,784.32,8.18
360,16-Apr-2021 - 00:00,17-Apr-2021 - 00:00,34.42,83.8,11.22,24.42,33.88,40.24,16.84,0.92,40.75,1.22,1.03,29.05,33.04,0.32,9.92,795.96,8.13
361,17-Apr-2021 - 00:00,18-Apr-2021 - 00:00,,,,,,,,,,,,,,,,,
362,18-Apr-2021 - 00:00,19-Apr-2021 - 00:00,52.9,85.55,11.38,18.02,23.16,34.51,11.3,0.51,49.86,1.02,0.86,35.46,26.61,0.49,96.65,,5.87
363,19-Apr-2021 - 00:00,20-Apr-2021 - 00:00,41.06,99.99,13.66,22.87,26.05,38.93,11.71,0.52,39.87,0.91,0.77,30.5,22.15,0.57,120.81,763.95,6.18
364,20-Apr-2021 - 00:00,21-Apr-2021 - 00:00,60.49,132.26,12.22,14.31,26.54,31.56,13.96,0.63,50.53,1.3,1.1,27.32,36.18,0.52,120.21,779.19,8.81
365,21-Apr-2021 - 00:00,22-Apr-2021 - 00:00,27.25,76.43,15.43,14.47,29.89,35.04,15.45,0.63,43.32,1.3,1.1,24.28,73.85,0.52,120.58,208.4,8.71
