,From Date,To Date,PM2.5 (ug/m3),PM10 (ug/m3),NO (ug/m3),NO2 (ug/m3),NOx (ppb),NH3 (ug/m3),SO2 (ug/m3),CO (mg/m3),Ozone (ug/m3),Benzene (ug/m3),Toluene (ug/m3),Eth-Benzene (ug/m3),MP-Xylene (ug/m3),O Xylene (ug/m3),Temp (degree C),RH (%),WS (m/s),WD (deg),RF (mm)
0,21-Apr-2020 - 00:00,22-Apr-2020 - 00:00,17.4,49.69,3.25,7.13,10.37,21.76,5.55,0.78,62.97,0.7,0.48,0.01,,,29.16,34.97,2.04,210.27,0.0
1,22-Apr-2020 - 00:00,23-Apr-2020 - 00:00,20.81,86.72,3.18,8.96,12.13,13.87,5.88,0.82,64.13,0.9,0.29,0.02,,,30.91,26.03,1.4,186.5,0.0
2,23-Apr-2020 - 00:00,24-Apr-2020 - 00:00,22.5,50.95,3.21,7.76,10.98,15.11,6.29,0.76,72.93,1.48,33.91,0.7,,,28.76,39.49,2.19,109.17,0.0
3,24-Apr-2020 - 00:00,25-Apr-2020 - 00:00,31.57,50.68,4.33,13.64,17.97,20.29,10.74,0.88,44.89,0.16,1.69,0.02,,,28.99,45.55,1.77,173.79,0.0
4,25-Apr-2020 - 00:00,26-Apr-2020 - 00:00,24.1,71.13,4.83,20.15,24.98,24.61,10.02,0.52,32.24,0.35,1.57,0.31,,,26.84,57.73,2.03,168.55,0.0
5,26-Apr-2020 - 00:00,27-Apr-2020 - 00:00,22.25,48.52,5.04,16.97,22.01,29.17,9.56,0.51,44.67,0.55,2.33,0.49,,,27.58,54.18,2.21,200.34,0.0
6,27-Apr-2020 - 00:00,28-Apr-2020 - 00:00,23.49,58.4,5.51,15.06,20.57,30.26,8.99,0.51,62.67,0.55,2.35,0.48,,,29.43,43.23,2.4,207.82,0.0
7,28-Apr-2020 - 00:00,29-Apr-2020 - 00:00,22.64,55.81,6.14,18.17,24.31,32.09,9.26,0.54,57.92,0.54,2.36,0.49,,,30.48,35.08,1.82,183.46,0.0
8,29-Apr-2020 - 00:00,30-Apr-2020 - 00:00,25.3,63.93,5.72,17.27,22.99,32.72,9.72,0.49,68.32,0.55,2.36,0.49,,,32.33,32.99,2.21,188.15,0.0
9,30-Apr-2020 - 00:00,01-May-2020 - 00:00,21.26,56.32,6.31,16.53,22.84,32.87,10.78,0.71,56.61,0.54,2.34,0.48,,,32.57,28.4,1.95,177.13,0.0
10,01-May-2020 - 00:00,02-May-2020 - 00:00,23.22,79.43,5.73,22.19,27.91,29.95,10.44,0.53,48.92,0.55,2.34,0.48,,,33.16,25.18,2.33,195.43,0.0
11,02-May-2020 - 00:00,03-May-2020 - 00:00,22.87,76.23,4.99,17.05,22.05,31.38,10.53,0.5,56.72,0.55,2.32,0.48,,,35.17,17.5,3.57,238.35,0.0
12,03-May-2020 - 00:00,04-May-2020 - 00:00,32.5,75.61,5.01,13.74,18.75,31.32,9.52,0.49,53.08,0.54,2.36,0.49,,,34.07,32.56,3.96,195.66,0.0
13,04-May-2020 - 00:00,05-May-2020 - 00:00,28.52,54.8,4.39,13.6,17.99,29.24,10.22,0.56,82.4,1.22,2.17,1.38,,,29.58,46.19,2.93,152.03,0.0
14,05-May-2020 - 00:00,06-May-2020 - 00:00,22.97,47.32,4.42,16.22,20.64,28.42,9.37,0.57,73.12,1.36,1.54,1.67,,,31.51,33.75,2.46,224.56,0.0
15,06-May-2020 - 00:00,07-May-2020 - 00:00,26.51,48.42,4.31,15.53,19.84,28.56,9.66,0.48,84.32,1.38,1.54,1.65,,,28.97,38.31,3.03,175.68,0.0
16,07-May-2020 - 00:00,08-May-2020 - 00:00,24.89,46.29,4.64,18.3,22.94,23.83,10.22,0.58,73.6,1.39,1.51,1.68,,,31.53,29.31,3.02,224.82,0.0
17,08-May-2020 - 00:00,09-May-2020 - 00:00,29.7,67.28,4.85,19.28,24.13,19.69,10.17,0.4,47.15,1.37,1.55,1.66,,,33.92,24.33,2.85,195.44,0.0
18,09-May-2020 - 00:00,10-May-2020 - 00:00,38.12,81.84,4.31,15.36,19.66,33.72,10.49,0.5,61.07,1.38,1.54,1.65,,,35.81,20.64,3.05,245.78,0.0
19,10-May-2020 - 00:00,11-May-2020 - 00:00,50.3,107.03,4.34,16.8,21.14,39.06,10.55,0.52,71.48,1.38,1.53,1.65,,,34.24,24.02,3.05,190.64,0.0
20,11-May-2020 - 00:00,12-May-2020 - 00:00,39.66,67.83,4.18,14.59,18.74,40.27,15.4,0.64,91.93,1.38,1.54,1.67,,,32.68,30.64,3.54,146.27,0.0
21,12-May-2020 - 00:00,13-May-2020 - 00:00,34.04,67.07,4.07,15.37,19.43,39.27,10.33,0.63,79.65,1.39,1.54,1.67,,,31.06,38.79,3.69,153.94,0.0
22,13-May-2020 - 00:00,14-May-2020 - 00:00,46.64,63.15,4.18,13.77,17.92,35.76,10.23,0.9,67.66,1.37,1.54,1.67,,,32.1,37.03,3.22,102.99,0.0
23,14-May-2020 - 00:00,15-May-2020 - 00:00,28.45,75.27,4.14,10.47,14.62,31.08,8.36,0.65,35.36,1.38,1.54,1.66,,,33.36,30.85,3.34,187.73,0.0
24,15-May-2020 - 00:00,16-May-2020 - 00:00,55.24,121.62,3.95,8.45,12.4,31.91,6.63,0.64,66.23,1.31,1.46,1.57,,,33.12,33.89,4.19,173.81,0.0
25,16-May-2020 - 00:00,17-May-2020 - 00:00,33.74,70.42,4.51,9.23,13.74,30.03,5.54,0.27,68.62,1.3,1.25,1.39,,,33.22,29.31,2.37,188.01,0.0
26,17-May-2020 - 00:00,18-May-2020 - 00:00,29.86,73.48,4.31,13.02,17.33,21.05,5.82,0.39,55.58,1.3,1.29,1.42,,,33.2,24.71,2.24,206.4,0.0
27,18-May-2020 - 00:00,19-May-2020 - 00:00,59.52,205.56,3.83,8.53,12.36,21.97,5.57,0.5,76.46,1.37,1.51,1.56,,,33.65,14.6,2.3,239.42,0.0
28,19-May-2020 - 00:00,20-May-2020 - 00:00,33.1,84.74,4.24,11.2,15.44,21.62,6.19,0.48,63.72,1.37,1.57,1.56,,,33.88,17.79,2.6,213.05,0.0
29,20-May-2020 - 00:00,21-May-2020 - 00:00,37.17,151.1,3.76,8.07,11.83,22.49,6.37,0.5,101.78,1.35,1.52,1.59,,,34.24,13.75,3.1,246.41,0.0
30,21-May-2020 - 00:00,22-May-2020 - 00:00,34.64,75.28,4.31,14.93,19.24,21.22,6.19,0.53,58.9,1.36,1.52,1.57,,,34.03,18.6,1.83,181.96,0.0
31,22-May-2020 - 00:00,23-May-2020 - 00:00,40.46,111.67,4.1,10.33,14.43,25.76,6.63,0.79,67.07,1.38,1.51,1.57,,,36.67,14.73,2.6,244.02,0.0
32,23-May-2020 - 00:00,24-May-2020 - 00:00,42.84,144.08,4.07,8.54,12.61,21.97,6.29,0.95,57.39,1.24,1.42,1.53,,,36.82,20.53,2.98,237.39,0.0
33,24-May-2020 - 00:00,25-May-2020 - 00:00,51.88,149.19,4.82,8.16,12.98,20.24,10.57,1.26,61.94,1.16,1.4,1.43,,,36.86,20.34,3.55,240.93,0.0
34,25-May-2020 - 00:00,26-May-2020 - 00:00,46.73,111.44,4.05,9.45,13.5,18.83,6.3,0.88,57.99,1.15,1.41,1.43,,,37.52,19.05,1.81,238.05,0.0
35,26-May-2020 - 00:00,27-May-2020 - 00:00,48.62,105.2,4.13,8.58,12.72,18.86,6.5,0.88,56.28,1.16,1.42,1.44,,,37.39,20.56,2.19,243.37,0.0
36,27-May-2020 - 00:00,28-May-2020 - 00:00,60.1,127.73,4.08,7.56,11.64,19.26,6.43,0.91,53.45,1.16,1.41,1.43,,,37.09,28.32,2.16,239.86,0.0
37,28-May-2020 - 00:00,29-May-2020 - 00:00,62.61,161.52,4.57,8.55,13.12,25.6,8.85,1.07,52.83,1.17,1.4,1.43,,,36.21,32.37,2.58,239.27,0.0
38,29-May-2020 - 00:00,30-May-2020 - 00:00,69.69,205.32,3.91,7.96,11.87,26.27,6.04,0.95,77.67,1.16,1.42,1.43,,,34.42,34.69,3.1,174.69,0.0
39,30-May-2020 - 00:00,31-May-2020 - 00:00,31.61,81.38,4.84,10.24,15.08,26.26,4.83,1.09,72.35,1.16,1.43,1.43,,,25.87,77.06,2.98,151.41,0.0
40,31-May-2020 - 00:00,01-Jun-2020 - 00:00,27.26,64.05,4.82,10.69,15.51,26.54,8.91,1.15,72.56,1.16,1.41,1.43,,,28.23,59.3,2.49,216.18,0.0
41,01-Jun-2020 - 00:00,02-Jun-2020 - 00:00,30.46,69.91,4.87,13.36,18.23,26.74,7.0,1.26,75.68,1.16,1.43,1.42,,,29.43,52.59,2.29,131.98,0.05
42,02-Jun-2020 - 00:00,03-Jun-2020 - 00:00,34.05,168.95,5.39,15.46,20.85,29.72,6.19,1.04,61.51,0.67,4.13,0.45,,,29.84,45.98,1.82,200.17,0.0
43,03-Jun-2020 - 00:00,04-Jun-2020 - 00:00,28.66,80.49,5.99,14.83,20.81,34.81,7.14,0.89,65.21,0.92,4.5,1.0,,,30.45,47.12,2.5,193.71,0.01
44,04-Jun-2020 - 00:00,05-Jun-2020 - 00:00,30.28,52.75,5.38,13.18,18.56,33.42,7.08,0.9,68.94,1.16,1.39,1.41,,,28.52,58.16,2.51,164.59,0.07
45,05-Jun-2020 - 00:00,06-Jun-2020 - 00:00,26.94,55.77,5.18,15.6,20.77,27.9,8.61,1.1,64.2,1.16,1.43,1.44,,,27.51,61.25,2.41,204.05,0.03
46,06-Jun-2020 - 00:00,07-Jun-2020 - 00:00,41.24,95.73,5.66,17.4,23.07,28.6,8.98,1.01,57.28,1.17,1.42,1.44,,,30.21,48.66,2.35,220.22,0.0
47,07-Jun-2020 - 00:00,08-Jun-2020 - 00:00,37.45,56.94,5.54,11.06,16.59,33.67,7.51,0.95,56.85,1.16,1.4,1.44,,,30.54,53.45,2.94,233.86,0.11
48,08-Jun-2020 - 00:00,09-Jun-2020 - 00:00,24.72,56.91,5.51,12.02,17.53,29.22,8.63,0.89,57.66,1.15,1.39,1.41,,,31.46,51.17,2.55,233.05,0.0
49,09-Jun-2020 - 00:00,10-Jun-2020 - 00:00,31.92,66.37,6.04,13.38,17.79,35.11,4.8,0.6,58.66,1.17,1.42,1.43,,,33.26,47.07,2.79,237.7,0.0
50,10-Jun-2020 - 00:00,11-Jun-2020 - 00:00,28.51,71.76,5.47,11.79,14.26,26.81,5.48,0.53,63.08,1.3,1.37,1.54,,,33.73,46.88,2.94,235.82,0.0
51,11-Jun-2020 - 00:00,12-Jun-2020 - 00:00,29.94,62.52,5.12,10.84,14.97,17.41,5.63,0.6,58.98,1.21,1.34,1.48,,,33.18,49.08,2.55,230.17,0.0
52,12-Jun-2020 - 00:00,13-Jun-2020 - 00:00,32.08,63.0,4.9,10.91,15.8,16.55,5.77,0.49,64.25,1.13,1.33,1.41,,,34.41,42.89,2.17,231.37,0.06
53,13-Jun-2020 - 00:00,14-Jun-2020 - 00:00,31.68,78.11,5.04,9.8,14.84,17.19,8.04,0.59,63.71,1.1,1.33,1.41,,,32.91,50.56,1.73,217.42,0.03
54,14-Jun-2020 - 00:00,15-Jun-2020 - 00:00,42.28,76.26,5.04,10.82,15.87,17.3,6.43,0.66,55.49,1.12,1.35,1.44,,,33.14,52.5,1.81,142.46,0.03
55,15-Jun-2020 - 00:00,16-Jun-2020 - 00:00,46.81,89.35,6.45,19.94,26.39,14.88,5.07,0.8,54.18,1.13,1.35,1.43,,,34.11,45.52,1.96,185.95,0.0
56,16-Jun-2020 - 00:00,17-Jun-2020 - 00:00,54.92,117.83,5.89,18.8,24.69,14.17,5.18,0.76,47.47,1.28,1.78,0.95,,,35.77,36.05,2.32,178.76,0.0
57,17-Jun-2020 - 00:00,18-Jun-2020 - 00:00,39.87,103.48,4.59,9.11,13.7,19.08,6.28,0.4,60.2,1.34,2.0,0.71,,,36.73,33.43,2.8,237.46,0.0
58,18-Jun-2020 - 00:00,19-Jun-2020 - 00:00,40.1,70.08,5.22,7.3,12.52,23.74,6.64,0.47,65.8,1.35,2.03,0.72,,,35.66,41.86,2.94,245.79,0.0
59,19-Jun-2020 - 00:00,20-Jun-2020 - 00:00,25.51,60.22,5.12,8.99,14.11,30.14,6.94,0.45,58.2,1.31,1.71,1.11,,,35.13,45.87,2.99,250.27,0.0
60,20-Jun-2020 - 00:00,21-Jun-2020 - 00:00,38.57,70.06,4.33,8.15,12.49,35.47,6.84,0.52,51.21,1.13,1.33,1.43,,,34.41,44.72,2.94,235.61,0.0
61,21-Jun-2020 - 00:00,22-Jun-2020 - 00:00,30.31,60.47,4.3,8.12,12.42,40.4,6.38,0.58,46.91,1.12,1.36,1.42,,,33.44,47.28,2.91,233.45,0.0
62,22-Jun-2020 - 00:00,23-Jun-2020 - 00:00,26.74,55.09,4.58,10.84,15.43,46.54,6.56,0.6,44.4,1.12,1.35,1.43,,,32.2,53.7,2.37,219.48,0.04
63,23-Jun-2020 - 00:00,24-Jun-2020 - 00:00,24.84,50.66,4.86,11.33,16.19,47.11,7.69,0.59,48.45,0.77,1.02,1.15,,,32.89,52.73,2.75,240.6,0.0
64,24-Jun-2020 - 00:00,25-Jun-2020 - 00:00,26.8,53.69,4.79,11.15,15.94,45.92,6.49,0.61,44.62,0.56,0.81,1.0,,,29.93,67.97,2.47,217.41,0.15
65,25-Jun-2020 - 00:00,26-Jun-2020 - 00:00,23.88,53.76,4.96,12.64,17.6,46.33,6.41,0.53,54.75,0.56,0.82,0.99,,,29.54,68.26,2.12,231.0,0.0
66,26-Jun-2020 - 00:00,27-Jun-2020 - 00:00,24.51,62.12,5.25,12.04,17.29,47.52,7.2,0.56,49.99,0.56,0.81,0.99,,,32.56,58.3,2.52,245.76,0.0
67,27-Jun-2020 - 00:00,28-Jun-2020 - 00:00,24.06,71.1,4.28,9.2,13.47,44.32,6.27,0.5,47.1,0.56,0.81,1.0,,,33.45,49.28,3.01,240.81,0.0
68,28-Jun-2020 - 00:00,29-Jun-2020 - 00:00,21.45,53.29,3.61,8.03,11.64,41.55,4.96,0.42,41.85,0.56,0.81,1.0,,,33.79,47.34,3.25,239.02,0.0
69,29-Jun-2020 - 00:00,30-Jun-2020 - 00:00,22.75,63.75,3.5,8.1,11.6,41.57,5.53,0.5,37.9,0.56,0.8,0.99,,,34.6,46.41,3.25,250.0,0.0
70,30-Jun-2020 - 00:00,01-Jul-2020 - 00:00,31.35,74.04,3.47,11.54,15.01,40.47,6.59,0.48,47.87,0.93,1.17,1.33,,,34.17,45.92,2.48,223.56,0.0
71,01-Jul-2020 - 00:00,02-Jul-2020 - 00:00,40.33,81.83,3.75,10.38,14.13,41.19,5.69,0.63,69.41,1.13,1.36,1.43,,,32.47,51.96,3.18,251.42,0.0
72,02-Jul-2020 - 00:00,03-Jul-2020 - 00:00,43.04,96.37,3.43,11.53,14.95,40.36,5.95,0.34,71.38,1.12,1.35,1.44,,,33.58,51.74,3.02,253.59,0.0
73,03-Jul-2020 - 00:00,04-Jul-2020 - 00:00,34.09,63.58,3.69,8.66,12.35,42.04,6.72,0.41,60.82,1.14,1.35,1.43,,,34.44,49.64,3.18,249.01,0.0
74,04-Jul-2020 - 00:00,05-Jul-2020 - 00:00,31.0,54.43,3.56,11.89,15.45,42.94,12.71,0.48,50.0,1.17,1.38,1.46,,,32.08,58.27,2.65,201.22,0.02
75,05-Jul-2020 - 00:00,06-Jul-2020 - 00:00,30.72,52.91,3.65,8.85,12.51,43.54,17.63,0.69,78.41,1.13,1.36,1.44,,,31.61,59.94,2.72,107.45,0.0
76,06-Jul-2020 - 00:00,07-Jul-2020 - 00:00,29.04,51.26,4.17,11.87,16.04,31.97,9.45,0.69,63.6,0.91,0.95,1.13,,,29.27,70.77,2.97,128.37,0.4
77,07-Jul-2020 - 00:00,08-Jul-2020 - 00:00,20.63,35.31,4.75,10.71,15.46,25.06,6.15,0.52,53.93,0.79,0.8,1.01,,,30.61,67.91,3.09,84.65,0.01
78,08-Jul-2020 - 00:00,09-Jul-2020 - 00:00,16.18,34.13,4.97,10.43,15.39,25.62,5.94,0.5,38.94,0.79,0.82,1.0,,,30.7,70.52,3.24,168.23,0.36
79,09-Jul-2020 - 00:00,10-Jul-2020 - 00:00,15.73,40.93,5.56,14.85,20.42,24.11,7.54,0.51,35.54,0.9,0.97,1.11,,,30.13,69.62,3.36,239.05,0.0
80,10-Jul-2020 - 00:00,11-Jul-2020 - 00:00,19.86,47.07,5.36,10.46,15.82,38.34,8.43,0.28,44.61,1.48,1.88,1.69,,,31.45,59.51,4.19,241.6,0.0
81,11-Jul-2020 - 00:00,12-Jul-2020 - 00:00,19.53,38.92,6.15,11.24,17.39,40.81,16.0,0.62,33.09,1.45,1.88,1.73,,,31.44,63.61,4.39,230.82,0.0
82,12-Jul-2020 - 00:00,13-Jul-2020 - 00:00,19.38,37.1,6.71,10.31,17.02,42.11,15.05,0.7,23.91,1.47,1.91,1.73,,,29.75,72.25,3.88,218.96,0.0
83,13-Jul-2020 - 00:00,14-Jul-2020 - 00:00,26.45,70.65,6.74,9.85,16.59,42.65,14.92,0.6,23.01,1.45,1.88,1.73,,,30.68,68.11,3.15,213.28,0.0
84,14-Jul-2020 - 00:00,15-Jul-2020 - 00:00,34.2,65.5,7.17,15.33,22.5,40.4,19.03,0.88,24.95,1.46,1.89,1.71,,,31.37,64.7,3.48,216.85,0.01
85,15-Jul-2020 - 00:00,16-Jul-2020 - 00:00,24.57,43.57,6.58,11.94,18.52,42.77,15.01,0.67,39.72,1.45,1.88,1.71,,,33.87,52.38,3.13,214.22,0.0
86,16-Jul-2020 - 00:00,17-Jul-2020 - 00:00,23.01,41.5,5.09,10.28,15.37,37.36,13.95,0.51,47.42,1.29,1.63,1.54,,,32.44,57.31,2.52,141.56,0.0
87,17-Jul-2020 - 00:00,18-Jul-2020 - 00:00,28.06,45.98,3.77,6.17,9.93,36.45,15.49,0.76,41.91,1.13,1.34,1.43,,,32.41,61.9,2.97,133.96,0.0
88,18-Jul-2020 - 00:00,19-Jul-2020 - 00:00,21.53,41.88,3.92,10.49,14.41,34.47,13.77,0.86,36.19,1.11,1.35,1.45,,,33.76,54.22,3.45,83.23,0.0
89,19-Jul-2020 - 00:00,20-Jul-2020 - 00:00,18.05,40.41,3.51,7.49,11.0,33.93,8.58,0.64,44.76,1.12,1.35,1.44,,,31.97,61.18,3.42,94.41,0.0
90,20-Jul-2020 - 00:00,21-Jul-2020 - 00:00,25.92,62.27,4.34,10.5,14.84,33.49,10.23,0.75,30.82,1.13,1.33,1.43,,,32.18,56.06,3.83,257.75,0.0
91,21-Jul-2020 - 00:00,22-Jul-2020 - 00:00,33.39,63.29,4.91,9.18,14.09,33.47,7.24,0.64,33.15,1.13,1.35,1.44,,,30.47,61.3,4.75,266.52,0.0
92,22-Jul-2020 - 00:00,23-Jul-2020 - 00:00,29.01,57.87,4.87,9.4,14.27,34.08,8.34,0.63,29.61,1.11,1.37,1.44,,,29.06,71.1,4.42,252.92,0.04
93,23-Jul-2020 - 00:00,24-Jul-2020 - 00:00,27.54,66.74,5.04,11.26,16.3,33.78,9.98,0.65,28.14,1.11,1.35,1.42,,,31.6,59.11,3.58,298.17,0.0
94,24-Jul-2020 - 00:00,25-Jul-2020 - 00:00,24.89,56.64,5.72,13.75,19.47,32.91,8.38,0.76,28.1,1.12,1.34,1.41,,,26.17,82.74,4.13,106.44,0.48
95,25-Jul-2020 - 00:00,26-Jul-2020 - 00:00,24.15,48.65,5.95,13.9,19.85,35.46,10.74,0.73,35.9,1.13,1.34,1.44,,,28.54,72.98,4.49,1.68,0.0
96,26-Jul-2020 - 00:00,27-Jul-2020 - 00:00,28.27,57.36,7.99,15.17,23.16,39.95,8.07,0.89,24.27,1.12,1.35,1.43,,,28.78,78.75,3.81,11.52,0.01
97,27-Jul-2020 - 00:00,28-Jul-2020 - 00:00,24.01,56.61,6.95,13.94,20.89,40.71,7.89,0.61,39.68,1.11,1.35,1.45,,,30.88,66.19,3.58,19.43,0.0
98,28-Jul-2020 - 00:00,29-Jul-2020 - 00:00,17.91,43.33,5.62,12.23,17.85,37.35,7.68,0.53,29.01,1.12,1.35,1.44,,,31.85,58.36,2.51,74.51,0.0
99,29-Jul-2020 - 00:00,30-Jul-2020 - 00:00,26.74,56.07,4.29,11.04,15.33,38.41,8.26,0.55,25.34,1.12,1.4,1.47,,,31.42,63.82,0.65,219.41,0.0
100,30-Jul-2020 - 00:00,31-Jul-2020 - 00:00,31.68,62.49,3.92,13.33,17.25,33.87,7.92,0.48,26.83,0.78,1.15,0.7,,,29.48,74.81,0.4,190.68,0.1
101,31-Jul-2020 - 00:00,01-Aug-2020 - 00:00,31.26,64.33,4.25,12.85,17.1,35.41,6.21,0.6,28.89,0.59,1.07,0.38,,,29.85,74.23,0.33,174.74,0.0
102,01-Aug-2020 - 00:00,02-Aug-2020 - 00:00,29.37,60.99,4.87,14.79,19.5,31.41,7.99,0.55,27.42,0.59,1.07,0.38,,,29.01,78.06,0.65,223.78,0.28
103,02-Aug-2020 - 00:00,03-Aug-2020 - 00:00,30.66,57.19,2.76,11.87,14.61,17.59,8.55,0.59,24.41,0.59,1.06,0.38,,,30.36,74.01,0.77,233.68,0.0
104,03-Aug-2020 - 00:00,04-Aug-2020 - 00:00,30.98,59.57,2.47,15.17,17.64,14.92,9.23,0.48,34.69,0.59,1.06,0.38,,,29.99,72.77,0.97,213.38,0.0
105,04-Aug-2020 - 00:00,05-Aug-2020 - 00:00,30.01,62.66,2.66,14.29,16.94,15.22,10.14,0.44,32.9,0.59,1.07,0.38,,,31.58,64.93,0.91,223.28,0.0
106,05-Aug-2020 - 00:00,06-Aug-2020 - 00:00,35.46,67.82,2.79,12.95,15.73,13.63,8.38,0.45,29.03,0.59,1.05,0.38,,,29.83,74.07,0.72,154.92,0.09
107,06-Aug-2020 - 00:00,07-Aug-2020 - 00:00,27.48,40.12,2.61,6.9,9.5,26.03,9.57,0.47,41.08,0.92,1.27,1.1,,,29.55,75.85,1.35,64.69,0.0
108,07-Aug-2020 - 00:00,08-Aug-2020 - 00:00,19.62,36.18,1.83,8.61,10.44,19.7,6.52,0.48,29.15,1.19,1.41,1.52,,,28.77,83.27,0.76,99.55,0.06
109,08-Aug-2020 - 00:00,09-Aug-2020 - 00:00,12.7,28.42,1.93,8.97,10.91,19.38,7.23,0.57,21.92,1.14,1.34,1.43,,,27.5,84.01,0.86,241.49,0.05
110,09-Aug-2020 - 00:00,10-Aug-2020 - 00:00,19.37,45.16,1.9,11.32,13.22,19.47,9.86,0.64,21.81,1.12,1.35,1.42,,,29.7,73.86,0.68,240.24,0.0
111,10-Aug-2020 - 00:00,11-Aug-2020 - 00:00,18.51,30.48,2.02,9.56,11.58,18.62,8.04,0.68,21.56,0.76,1.01,1.22,,,28.29,86.32,0.81,250.73,0.07
112,11-Aug-2020 - 00:00,12-Aug-2020 - 00:00,23.62,50.12,2.12,11.8,13.92,19.96,9.14,0.7,16.28,0.56,0.88,1.12,,,27.98,85.78,0.84,238.47,0.0
113,12-Aug-2020 - 00:00,13-Aug-2020 - 00:00,23.71,48.39,1.98,12.61,14.59,18.79,7.38,0.7,17.8,0.56,0.88,1.13,,,29.24,78.29,1.16,233.77,0.0
114,13-Aug-2020 - 00:00,14-Aug-2020 - 00:00,24.14,55.61,2.01,10.55,12.56,18.19,9.03,0.73,16.29,0.56,0.88,1.12,,,29.18,79.45,1.04,251.02,0.0
115,14-Aug-2020 - 00:00,15-Aug-2020 - 00:00,24.51,47.22,4.04,19.87,23.91,21.78,9.6,0.82,9.36,0.59,0.86,1.07,,,27.44,89.26,0.86,240.51,0.07
116,15-Aug-2020 - 00:00,16-Aug-2020 - 00:00,19.14,42.44,2.21,13.73,15.94,22.8,7.59,0.79,13.7,0.56,0.88,1.12,,,28.15,88.51,0.77,235.43,0.12
117,16-Aug-2020 - 00:00,17-Aug-2020 - 00:00,27.7,60.86,2.57,14.59,17.16,21.78,10.36,0.84,16.48,0.56,0.88,1.12,,,28.34,88.98,0.69,240.8,0.01
118,17-Aug-2020 - 00:00,18-Aug-2020 - 00:00,30.17,65.11,2.38,14.28,16.66,20.8,8.51,0.89,19.64,0.56,0.88,1.12,,,29.57,82.23,0.59,228.3,0.0
119,18-Aug-2020 - 00:00,19-Aug-2020 - 00:00,27.64,69.96,2.43,15.35,17.78,25.48,8.24,0.86,12.59,0.56,0.88,1.13,,,28.82,88.14,0.89,248.36,0.0
120,19-Aug-2020 - 00:00,20-Aug-2020 - 00:00,26.82,67.39,2.17,9.86,12.02,22.8,9.8,0.73,18.42,0.56,0.87,1.11,,,27.84,86.86,1.32,223.62,0.19
121,20-Aug-2020 - 00:00,21-Aug-2020 - 00:00,25.56,46.62,1.9,11.04,12.94,23.2,8.0,0.71,23.71,0.78,0.99,0.79,,,27.53,85.43,0.73,183.79,0.0
122,21-Aug-2020 - 00:00,22-Aug-2020 - 00:00,20.35,37.5,1.43,9.65,11.06,23.77,7.77,0.66,20.46,0.9,1.05,0.63,,,28.84,81.0,0.74,49.92,0.0
123,22-Aug-2020 - 00:00,23-Aug-2020 - 00:00,19.32,39.5,0.82,8.2,8.99,23.54,5.12,0.59,22.99,0.91,1.09,0.86,,,28.09,83.57,1.32,75.91,0.0
124,23-Aug-2020 - 00:00,24-Aug-2020 - 00:00,17.42,38.38,0.71,7.6,8.29,16.71,3.71,0.6,23.12,1.13,1.34,1.42,,,27.44,85.92,1.41,77.2,0.0
125,24-Aug-2020 - 00:00,25-Aug-2020 - 00:00,14.26,34.6,1.53,9.55,11.06,18.36,6.55,0.7,18.91,1.11,1.35,1.43,,,26.78,92.91,1.16,156.83,0.15
126,25-Aug-2020 - 00:00,26-Aug-2020 - 00:00,22.19,44.25,2.33,12.92,15.23,17.59,5.7,0.8,18.06,1.13,1.35,1.43,,,26.3,92.1,1.02,194.22,0.07
127,26-Aug-2020 - 00:00,27-Aug-2020 - 00:00,21.11,56.0,2.76,11.67,14.37,18.06,6.2,0.74,18.3,1.11,1.34,1.42,,,27.13,82.26,1.21,224.47,0.0
128,27-Aug-2020 - 00:00,28-Aug-2020 - 00:00,21.86,56.21,2.89,13.84,16.72,18.51,6.48,0.66,18.14,1.1,1.36,1.42,,,28.17,77.1,1.04,246.61,0.0
129,28-Aug-2020 - 00:00,29-Aug-2020 - 00:00,20.68,47.32,1.99,11.06,13.02,21.46,5.12,0.55,22.14,1.11,1.35,1.43,,,28.91,73.94,0.84,257.05,0.0
130,29-Aug-2020 - 00:00,30-Aug-2020 - 00:00,26.41,52.29,3.26,13.86,17.08,17.92,9.37,0.77,18.21,1.12,1.34,1.44,,,27.08,88.85,1.03,239.01,0.36
131,30-Aug-2020 - 00:00,31-Aug-2020 - 00:00,18.66,31.38,4.74,11.02,15.76,18.95,6.96,0.77,16.37,1.12,1.33,1.43,,,25.83,96.96,1.02,174.54,0.16
132,31-Aug-2020 - 00:00,01-Sep-2020 - 00:00,16.15,33.84,3.49,12.65,16.56,21.46,9.6,0.71,20.29,1.12,1.33,1.41,,,25.73,91.33,1.34,187.72,0.12
133,01-Sep-2020 - 00:00,02-Sep-2020 - 00:00,13.23,32.49,0.83,11.33,13.12,16.54,5.59,0.64,31.87,1.11,1.34,1.43,,,25.62,86.97,1.42,217.0,0.01
134,02-Sep-2020 - 00:00,03-Sep-2020 - 00:00,26.5,60.18,2.88,18.29,22.16,17.46,3.87,0.75,16.4,1.11,1.34,1.43,,,27.25,85.49,0.81,250.27,0.0
135,03-Sep-2020 - 00:00,04-Sep-2020 - 00:00,27.25,55.31,1.8,16.98,19.75,19.57,6.33,0.87,11.86,1.13,1.34,1.45,,,26.3,95.57,0.55,261.68,0.29
136,04-Sep-2020 - 00:00,05-Sep-2020 - 00:00,22.45,46.21,1.14,11.69,13.81,17.7,4.12,0.75,19.86,1.12,1.36,1.42,,,26.48,91.51,0.72,254.77,0.0
137,05-Sep-2020 - 00:00,06-Sep-2020 - 00:00,17.06,44.28,1.21,15.03,17.22,17.47,6.27,0.66,26.15,1.13,1.36,1.43,,,27.47,82.16,1.13,226.98,0.0
138,06-Sep-2020 - 00:00,07-Sep-2020 - 00:00,21.18,36.87,0.88,15.28,17.13,16.34,6.77,0.77,25.7,1.14,1.34,1.44,,,27.52,85.65,1.35,181.13,0.51
139,07-Sep-2020 - 00:00,08-Sep-2020 - 00:00,23.08,47.15,1.72,17.25,19.55,23.83,6.52,0.91,13.98,1.12,1.35,1.41,,,26.87,90.89,2.37,14.39,0.0
140,08-Sep-2020 - 00:00,09-Sep-2020 - 00:00,21.82,51.26,1.59,12.94,14.51,18.1,3.25,0.7,20.23,1.11,1.36,1.43,,,28.0,79.37,2.24,33.34,0.0
141,09-Sep-2020 - 00:00,10-Sep-2020 - 00:00,24.9,58.04,2.74,17.53,20.27,19.92,5.14,0.79,15.42,1.25,1.4,1.44,,,29.18,78.04,0.49,207.74,0.0
142,10-Sep-2020 - 00:00,11-Sep-2020 - 00:00,32.89,66.41,4.93,18.91,23.84,23.19,7.25,0.91,17.91,1.13,1.35,1.42,,,29.91,74.83,0.2,160.0,0.0
143,11-Sep-2020 - 00:00,12-Sep-2020 - 00:00,28.49,58.25,4.05,19.39,23.42,24.67,7.42,0.87,15.52,1.13,1.35,1.43,,,29.81,77.88,0.16,144.69,0.0
144,12-Sep-2020 - 00:00,13-Sep-2020 - 00:00,26.07,60.29,4.59,20.38,24.96,25.99,7.88,0.89,17.55,1.12,1.34,1.43,,,30.52,72.44,0.23,94.58,0.0
145,13-Sep-2020 - 00:00,14-Sep-2020 - 00:00,34.85,75.51,3.21,21.92,25.12,25.68,7.33,0.91,22.98,1.13,1.34,1.44,,,30.91,67.79,0.17,100.8,0.0
146,14-Sep-2020 - 00:00,15-Sep-2020 - 00:00,33.48,70.88,2.42,20.26,22.67,27.72,7.24,0.96,24.13,1.32,0.63,1.09,,,30.45,68.93,0.21,126.95,0.0
147,15-Sep-2020 - 00:00,16-Sep-2020 - 00:00,34.25,68.23,0.97,12.89,13.8,23.55,7.21,0.76,32.63,1.41,0.34,0.93,,,31.49,67.15,0.5,222.09,0.0
148,16-Sep-2020 - 00:00,17-Sep-2020 - 00:00,30.69,99.68,0.86,8.95,9.78,22.26,7.75,0.63,39.26,1.38,0.34,0.92,,,31.57,57.23,0.91,271.11,0.0
149,17-Sep-2020 - 00:00,18-Sep-2020 - 00:00,35.41,58.28,0.8,10.98,11.77,18.06,8.03,0.77,35.73,1.41,0.34,0.93,,,31.36,62.92,0.95,244.4,0.0
150,18-Sep-2020 - 00:00,19-Sep-2020 - 00:00,29.34,55.58,0.9,10.5,11.38,16.01,8.53,0.63,28.62,1.32,0.98,1.34,,,30.87,66.03,1.15,252.66,0.0
151,19-Sep-2020 - 00:00,20-Sep-2020 - 00:00,22.42,47.95,1.95,13.5,15.39,16.3,8.81,0.76,20.79,1.11,1.35,1.41,,,30.04,72.36,0.72,220.25,0.04
152,20-Sep-2020 - 00:00,21-Sep-2020 - 00:00,25.28,48.81,1.62,14.95,16.57,22.61,8.21,0.77,20.63,1.13,1.33,1.43,,,31.08,64.12,0.63,235.11,0.0
153,21-Sep-2020 - 00:00,22-Sep-2020 - 00:00,33.7,72.43,2.9,21.82,24.71,23.34,8.69,0.88,32.48,1.14,1.34,1.42,,,29.96,56.33,0.49,156.32,0.0
154,22-Sep-2020 - 00:00,23-Sep-2020 - 00:00,35.02,93.48,2.11,20.84,22.94,22.12,8.82,0.92,44.98,1.13,1.33,1.41,,,30.48,48.07,0.57,119.66,0.0
155,23-Sep-2020 - 00:00,24-Sep-2020 - 00:00,36.4,78.46,2.25,19.22,21.47,26.28,8.45,0.91,31.08,1.13,0.97,1.08,,,31.03,56.85,0.42,173.95,0.0
156,24-Sep-2020 - 00:00,25-Sep-2020 - 00:00,26.89,62.84,1.37,14.66,16.03,22.05,9.23,0.66,42.82,1.08,0.58,0.79,,,31.12,56.65,1.11,229.61,0.0
157,25-Sep-2020 - 00:00,26-Sep-2020 - 00:00,33.12,68.61,1.07,14.38,15.44,18.02,8.19,0.66,37.68,1.11,0.59,0.8,,,30.69,59.27,1.15,235.49,0.0
158,26-Sep-2020 - 00:00,27-Sep-2020 - 00:00,33.85,58.24,1.43,14.13,15.54,17.66,8.55,0.66,32.32,1.11,0.6,0.8,,,28.07,71.5,1.39,233.68,0.09
159,27-Sep-2020 - 00:00,28-Sep-2020 - 00:00,22.26,70.41,1.46,12.43,13.89,19.71,9.06,0.68,30.23,1.11,0.6,0.81,,,26.43,77.49,0.67,225.26,0.63
160,28-Sep-2020 - 00:00,29-Sep-2020 - 00:00,24.7,72.0,2.97,19.85,22.82,18.88,8.57,0.7,24.33,1.14,0.6,0.8,,,28.57,61.66,0.56,234.11,0.0
161,29-Sep-2020 - 00:00,30-Sep-2020 - 00:00,26.42,76.27,4.18,19.16,23.33,18.02,9.15,0.66,30.88,1.12,0.6,0.8,,,29.14,57.93,0.53,216.71,0.0
162,30-Sep-2020 - 00:00,01-Oct-2020 - 00:00,28.74,69.04,3.8,21.65,25.45,20.01,8.51,0.85,30.7,1.13,0.59,0.81,,,29.15,53.64,0.62,221.31,0.0
163,01-Oct-2020 - 00:00,02-Oct-2020 - 00:00,32.43,56.42,1.17,16.91,18.06,20.33,8.9,0.71,39.33,1.13,0.59,0.8,,,30.03,47.95,0.72,236.3,0.0
164,02-Oct-2020 - 00:00,03-Oct-2020 - 00:00,34.09,67.61,3.57,21.02,24.59,20.55,8.67,0.9,38.15,1.12,0.59,0.81,,,29.07,48.04,0.71,195.05,0.0
165,03-Oct-2020 - 00:00,04-Oct-2020 - 00:00,31.45,67.6,1.46,20.56,22.02,21.95,8.33,0.75,30.82,1.14,0.59,0.8,,,29.33,47.41,0.7,231.14,0.0
166,04-Oct-2020 - 00:00,05-Oct-2020 - 00:00,32.55,72.8,4.31,22.73,27.03,20.8,8.7,0.91,33.45,1.11,0.59,0.81,,,28.86,44.9,0.72,204.4,0.0
167,05-Oct-2020 - 00:00,06-Oct-2020 - 00:00,36.11,72.68,5.27,30.13,35.38,23.28,8.31,1.0,25.8,1.13,0.59,0.81,,,27.48,44.29,0.35,215.64,0.0
168,06-Oct-2020 - 00:00,07-Oct-2020 - 00:00,45.58,80.3,11.32,30.99,42.3,28.68,8.43,1.07,25.18,1.12,0.59,0.8,,,27.59,45.22,0.38,189.61,0.0
169,07-Oct-2020 - 00:00,08-Oct-2020 - 00:00,38.26,59.75,3.97,23.99,27.95,25.85,5.83,0.89,21.55,1.13,0.59,0.8,,,28.34,39.26,0.33,121.18,0.0
170,08-Oct-2020 - 00:00,09-Oct-2020 - 00:00,38.57,80.43,3.68,28.31,31.97,25.65,1.82,0.92,36.47,1.12,0.59,0.8,,,27.94,39.93,0.29,186.7,0.0
171,09-Oct-2020 - 00:00,10-Oct-2020 - 00:00,34.42,87.37,6.58,29.45,36.01,21.08,3.6,0.81,38.82,1.11,0.59,0.81,,,27.59,38.16,0.29,145.8,0.0
172,10-Oct-2020 - 00:00,11-Oct-2020 - 00:00,37.2,82.3,3.4,28.65,32.03,20.2,2.7,0.79,36.2,1.12,0.59,0.81,,,27.71,36.69,0.31,156.79,0.0
173,11-Oct-2020 - 00:00,12-Oct-2020 - 00:00,43.21,82.48,4.31,28.02,32.3,18.96,2.04,0.77,38.38,1.12,0.6,0.81,,,27.46,35.57,0.31,153.5,0.0
174,12-Oct-2020 - 00:00,13-Oct-2020 - 00:00,40.94,88.77,8.19,34.74,42.92,22.6,2.83,0.87,33.68,1.22,1.01,1.19,,,26.83,35.12,0.3,149.8,0.0
175,13-Oct-2020 - 00:00,14-Oct-2020 - 00:00,31.01,98.27,5.1,32.12,37.2,19.25,2.6,0.91,39.53,1.12,1.35,1.42,,,26.94,32.85,0.3,207.41,0.0
176,14-Oct-2020 - 00:00,15-Oct-2020 - 00:00,55.38,95.94,2.55,27.66,30.2,23.1,4.2,0.98,51.92,1.13,1.34,1.42,,,27.31,39.27,0.5,168.79,0.0
177,15-Oct-2020 - 00:00,16-Oct-2020 - 00:00,79.51,125.86,1.21,23.91,25.12,25.39,4.27,1.07,69.44,1.12,1.36,1.42,,,28.09,48.35,0.55,120.56,0.0
178,16-Oct-2020 - 00:00,17-Oct-2020 - 00:00,78.01,124.74,1.13,24.15,25.24,20.32,5.51,1.01,69.18,1.11,1.35,1.43,,,28.37,38.86,0.54,121.05,0.0
179,17-Oct-2020 - 00:00,18-Oct-2020 - 00:00,67.52,117.57,1.96,32.05,34.0,24.53,4.66,1.07,65.95,2.38,2.74,2.68,,,28.76,39.55,0.43,133.67,0.0
180,18-Oct-2020 - 00:00,19-Oct-2020 - 00:00,83.99,142.54,1.09,18.53,19.58,20.23,6.86,0.86,84.13,1.94,1.76,2.03,,,28.58,39.94,0.49,163.49,0.0
181,19-Oct-2020 - 00:00,20-Oct-2020 - 00:00,65.1,128.86,4.65,29.64,34.28,26.19,8.37,1.03,56.51,1.89,1.72,1.99,,,27.32,50.08,0.32,178.9,0.0
182,20-Oct-2020 - 00:00,21-Oct-2020 - 00:00,50.51,107.6,1.94,29.59,31.51,32.61,11.35,0.97,57.08,1.92,1.75,2.03,,,28.07,50.32,0.38,149.73,0.0
183,21-Oct-2020 - 00:00,22-Oct-2020 - 00:00,53.24,109.4,1.61,29.69,31.29,28.41,14.47,1.11,58.77,1.94,1.73,2.03,,,27.58,54.88,0.43,150.63,0.0
184,22-Oct-2020 - 00:00,23-Oct-2020 - 00:00,46.54,99.31,6.05,32.09,38.13,24.87,8.63,1.26,41.58,1.93,1.74,2.04,,,26.95,45.66,0.35,175.98,0.0
185,23-Oct-2020 - 00:00,24-Oct-2020 - 00:00,70.0,123.3,7.9,34.2,42.09,25.51,7.48,1.4,56.52,1.94,1.76,2.02,,,26.3,36.38,0.28,177.94,0.0
186,24-Oct-2020 - 00:00,25-Oct-2020 - 00:00,75.07,131.87,5.29,37.11,42.38,26.3,7.04,1.72,46.95,1.91,1.75,2.03,,,25.51,36.67,0.26,172.38,0.0
187,25-Oct-2020 - 00:00,26-Oct-2020 - 00:00,60.07,105.1,7.75,31.92,39.66,27.78,10.27,1.42,34.79,1.92,1.74,2.04,,,25.09,38.45,0.34,166.24,0.0
188,26-Oct-2020 - 00:00,27-Oct-2020 - 00:00,39.73,96.06,11.13,30.89,42.02,26.29,10.42,1.09,37.06,1.92,1.76,2.03,,,25.45,32.91,0.43,199.54,0.0
189,27-Oct-2020 - 00:00,28-Oct-2020 - 00:00,105.12,171.33,10.91,31.67,42.55,26.44,9.51,1.53,51.03,1.94,1.75,2.03,,,23.21,35.37,0.34,177.22,0.0
190,28-Oct-2020 - 00:00,29-Oct-2020 - 00:00,56.66,123.05,13.86,34.7,48.55,30.28,12.23,1.44,38.0,1.93,1.76,2.04,,,22.93,36.0,0.27,143.24,0.0
191,29-Oct-2020 - 00:00,30-Oct-2020 - 00:00,56.92,115.86,5.59,32.88,38.46,28.67,20.86,1.26,39.79,1.92,1.75,2.04,,,22.97,33.84,0.32,139.9,0.0
192,30-Oct-2020 - 00:00,31-Oct-2020 - 00:00,51.56,116.43,5.44,32.87,38.31,31.15,21.61,1.34,39.89,1.91,1.75,2.04,,,23.3,35.27,0.34,146.41,0.0
193,31-Oct-2020 - 00:00,01-Nov-2020 - 00:00,75.35,165.73,9.61,32.42,42.02,33.4,19.73,1.37,44.83,1.93,1.75,2.03,,,22.64,36.86,0.28,157.24,0.0
194,01-Nov-2020 - 00:00,02-Nov-2020 - 00:00,50.48,115.75,14.24,30.8,45.03,34.2,20.27,1.25,40.94,1.92,1.75,2.03,,,22.07,35.4,0.34,161.28,0.0
195,02-Nov-2020 - 00:00,03-Nov-2020 - 00:00,42.01,111.37,15.37,33.94,49.3,32.94,20.39,1.36,35.6,1.92,1.75,2.03,,,21.53,31.06,0.32,151.95,0.0
196,03-Nov-2020 - 00:00,04-Nov-2020 - 00:00,63.2,129.2,21.25,36.74,57.99,36.42,20.75,1.38,33.42,1.91,1.76,2.02,,,21.43,33.59,0.41,122.16,0.0
197,04-Nov-2020 - 00:00,05-Nov-2020 - 00:00,54.98,114.21,11.98,32.46,44.44,32.09,13.16,1.25,30.97,1.92,1.77,2.02,,,21.81,34.53,0.32,120.66,0.0
198,05-Nov-2020 - 00:00,06-Nov-2020 - 00:00,57.36,119.53,21.15,45.21,66.36,38.22,5.88,1.41,27.75,1.93,1.76,2.02,,,22.08,39.28,0.27,127.48,0.0
199,06-Nov-2020 - 00:00,07-Nov-2020 - 00:00,62.91,126.68,20.18,56.3,76.48,39.31,4.47,1.24,33.61,1.92,1.77,2.01,,,22.49,41.73,0.26,153.41,0.0
200,07-Nov-2020 - 00:00,08-Nov-2020 - 00:00,65.92,119.35,23.06,50.26,73.31,29.08,5.08,1.18,36.8,1.64,1.63,1.86,,,22.55,40.36,0.26,138.64,0.0
201,08-Nov-2020 - 00:00,09-Nov-2020 - 00:00,85.14,133.53,14.5,47.54,62.03,21.95,4.22,0.99,42.06,1.12,1.35,1.42,,,22.27,39.27,0.27,154.32,0.0
202,09-Nov-2020 - 00:00,10-Nov-2020 - 00:00,87.43,124.22,13.91,47.97,61.87,22.97,4.77,1.08,37.13,1.12,1.36,1.4,,,22.13,39.81,0.28,165.58,0.0
203,10-Nov-2020 - 00:00,11-Nov-2020 - 00:00,97.85,171.76,8.69,55.1,63.78,26.53,2.89,1.08,42.65,1.04,1.21,1.33,,,21.43,37.3,0.32,117.2,0.0
204,11-Nov-2020 - 00:00,12-Nov-2020 - 00:00,110.69,195.58,1.99,38.22,40.2,27.06,5.59,1.02,61.65,1.26,0.68,1.0,,,20.41,47.14,0.39,122.95,0.0
205,12-Nov-2020 - 00:00,13-Nov-2020 - 00:00,97.44,164.33,5.64,43.48,49.12,28.93,6.17,1.28,56.5,1.29,0.68,1.0,,,20.31,52.09,0.29,130.95,0.0
206,13-Nov-2020 - 00:00,14-Nov-2020 - 00:00,81.12,154.23,8.13,49.46,57.59,32.46,5.34,1.22,41.39,1.28,0.68,1.01,,,20.4,56.89,0.21,106.02,0.0
207,14-Nov-2020 - 00:00,15-Nov-2020 - 00:00,75.65,127.21,4.72,35.87,40.58,32.96,5.22,0.89,47.59,1.2,0.75,1.0,,,21.32,61.45,0.31,122.17,0.0
208,15-Nov-2020 - 00:00,16-Nov-2020 - 00:00,84.97,140.61,7.49,34.92,42.41,32.74,5.66,0.97,40.5,1.66,1.36,1.43,,,22.41,67.99,0.29,147.07,0.0
209,16-Nov-2020 - 00:00,17-Nov-2020 - 00:00,47.26,87.51,4.16,27.94,32.1,36.59,6.15,0.63,35.34,1.7,1.36,1.43,,,21.13,73.07,0.37,98.17,0.0
210,17-Nov-2020 - 00:00,18-Nov-2020 - 00:00,47.69,82.45,1.87,19.97,22.27,33.56,6.17,0.8,53.59,1.68,1.34,1.43,,,20.14,79.98,0.62,70.11,0.0
211,18-Nov-2020 - 00:00,19-Nov-2020 - 00:00,40.58,88.45,3.55,31.01,34.53,25.52,5.56,0.8,56.35,1.7,1.35,1.43,,,19.85,64.72,0.52,95.82,0.0
212,19-Nov-2020 - 00:00,20-Nov-2020 - 00:00,47.5,99.23,5.6,34.92,40.52,25.45,5.8,0.83,54.71,1.69,1.33,1.43,,,19.44,64.86,0.42,185.49,0.0
213,20-Nov-2020 - 00:00,21-Nov-2020 - 00:00,43.86,90.04,3.35,27.89,31.23,19.39,5.83,0.63,64.67,1.71,1.35,1.44,,,18.92,41.38,0.47,145.63,0.0
214,21-Nov-2020 - 00:00,22-Nov-2020 - 00:00,49.22,90.04,5.84,30.95,36.93,17.8,6.09,0.77,48.92,1.7,1.36,1.43,,,17.9,38.74,0.33,140.39,0.0
215,22-Nov-2020 - 00:00,23-Nov-2020 - 00:00,44.66,99.29,8.26,41.52,49.78,21.31,6.65,0.87,35.52,1.7,1.33,1.43,,,17.55,43.64,0.27,137.97,0.0
216,23-Nov-2020 - 00:00,24-Nov-2020 - 00:00,46.12,102.01,3.58,36.95,40.53,22.88,7.81,0.77,52.2,1.69,1.35,1.42,,,18.43,42.66,0.31,133.49,0.0
217,24-Nov-2020 - 00:00,25-Nov-2020 - 00:00,63.42,104.55,2.56,35.52,38.06,26.55,4.05,0.68,58.35,1.59,1.31,1.38,,,19.61,43.36,0.34,153.74,0.0
218,25-Nov-2020 - 00:00,26-Nov-2020 - 00:00,63.23,116.54,3.2,32.97,36.14,26.96,4.24,0.71,85.34,1.13,1.35,1.45,,,20.12,47.41,0.56,126.53,0.05
219,26-Nov-2020 - 00:00,27-Nov-2020 - 00:00,86.02,119.79,2.82,27.97,30.79,40.38,5.42,0.86,73.4,1.14,1.35,1.41,,,18.26,68.95,0.64,89.18,0.0
220,27-Nov-2020 - 00:00,28-Nov-2020 - 00:00,29.6,63.2,2.22,21.49,23.7,27.16,5.41,0.63,54.46,1.12,1.36,1.41,,,18.11,55.58,0.67,151.84,0.0
221,28-Nov-2020 - 00:00,29-Nov-2020 - 00:00,52.88,151.25,6.37,35.52,41.88,29.31,5.94,0.89,47.49,1.11,1.35,1.43,,,18.27,50.46,0.39,126.08,0.0
222,29-Nov-2020 - 00:00,30-Nov-2020 - 00:00,47.27,102.42,13.49,44.97,58.45,33.39,6.11,1.11,34.33,1.11,1.36,1.44,,,18.17,56.61,0.26,138.38,0.0
223,30-Nov-2020 - 00:00,01-Dec-2020 - 00:00,42.94,100.56,19.08,46.42,65.49,36.29,6.36,1.19,28.36,1.12,1.36,1.43,,,19.02,55.96,0.22,118.11,0.0
224,01-Dec-2020 - 00:00,02-Dec-2020 - 00:00,59.33,120.72,58.83,63.95,120.16,36.86,6.76,1.44,31.17,1.13,1.35,1.43,,,19.59,51.58,0.22,138.16,0.0
225,02-Dec-2020 - 00:00,03-Dec-2020 - 00:00,48.0,86.81,20.45,44.07,64.52,34.72,5.2,1.1,28.86,1.12,1.35,1.44,,,20.23,48.58,0.33,137.6,0.0
226,03-Dec-2020 - 00:00,04-Dec-2020 - 00:00,50.59,104.42,25.09,39.03,64.12,31.69,5.39,1.24,26.36,1.12,1.34,1.43,,,20.28,40.59,0.31,127.1,0.0
227,04-Dec-2020 - 00:00,05-Dec-2020 - 00:00,39.69,89.76,20.23,40.42,60.65,31.58,5.99,1.2,25.7,1.12,1.34,1.44,,,20.68,40.77,0.38,126.95,0.0
228,05-Dec-2020 - 00:00,06-Dec-2020 - 00:00,58.35,94.0,16.96,43.3,60.07,39.57,6.26,1.12,28.75,1.13,1.37,1.44,,,20.98,48.04,0.44,125.62,0.0
229,06-Dec-2020 - 00:00,07-Dec-2020 - 00:00,42.14,79.48,8.58,38.26,46.84,35.72,7.29,0.96,26.45,1.13,1.35,1.42,,,21.58,46.6,0.36,166.0,0.0
230,07-Dec-2020 - 00:00,08-Dec-2020 - 00:00,57.72,122.61,13.29,45.72,59.01,37.13,8.0,1.39,35.49,1.2,1.39,1.54,,,21.54,50.17,0.19,157.29,0.0
231,08-Dec-2020 - 00:00,09-Dec-2020 - 00:00,48.46,101.22,13.56,45.29,58.86,36.71,8.27,1.18,32.83,1.12,1.36,1.44,,,21.66,55.07,0.33,134.18,0.0
232,09-Dec-2020 - 00:00,10-Dec-2020 - 00:00,50.92,112.94,21.88,48.1,69.98,37.93,8.16,1.46,27.76,1.13,1.35,1.43,,,21.41,55.73,0.3,126.23,0.0
233,10-Dec-2020 - 00:00,11-Dec-2020 - 00:00,48.28,104.72,12.42,42.17,54.58,38.97,8.23,1.04,33.36,1.1,1.34,1.42,,,21.49,52.17,0.28,160.86,0.0
234,11-Dec-2020 - 00:00,12-Dec-2020 - 00:00,53.79,101.52,2.5,24.45,26.93,42.55,7.5,0.7,61.27,1.11,1.37,1.43,,,20.64,64.99,0.76,155.34,0.0
235,12-Dec-2020 - 00:00,13-Dec-2020 - 00:00,47.23,81.03,2.51,20.57,23.07,38.56,6.18,0.72,53.6,1.11,1.34,1.43,,,18.72,67.75,0.69,107.83,0.0
236,13-Dec-2020 - 00:00,14-Dec-2020 - 00:00,35.94,67.79,1.93,16.04,17.96,33.83,6.98,0.63,60.32,1.13,1.34,1.42,,,17.45,56.68,0.73,68.11,0.0
237,14-Dec-2020 - 00:00,15-Dec-2020 - 00:00,33.04,66.33,2.42,18.36,20.79,32.91,6.78,0.6,55.72,1.12,1.35,1.42,,,16.16,47.67,0.66,78.39,0.0
238,15-Dec-2020 - 00:00,16-Dec-2020 - 00:00,44.78,99.82,2.65,22.54,25.19,39.83,7.87,0.65,58.13,1.14,1.36,1.43,,,16.53,57.6,0.56,128.91,0.0
239,16-Dec-2020 - 00:00,17-Dec-2020 - 00:00,48.73,95.07,2.37,20.4,22.77,36.88,7.25,0.6,53.01,1.13,1.35,1.45,,,15.38,47.84,0.57,88.26,0.0
240,17-Dec-2020 - 00:00,18-Dec-2020 - 00:00,41.01,86.32,2.27,17.24,19.5,36.42,6.2,0.54,61.64,1.13,1.36,1.43,,,13.32,38.86,0.6,138.44,0.0
241,18-Dec-2020 - 00:00,19-Dec-2020 - 00:00,38.97,91.17,13.11,30.25,43.36,39.13,6.78,0.86,46.15,1.11,1.35,1.42,,,13.45,34.66,0.37,110.07,0.0
242,19-Dec-2020 - 00:00,20-Dec-2020 - 00:00,49.71,123.48,18.52,36.51,55.02,41.22,7.47,1.12,34.46,1.13,1.35,1.43,,,14.83,40.66,0.29,101.93,0.0
243,20-Dec-2020 - 00:00,21-Dec-2020 - 00:00,52.07,126.34,27.69,41.48,69.17,48.64,6.98,1.33,24.24,1.12,1.34,1.43,,,15.03,45.02,0.27,99.37,0.0
244,21-Dec-2020 - 00:00,22-Dec-2020 - 00:00,47.65,114.06,32.43,39.95,72.57,50.91,7.36,1.47,27.81,1.13,1.36,1.43,,,16.14,42.99,0.26,126.36,0.0
245,22-Dec-2020 - 00:00,23-Dec-2020 - 00:00,42.32,111.1,25.53,49.56,75.09,51.35,7.59,1.27,22.79,1.12,1.35,1.43,,,16.71,48.31,0.28,146.99,0.0
246,23-Dec-2020 - 00:00,24-Dec-2020 - 00:00,43.29,100.84,5.3,33.12,38.42,35.51,6.99,0.81,42.09,1.14,1.34,1.43,,,16.74,53.69,0.32,157.53,0.0
247,24-Dec-2020 - 00:00,25-Dec-2020 - 00:00,71.68,125.83,7.95,35.56,43.51,32.56,6.38,1.03,49.29,1.12,1.35,1.44,,,16.43,53.22,0.32,169.63,0.0
248,25-Dec-2020 - 00:00,26-Dec-2020 - 00:00,84.58,147.73,8.45,38.86,47.32,35.44,5.1,1.1,49.12,1.13,1.34,1.44,,,16.43,54.99,0.33,171.46,0.0
249,26-Dec-2020 - 00:00,27-Dec-2020 - 00:00,68.64,120.99,8.15,41.25,49.39,41.17,5.5,1.16,41.46,1.12,1.35,1.43,,,16.25,58.92,0.3,139.9,0.0
250,27-Dec-2020 - 00:00,28-Dec-2020 - 00:00,62.57,140.03,3.96,20.44,24.4,41.46,5.69,0.69,55.99,1.13,1.34,1.43,,,16.83,48.44,0.8,196.59,0.0
251,28-Dec-2020 - 00:00,29-Dec-2020 - 00:00,71.26,155.49,16.34,28.71,45.05,34.36,5.88,0.87,33.75,1.11,1.34,1.43,,,12.74,29.5,0.38,136.55,0.0
252,29-Dec-2020 - 00:00,30-Dec-2020 - 00:00,57.3,120.31,12.8,28.64,41.44,28.48,4.71,0.82,34.9,1.12,1.36,1.44,,,12.53,34.74,0.4,99.97,0.0
253,30-Dec-2020 - 00:00,31-Dec-2020 - 00:00,54.34,97.91,8.29,22.65,30.94,27.57,5.33,0.71,52.06,1.12,1.34,1.43,,,12.62,36.0,0.54,112.5,0.0
254,31-Dec-2020 - 00:00,01-Jan-2021 - 00:00,52.2,99.39,8.43,29.26,37.69,32.1,8.07,0.97,47.7,1.17,1.38,1.47,,,12.75,43.31,0.43,153.85,0.0
255,01-Jan-2021 - 00:00,02-Jan-2021 - 00:00,59.87,122.72,2.67,22.92,25.58,32.72,6.04,0.63,64.35,1.13,1.35,1.44,,,15.57,46.84,0.53,159.17,0.0
256,02-Jan-2021 - 00:00,03-Jan-2021 - 00:00,82.21,168.39,7.43,35.51,44.54,39.58,3.61,1.16,46.63,1.13,1.36,1.43,,,17.24,66.64,0.36,165.9,0.0
257,03-Jan-2021 - 00:00,04-Jan-2021 - 00:00,80.79,160.11,8.49,32.61,41.09,45.27,4.49,1.1,39.36,1.14,1.36,1.42,,,18.58,73.46,0.53,172.74,0.0
258,04-Jan-2021 - 00:00,05-Jan-2021 - 00:00,64.46,116.42,2.77,15.76,18.5,43.12,3.83,0.73,60.56,1.13,1.34,1.44,,,18.28,79.84,1.05,107.28,0.23
259,05-Jan-2021 - 00:00,06-Jan-2021 - 00:00,50.64,101.87,2.93,18.95,21.88,29.01,5.7,0.72,50.65,1.12,1.35,1.43,,,18.89,75.42,1.11,153.04,0.0
260,06-Jan-2021 - 00:00,07-Jan-2021 - 00:00,46.15,95.23,2.0,14.34,16.33,19.71,6.34,0.72,52.75,1.12,1.36,1.43,,,15.4,74.65,0.79,268.58,0.0
261,07-Jan-2021 - 00:00,08-Jan-2021 - 00:00,38.4,84.51,4.6,21.43,26.02,26.96,7.23,0.88,39.32,1.12,1.35,1.41,,,13.46,82.61,0.53,113.75,0.0
262,08-Jan-2021 - 00:00,09-Jan-2021 - 00:00,43.41,97.89,4.15,20.49,24.63,34.7,8.0,0.75,22.48,1.11,1.4,1.48,,,14.5,95.67,0.47,118.91,0.0
263,09-Jan-2021 - 00:00,10-Jan-2021 - 00:00,47.85,96.54,3.12,16.32,19.44,30.46,7.66,0.81,27.28,1.12,1.35,1.44,,,14.74,94.54,0.83,72.41,0.0
264,10-Jan-2021 - 00:00,11-Jan-2021 - 00:00,45.33,74.8,2.8,19.08,21.88,28.44,8.09,0.64,55.31,1.11,1.34,1.42,,,15.53,64.32,0.58,114.88,0.0
265,11-Jan-2021 - 00:00,12-Jan-2021 - 00:00,31.5,57.16,3.2,24.14,27.32,25.11,8.32,0.59,55.18,1.13,1.35,1.44,,,14.46,41.34,0.55,101.19,0.0
266,12-Jan-2021 - 00:00,13-Jan-2021 - 00:00,34.63,71.78,13.45,32.71,46.19,27.27,7.75,0.13,34.25,1.11,1.35,1.44,,,14.17,44.83,0.35,72.83,0.0
267,13-Jan-2021 - 00:00,14-Jan-2021 - 00:00,44.6,87.79,21.38,36.24,57.62,29.22,7.95,0.97,33.51,1.11,1.34,1.43,,,14.58,43.52,0.33,94.87,0.0
268,14-Jan-2021 - 00:00,15-Jan-2021 - 00:00,42.35,80.72,15.04,37.78,52.81,32.63,9.83,1.11,34.42,1.13,1.37,1.42,,,16.09,42.78,0.33,99.49,0.0
269,15-Jan-2021 - 00:00,16-Jan-2021 - 00:00,43.42,81.92,10.93,39.04,49.97,33.74,10.26,0.92,39.76,1.12,1.36,1.42,,,16.82,49.41,0.37,122.34,0.0
270,16-Jan-2021 - 00:00,17-Jan-2021 - 00:00,42.42,85.81,10.49,41.5,51.98,34.86,8.86,1.01,38.86,1.14,1.34,1.43,,,17.6,53.19,0.25,122.58,0.0
271,17-Jan-2021 - 00:00,18-Jan-2021 - 00:00,42.49,84.15,4.65,29.55,34.2,34.31,8.59,0.68,55.83,1.12,1.33,1.43,,,18.6,55.73,0.59,123.25,0.0
272,18-Jan-2021 - 00:00,19-Jan-2021 - 00:00,70.39,137.16,3.99,31.28,35.26,31.81,9.31,1.27,52.89,1.12,1.34,1.43,,,17.04,70.34,0.57,112.67,0.0
273,19-Jan-2021 - 00:00,20-Jan-2021 - 00:00,58.15,127.08,9.17,33.77,42.94,30.46,9.02,1.15,47.3,1.13,1.36,1.44,,,17.05,66.72,0.42,118.76,0.0
274,20-Jan-2021 - 00:00,21-Jan-2021 - 00:00,39.7,101.58,11.67,34.19,45.86,26.94,7.71,1.11,44.04,1.12,1.36,1.42,,,17.56,51.7,0.39,169.87,0.0
275,21-Jan-2021 - 00:00,22-Jan-2021 - 00:00,32.38,94.19,19.49,35.61,55.11,27.02,8.31,1.1,37.64,1.12,1.34,1.43,,,17.61,36.17,0.44,165.15,0.0
276,22-Jan-2021 - 00:00,23-Jan-2021 - 00:00,35.86,91.58,9.58,39.23,48.81,30.62,9.22,0.9,41.12,1.12,1.34,1.45,,,18.71,38.79,0.44,128.06,0.0
277,23-Jan-2021 - 00:00,24-Jan-2021 - 00:00,41.64,110.16,3.27,22.53,25.8,33.03,8.1,0.68,55.12,1.11,1.33,1.42,,,19.46,45.78,1.05,218.69,0.0
278,24-Jan-2021 - 00:00,25-Jan-2021 - 00:00,62.39,115.88,1.72,14.08,15.79,25.87,7.75,0.6,74.88,1.13,1.4,1.47,,,15.68,30.99,0.95,131.33,0.0
279,25-Jan-2021 - 00:00,26-Jan-2021 - 00:00,47.59,183.11,2.69,25.33,28.01,27.23,7.84,0.77,57.46,1.12,1.35,1.44,,,13.96,45.8,0.52,152.41,0.0
280,26-Jan-2021 - 00:00,27-Jan-2021 - 00:00,45.46,119.86,5.28,29.67,34.94,27.09,8.22,0.79,52.22,1.13,1.34,1.42,,,13.97,42.64,0.36,114.09,0.0
281,27-Jan-2021 - 00:00,28-Jan-2021 - 00:00,54.65,123.88,12.41,37.89,50.29,25.82,7.94,0.97,46.8,1.14,1.37,1.45,,,14.08,44.56,0.33,112.41,0.0
282,28-Jan-2021 - 00:00,29-Jan-2021 - 00:00,58.09,113.77,19.71,43.01,62.72,22.25,7.87,1.14,31.6,1.13,1.34,1.43,,,14.24,46.0,0.33,118.79,0.0
283,29-Jan-2021 - 00:00,30-Jan-2021 - 00:00,58.81,123.83,19.74,41.04,60.76,18.34,8.86,1.15,41.27,1.13,1.35,1.42,,,15.0,34.44,0.33,126.45,0.0
284,30-Jan-2021 - 00:00,31-Jan-2021 - 00:00,53.7,114.5,24.43,46.62,71.04,17.09,9.41,1.08,38.92,0.62,41.72,1.68,,,15.26,30.64,0.33,149.55,0.0
285,31-Jan-2021 - 00:00,01-Feb-2021 - 00:00,57.16,104.43,8.81,44.4,53.21,24.5,10.91,0.84,36.56,0.07,12.08,0.73,,,17.18,27.99,0.35,148.62,0.0
286,01-Feb-2021 - 00:00,02-Feb-2021 - 00:00,44.47,125.75,18.44,53.1,71.54,23.19,14.58,1.39,36.78,0.1,6.82,1.57,,,18.34,31.59,0.41,132.52,0.0
287,02-Feb-2021 - 00:00,03-Feb-2021 - 00:00,39.67,128.09,17.35,47.03,64.38,26.78,10.74,1.34,35.28,0.12,4.72,1.08,,,19.57,33.8,0.55,146.5,0.0
288,03-Feb-2021 - 00:00,04-Feb-2021 - 00:00,49.0,112.94,19.3,46.36,65.64,26.48,10.56,1.23,32.93,0.11,3.65,0.93,,,20.24,33.25,0.45,179.42,0.0
289,04-Feb-2021 - 00:00,05-Feb-2021 - 00:00,55.37,112.94,9.83,31.8,41.63,22.48,9.43,0.72,50.59,0.08,2.84,0.41,,,19.73,32.33,0.95,200.44,0.0
290,05-Feb-2021 - 00:00,06-Feb-2021 - 00:00,52.46,93.8,2.37,22.05,24.41,24.88,8.36,0.72,57.4,0.08,2.09,0.15,,,18.02,47.15,0.67,155.57,0.0
291,06-Feb-2021 - 00:00,07-Feb-2021 - 00:00,32.71,67.67,3.12,24.83,27.94,19.14,9.02,0.57,51.59,0.09,1.84,0.1,,,17.32,35.02,0.59,93.19,0.0
292,07-Feb-2021 - 00:00,08-Feb-2021 - 00:00,47.4,103.47,17.26,38.53,55.78,19.0,9.94,1.03,38.46,0.21,1.64,0.46,,,17.2,37.03,0.31,97.63,0.0
293,08-Feb-2021 - 00:00,09-Feb-2021 - 00:00,56.82,91.61,23.25,32.37,71.22,20.19,9.4,1.36,36.05,0.2,1.51,1.33,,,19.05,35.86,0.26,139.69,0.0
294,09-Feb-2021 - 00:00,10-Feb-2021 - 00:00,52.28,118.48,20.7,65.09,77.18,20.19,7.24,1.18,31.7,0.18,1.34,0.94,,,20.39,32.16,0.5,151.05,0.0
295,10-Feb-2021 - 00:00,11-Feb-2021 - 00:00,34.95,86.68,22.9,43.26,66.16,16.14,7.94,1.06,35.39,0.23,1.22,0.79,,,21.14,26.07,0.47,168.87,0.0
296,11-Feb-2021 - 00:00,12-Feb-2021 - 00:00,54.18,104.92,11.73,38.33,50.05,18.52,8.04,0.99,47.88,0.23,1.04,0.51,,,21.22,26.03,0.35,193.74,0.0
297,12-Feb-2021 - 00:00,13-Feb-2021 - 00:00,59.64,113.03,10.08,41.83,51.91,21.05,7.83,1.01,49.56,0.16,0.9,0.62,,,21.27,31.25,0.39,175.72,0.0
298,13-Feb-2021 - 00:00,14-Feb-2021 - 00:00,54.05,124.76,3.54,39.74,43.28,21.77,8.18,0.78,52.52,0.11,0.74,0.46,,,21.53,32.98,0.43,145.12,0.0
299,14-Feb-2021 - 00:00,15-Feb-2021 - 00:00,56.83,94.72,11.08,37.23,48.31,20.53,8.04,0.98,56.01,0.13,0.74,0.63,,,22.15,31.26,0.37,171.22,0.0
300,15-Feb-2021 - 00:00,16-Feb-2021 - 00:00,63.5,134.29,25.58,53.58,79.16,17.15,9.91,1.38,33.37,0.17,0.79,1.26,,,21.17,33.54,0.43,141.7,0.0
301,16-Feb-2021 - 00:00,17-Feb-2021 - 00:00,54.83,114.75,15.93,43.15,59.08,20.26,7.84,1.04,40.61,0.14,0.63,0.55,,,21.83,29.83,0.5,167.76,0.0
302,17-Feb-2021 - 00:00,18-Feb-2021 - 00:00,54.26,154.39,12.54,33.77,46.31,21.75,7.1,0.96,44.55,0.2,0.59,0.48,,,21.85,26.17,0.44,166.67,0.0
303,18-Feb-2021 - 00:00,19-Feb-2021 - 00:00,49.01,127.81,7.24,35.44,42.66,21.73,8.47,0.83,48.91,0.17,0.53,0.34,,,21.56,28.01,0.45,148.46,0.0
304,19-Feb-2021 - 00:00,20-Feb-2021 - 00:00,44.83,94.54,7.28,37.44,44.68,21.55,7.45,0.78,53.37,0.13,0.46,0.35,,,21.36,29.83,0.47,130.11,0.0
305,20-Feb-2021 - 00:00,21-Feb-2021 - 00:00,34.83,92.02,4.38,38.06,42.43,16.91,6.46,0.92,46.17,0.19,1.73,0.85,,,21.57,28.02,0.36,105.82,0.0
306,21-Feb-2021 - 00:00,22-Feb-2021 - 00:00,40.7,101.71,16.12,43.81,59.93,15.93,7.14,1.09,46.68,0.19,0.87,0.36,,,22.97,26.79,0.3,143.75,0.0
307,22-Feb-2021 - 00:00,23-Feb-2021 - 00:00,52.28,108.96,12.94,47.07,60.0,17.2,7.86,1.11,45.04,0.18,0.94,0.41,,,23.42,29.03,0.37,135.87,0.0
308,23-Feb-2021 - 00:00,24-Feb-2021 - 00:00,42.78,101.3,15.86,47.22,63.06,15.22,7.15,1.11,38.52,0.15,0.99,0.58,,,23.58,27.48,0.63,130.05,0.0
309,24-Feb-2021 - 00:00,25-Feb-2021 - 00:00,55.01,119.65,19.8,44.59,64.46,16.93,6.67,1.21,36.09,0.13,0.94,0.49,,,24.76,29.82,0.45,150.87,0.0
310,25-Feb-2021 - 00:00,26-Feb-2021 - 00:00,29.44,75.39,13.31,25.81,39.12,19.17,7.0,0.81,45.76,0.06,1.88,0.34,,,26.43,27.23,1.0,223.9,0.0
311,26-Feb-2021 - 00:00,27-Feb-2021 - 00:00,35.36,89.23,5.76,28.66,34.4,16.4,6.91,0.55,39.53,0.06,2.26,0.32,,,27.97,26.4,1.18,226.56,0.0
312,27-Feb-2021 - 00:00,28-Feb-2021 - 00:00,47.95,102.72,3.51,22.05,25.56,17.45,7.61,0.66,48.95,3.09,5.21,0.91,,,29.12,25.72,1.28,257.19,0.0
313,28-Feb-2021 - 00:00,01-Mar-2021 - 00:00,47.84,105.78,2.44,21.75,24.19,10.32,1.47,0.52,46.03,5.22,5.07,0.17,,,26.38,15.84,0.73,163.35,0.0
314,01-Mar-2021 - 00:00,02-Mar-2021 - 00:00,42.5,86.37,1.26,18.17,19.41,12.13,4.41,0.49,60.59,6.82,5.06,0.15,,,25.25,16.55,0.65,137.63,0.0
315,02-Mar-2021 - 00:00,03-Mar-2021 - 00:00,47.1,87.66,10.46,27.22,37.66,11.03,6.48,0.74,55.56,14.73,10.04,0.77,,,24.51,16.95,0.51,161.11,0.0
316,03-Mar-2021 - 00:00,04-Mar-2021 - 00:00,54.25,110.59,11.66,38.74,50.39,10.51,7.91,0.94,43.84,7.63,16.1,1.96,,,24.77,17.46,0.44,129.39,0.0
317,04-Mar-2021 - 00:00,05-Mar-2021 - 00:00,58.14,140.93,16.63,37.1,53.73,11.68,7.34,0.94,33.14,1.63,16.93,2.53,,,25.68,19.08,0.6,150.06,0.0
318,05-Mar-2021 - 00:00,06-Mar-2021 - 00:00,37.41,82.5,9.83,21.4,31.0,24.72,7.02,0.66,59.69,0.82,7.83,0.57,,,28.44,11.47,1.15,197.68,0.0
319,06-Mar-2021 - 00:00,07-Mar-2021 - 00:00,38.14,111.62,5.76,31.62,37.37,14.35,8.53,0.66,39.0,2.83,12.26,0.96,,,28.06,17.84,0.89,174.62,0.0
320,07-Mar-2021 - 00:00,08-Mar-2021 - 00:00,33.76,85.3,1.68,14.75,16.43,15.99,8.16,0.43,57.09,3.02,3.81,0.15,,,31.37,12.24,1.61,221.56,0.0
321,08-Mar-2021 - 00:00,09-Mar-2021 - 00:00,36.07,120.72,2.93,24.27,27.19,20.16,8.08,0.56,43.22,2.56,4.0,0.19,,,29.94,24.81,1.38,229.36,0.0
322,09-Mar-2021 - 00:00,10-Mar-2021 - 00:00,33.46,102.06,2.8,28.56,31.34,15.13,8.45,0.64,44.08,4.32,6.54,0.47,,,29.47,23.19,0.86,185.42,0.0
323,10-Mar-2021 - 00:00,11-Mar-2021 - 00:00,41.44,127.96,12.6,40.51,53.11,15.58,8.93,1.01,38.87,7.93,9.31,1.15,,,28.33,27.72,0.41,185.01,0.0
324,11-Mar-2021 - 00:00,12-Mar-2021 - 00:00,34.65,97.68,1.71,20.0,21.69,16.97,8.44,0.4,64.01,4.4,5.6,0.28,,,28.22,24.11,0.78,130.18,0.0
325,12-Mar-2021 - 00:00,13-Mar-2021 - 00:00,33.1,71.48,2.95,26.43,29.29,21.37,9.09,0.59,47.8,2.95,3.63,0.33,,,27.53,32.25,0.74,177.58,0.0
326,13-Mar-2021 - 00:00,14-Mar-2021 - 00:00,26.16,59.14,3.26,24.4,27.68,21.64,7.55,0.62,58.67,2.88,4.49,0.37,,,26.97,31.99,0.66,185.22,0.0
327,14-Mar-2021 - 00:00,15-Mar-2021 - 00:00,36.02,99.0,10.8,33.81,44.59,15.95,9.77,0.64,46.05,8.04,8.75,0.69,,,27.23,25.29,0.58,150.83,0.0
328,15-Mar-2021 - 00:00,16-Mar-2021 - 00:00,36.19,99.36,10.39,29.61,39.98,13.58,7.44,0.64,46.68,6.71,8.54,0.81,,,27.77,23.33,0.49,158.48,0.0
329,16-Mar-2021 - 00:00,17-Mar-2021 - 00:00,43.55,145.23,14.41,33.38,47.78,13.0,8.98,0.72,40.65,6.98,9.34,1.09,,,28.61,24.06,0.49,146.84,0.0
330,17-Mar-2021 - 00:00,18-Mar-2021 - 00:00,48.94,149.67,13.61,34.71,47.9,18.03,9.59,0.91,32.4,7.09,12.78,1.3,,,28.6,20.0,0.62,162.76,0.0
331,18-Mar-2021 - 00:00,19-Mar-2021 - 00:00,52.47,138.52,6.17,24.69,30.8,34.69,8.53,0.58,61.1,4.16,5.38,0.54,,,28.47,24.2,0.9,103.55,0.0
332,19-Mar-2021 - 00:00,20-Mar-2021 - 00:00,23.14,61.03,1.41,16.97,18.35,18.54,5.02,0.57,76.48,2.9,4.22,1.91,,,28.5,26.68,0.78,131.05,0.0
333,20-Mar-2021 - 00:00,21-Mar-2021 - 00:00,48.03,89.57,5.5,29.48,34.97,12.22,5.75,0.78,45.17,5.12,6.24,0.52,,,29.24,22.81,0.47,178.33,0.0
334,21-Mar-2021 - 00:00,22-Mar-2021 - 00:00,62.69,119.18,9.53,40.64,50.16,12.83,7.61,0.93,38.76,6.18,8.55,0.87,,,29.23,21.54,0.53,162.77,0.0
335,22-Mar-2021 - 00:00,23-Mar-2021 - 00:00,205.12,286.09,3.29,21.67,24.85,25.74,9.13,0.52,44.88,4.11,3.33,0.59,,,28.33,29.32,0.89,185.98,0.02
336,23-Mar-2021 - 00:00,24-Mar-2021 - 00:00,43.53,79.3,3.02,19.41,22.22,32.08,12.97,0.63,29.78,6.71,1.51,0.4,,,25.47,35.61,0.78,188.02,0.01
337,24-Mar-2021 - 00:00,25-Mar-2021 - 00:00,38.61,81.13,3.32,72.94,76.21,32.75,11.26,0.46,52.0,2.13,2.21,0.17,,,26.69,29.5,1.0,152.78,0.0
338,25-Mar-2021 - 00:00,26-Mar-2021 - 00:00,34.08,85.68,10.29,76.43,86.72,29.55,8.58,0.66,48.99,3.88,4.5,0.36,,,26.1,28.62,0.75,115.15,0.0
339,26-Mar-2021 - 00:00,27-Mar-2021 - 00:00,33.98,98.03,14.16,38.02,52.18,17.83,8.16,0.81,38.7,6.37,7.3,0.86,,,27.39,28.36,0.63,155.29,0.0
340,27-Mar-2021 - 00:00,28-Mar-2021 - 00:00,46.57,132.99,18.26,50.48,68.74,19.51,8.69,0.93,31.01,6.69,11.92,1.33,,,29.68,24.31,0.69,140.62,0.0
341,28-Mar-2021 - 00:00,29-Mar-2021 - 00:00,51.32,111.65,9.6,38.53,48.12,20.43,9.47,0.91,48.62,7.72,8.27,0.91,,,32.13,12.42,0.81,174.06,0.0
342,29-Mar-2021 - 00:00,30-Mar-2021 - 00:00,37.66,91.43,1.31,19.3,20.59,21.22,11.39,0.26,62.97,1.71,2.45,0.07,,,34.39,5.46,1.89,230.49,0.0
343,30-Mar-2021 - 00:00,31-Mar-2021 - 00:00,153.85,379.02,1.58,17.36,18.89,22.48,7.23,0.19,56.93,1.04,1.74,0.02,,,33.21,17.93,2.29,237.87,0.0
344,31-Mar-2021 - 00:00,01-Apr-2021 - 00:00,127.46,181.77,1.32,18.48,19.77,15.56,5.87,0.33,77.05,4.86,4.45,4.24,,,32.22,21.99,1.48,231.87,0.0
345,01-Apr-2021 - 00:00,02-Apr-2021 - 00:00,35.01,88.63,8.07,33.0,41.07,14.29,4.88,0.67,58.56,16.58,10.61,0.79,,,30.02,26.64,0.77,162.28,0.0
346,02-Apr-2021 - 00:00,03-Apr-2021 - 00:00,35.47,91.86,2.21,27.36,29.54,16.26,6.34,0.58,71.91,9.56,7.06,0.27,,,30.11,26.5,0.62,124.58,0.0
347,03-Apr-2021 - 00:00,04-Apr-2021 - 00:00,37.66,89.05,5.73,34.19,39.9,14.49,6.5,0.73,66.23,8.32,10.76,0.88,,,29.33,28.15,0.78,136.39,0.0
348,04-Apr-2021 - 00:00,05-Apr-2021 - 00:00,39.3,97.01,13.29,40.91,54.18,16.88,8.15,0.89,49.94,7.44,16.66,1.81,,,30.41,33.22,0.52,115.63,0.0
349,05-Apr-2021 - 00:00,06-Apr-2021 - 00:00,52.08,100.42,2.79,27.51,30.29,18.88,7.76,0.49,58.81,1.8,6.81,0.5,,,34.47,31.04,1.66,103.08,0.0
350,06-Apr-2021 - 00:00,07-Apr-2021 - 00:00,47.19,107.21,1.83,16.89,18.69,21.86,42.7,0.32,54.86,1.23,3.39,0.11,,,34.75,31.06,1.98,156.31,0.0
351,07-Apr-2021 - 00:00,08-Apr-2021 - 00:00,233.56,302.05,1.38,14.55,15.9,26.59,13.52,0.4,67.86,3.19,2.88,0.32,,,31.75,39.92,1.18,158.07,0.0
352,08-Apr-2021 - 00:00,09-Apr-2021 - 00:00,55.01,115.03,1.26,20.7,21.94,15.56,7.41,0.37,80.53,3.92,2.73,0.12,,,30.42,34.48,0.99,109.33,0.0
353,09-Apr-2021 - 00:00,10-Apr-2021 - 00:00,41.8,82.69,2.88,26.56,29.42,14.7,7.54,0.5,69.82,5.42,5.25,0.38,,,30.44,27.52,0.57,142.95,0.0
354,10-Apr-2021 - 00:00,11-Apr-2021 - 00:00,51.86,88.73,2.02,30.07,32.07,16.34,8.93,0.56,71.46,6.22,6.58,0.63,,,30.55,27.9,0.61,142.6,0.0
355,11-Apr-2021 - 00:00,12-Apr-2021 - 00:00,51.7,89.74,3.5,31.33,34.82,18.53,9.94,0.62,59.81,5.46,7.7,0.66,,,31.16,29.14,0.45,174.68,0.0
356,12-Apr-2021 - 00:00,13-Apr-2021 - 00:00,57.65,109.92,15.82,43.51,59.06,14.81,9.56,1.0,49.59,7.01,13.33,1.91,,,32.95,31.35,0.59,169.89,0.0
357,13-Apr-2021 - 00:00,14-Apr-2021 - 00:00,47.67,101.07,4.25,39.68,43.84,20.42,11.48,0.68,46.88,4.22,9.42,0.94,,,32.5,33.59,0.59,181.91,0.0
358,14-Apr-2021 - 00:00,15-Apr-2021 - 00:00,58.76,110.48,7.27,32.19,39.45,17.34,10.55,0.72,62.45,3.32,7.2,0.91,,,32.64,30.96,0.69,213.38,0.0
359,15-Apr-2021 - 00:00,16-Apr-2021 - 00:00,45.18,81.35,2.7,24.82,27.5,18.56,6.18,0.54,61.46,2.54,3.14,0.29,,,33.03,34.53,0.94,227.46,0.0
360,16-Apr-2021 - 00:00,17-Apr-2021 - 00:00,48.79,145.0,2.02,21.81,23.82,23.7,7.89,0.5,52.52,0.69,1.39,0.1,,,32.07,45.71,1.64,213.43,0.0
361,17-Apr-2021 - 00:00,18-Apr-2021 - 00:00,59.23,120.38,1.67,20.05,21.7,20.53,8.99,0.44,55.88,1.5,2.47,0.2,,,30.92,46.61,0.72,216.95,0.0
362,18-Apr-2021 - 00:00,19-Apr-2021 - 00:00,41.34,106.63,2.25,24.17,26.41,19.98,9.32,0.68,56.19,4.49,3.12,0.42,,,31.54,39.09,0.66,163.89,0.0
363,19-Apr-2021 - 00:00,20-Apr-2021 - 00:00,41.21,100.28,2.18,26.34,28.51,19.59,7.82,0.57,44.44,3.9,4.56,0.49,,,32.75,34.83,0.81,204.26,0.0
364,20-Apr-2021 - 00:00,21-Apr-2021 - 00:00,47.28,170.42,1.68,19.46,21.12,22.37,9.4,0.51,58.41,1.79,5.34,0.17,,,32.45,37.58,1.38,207.54,0.0
365,21-Apr-2021 - 00:00,22-Apr-2021 - 00:00,60.02,147.11,1.54,14.68,16.22,22.98,10.21,0.44,72.47,0.5,0.84,0.02,,,28.81,47.78,1.31,248.01,0.0
