,From Date,To Date,PM2.5 (ug/m3),NO (ug/m3),NO2 (ug/m3),NOx (ppb),SO2 (ug/m3),CO (mg/m3),Ozone (ug/m3),Benzene (ug/m3),Toluene (ug/m3),Eth-Benzene (ug/m3),MP-Xylene (ug/m3),O Xylene (ug/m3),Temp (degree C),RH (%),WS (m/s),WD (deg),SR (W/mt2)
0,21-Apr-2020 - 00:00,22-Apr-2020 - 00:00,8.55,3.21,2.77,5.13,3.7,0.46,15.95,0.0,0.0,,,,30.25,,0.7,217.42,128.65
1,22-Apr-2020 - 00:00,23-Apr-2020 - 00:00,9.93,4.03,7.22,11.13,4.49,0.35,13.42,0.0,0.0,,,,30.23,,0.9,228.76,126.75
2,23-Apr-2020 - 00:00,24-Apr-2020 - 00:00,7.58,3.62,6.12,9.74,2.62,0.47,13.44,0.0,0.0,,,,30.49,,0.92,249.86,121.16
3,24-Apr-2020 - 00:00,25-Apr-2020 - 00:00,6.3,2.36,5.75,8.0,3.01,0.46,14.03,0.0,0.0,,,,31.07,,0.91,251.22,119.23
4,25-Apr-2020 - 00:00,26-Apr-2020 - 00:00,10.21,2.26,8.65,10.73,7.6,0.32,14.89,0.0,0.0,,,,31.09,,0.94,248.33,101.44
5,26-Apr-2020 - 00:00,27-Apr-2020 - 00:00,9.47,2.89,21.37,23.46,8.27,0.48,15.55,0.0,0.0,,,,27.93,,0.87,241.55,58.98
6,27-Apr-2020 - 00:00,28-Apr-2020 - 00:00,9.92,2.27,3.26,5.52,2.01,0.34,12.45,0.0,0.0,,,,29.88,,0.65,237.14,100.29
7,28-Apr-2020 - 00:00,29-Apr-2020 - 00:00,5.51,2.24,3.14,5.46,4.53,0.31,14.46,0.02,0.0,0.05,,,30.42,,0.58,212.69,123.29
8,29-Apr-2020 - 00:00,30-Apr-2020 - 00:00,9.45,2.45,3.95,6.29,3.76,0.36,19.62,0.09,0.0,0.06,,0.02,30.24,,0.91,221.52,120.23
9,30-Apr-2020 - 00:00,01-May-2020 - 00:00,1.44,2.14,6.51,8.59,2.87,0.39,21.91,0.0,0.0,,,,30.6,,0.57,201.37,122.42
10,01-May-2020 - 00:00,02-May-2020 - 00:00,10.6,2.49,6.42,8.83,2.98,0.38,21.63,0.15,0.0,,,,31.12,,0.67,256.9,115.92
11,02-May-2020 - 00:00,03-May-2020 - 00:00,11.86,2.26,4.25,6.14,2.5,0.45,22.07,0.01,0.0,,,,30.98,,0.56,242.49,116.35
12,03-May-2020 - 00:00,04-May-2020 - 00:00,12.9,2.86,3.85,6.54,3.77,0.47,20.28,0.0,0.0,,,,30.96,,0.68,216.57,114.03
13,04-May-2020 - 00:00,05-May-2020 - 00:00,4.89,2.45,3.57,5.96,4.94,0.4,17.29,0.02,0.0,,,,30.7,,0.66,204.84,118.87
14,05-May-2020 - 00:00,06-May-2020 - 00:00,66.44,2.32,3.37,5.56,2.35,0.47,20.02,0.0,0.0,0.05,,,30.93,,0.67,228.59,127.78
15,06-May-2020 - 00:00,07-May-2020 - 00:00,11.06,2.26,4.08,6.3,3.09,0.43,28.48,0.0,0.0,,,,30.63,,0.65,237.31,109.01
16,07-May-2020 - 00:00,08-May-2020 - 00:00,13.73,2.47,3.78,6.23,2.44,0.53,28.41,0.05,0.03,,,,31.32,,0.57,221.58,81.15
17,08-May-2020 - 00:00,09-May-2020 - 00:00,10.58,2.42,3.85,6.19,3.73,0.42,28.84,0.0,0.0,,,,31.65,,0.58,250.07,111.36
18,09-May-2020 - 00:00,10-May-2020 - 00:00,8.78,1.69,3.76,5.44,2.23,0.42,15.99,0.01,0.0,0.04,,0.19,31.3,,0.57,227.15,118.45
19,10-May-2020 - 00:00,11-May-2020 - 00:00,7.06,3.08,7.17,10.24,4.52,0.39,16.14,0.0,0.0,,,,31.2,,0.48,201.42,107.18
20,11-May-2020 - 00:00,12-May-2020 - 00:00,7.61,2.08,8.66,10.69,4.75,0.46,19.28,0.08,0.0,,,,31.04,,0.34,159.98,100.01
21,12-May-2020 - 00:00,13-May-2020 - 00:00,7.65,2.22,6.42,8.61,5.36,0.45,18.95,0.0,0.0,0.11,,,30.6,,0.51,178.58,74.93
22,13-May-2020 - 00:00,14-May-2020 - 00:00,47.73,1.6,4.59,6.18,3.97,0.43,19.35,0.02,0.0,,,,30.55,,0.5,176.44,115.82
23,14-May-2020 - 00:00,15-May-2020 - 00:00,3.59,1.99,6.22,8.18,3.96,0.43,23.51,0.0,0.02,0.07,,0.02,31.17,,0.59,153.77,108.56
24,15-May-2020 - 00:00,16-May-2020 - 00:00,11.76,4.33,9.56,13.87,3.09,0.51,20.38,0.0,0.0,0.02,,,31.48,,1.49,93.69,106.58
25,16-May-2020 - 00:00,17-May-2020 - 00:00,24.88,3.95,4.55,7.34,4.75,0.47,24.42,0.0,0.0,,,,31.57,,2.34,97.32,115.46
26,17-May-2020 - 00:00,18-May-2020 - 00:00,3.96,3.64,4.78,6.52,2.79,0.39,19.86,0.05,0.0,0.02,,,31.31,,1.63,89.38,86.17
27,18-May-2020 - 00:00,19-May-2020 - 00:00,8.17,3.16,6.91,9.49,3.29,0.57,17.7,0.0,0.0,,,,31.77,,1.15,220.31,80.88
28,19-May-2020 - 00:00,20-May-2020 - 00:00,25.36,3.29,4.22,7.37,5.54,0.57,24.54,0.0,0.06,,,,32.65,,2.06,218.93,104.95
29,20-May-2020 - 00:00,21-May-2020 - 00:00,27.76,3.32,7.64,10.91,3.05,0.46,23.3,0.02,0.0,,,,34.18,,1.81,261.55,115.52
30,21-May-2020 - 00:00,22-May-2020 - 00:00,17.82,3.02,4.7,7.56,4.68,0.5,46.1,0.0,0.04,,,,34.15,,1.4,290.38,118.09
31,22-May-2020 - 00:00,23-May-2020 - 00:00,13.04,2.85,3.36,6.05,3.08,0.48,33.07,0.0,0.0,,,,34.17,,0.94,256.15,108.52
32,23-May-2020 - 00:00,24-May-2020 - 00:00,16.45,2.84,6.02,8.48,3.7,0.44,15.68,0.0,0.0,,,,31.67,,0.89,255.54,107.62
33,24-May-2020 - 00:00,25-May-2020 - 00:00,15.88,2.56,11.54,14.09,3.28,0.42,19.33,0.0,0.0,,,,31.38,,0.75,239.06,111.7
34,25-May-2020 - 00:00,26-May-2020 - 00:00,12.57,2.5,9.41,11.87,4.3,0.48,18.86,0.0,0.0,0.07,,0.08,31.48,,0.78,245.13,108.46
35,26-May-2020 - 00:00,27-May-2020 - 00:00,18.61,2.3,4.84,7.08,3.9,0.39,10.66,0.0,0.0,,,,31.47,,0.79,237.47,109.34
36,27-May-2020 - 00:00,28-May-2020 - 00:00,14.26,2.42,5.3,7.64,3.52,0.47,16.03,0.0,0.0,0.04,,,31.52,,0.95,245.95,100.66
37,28-May-2020 - 00:00,29-May-2020 - 00:00,23.13,2.47,7.02,9.44,2.47,0.36,14.58,0.0,0.0,,,,32.21,,0.91,253.38,108.52
38,29-May-2020 - 00:00,30-May-2020 - 00:00,40.23,3.23,11.81,14.93,3.82,0.57,26.74,0.0,0.0,0.04,,,32.49,,0.99,258.71,107.48
39,30-May-2020 - 00:00,31-May-2020 - 00:00,22.07,4.15,5.47,9.71,2.81,0.57,40.29,0.0,0.0,,,,31.85,,0.97,251.59,107.85
40,31-May-2020 - 00:00,01-Jun-2020 - 00:00,13.4,3.47,4.58,8.1,2.64,0.47,29.04,0.0,0.0,,,,31.32,,1.08,249.64,111.7
41,01-Jun-2020 - 00:00,02-Jun-2020 - 00:00,74.54,4.52,6.02,10.46,4.21,0.56,6.77,0.0,0.03,,,,31.34,,0.82,251.1,79.05
42,02-Jun-2020 - 00:00,03-Jun-2020 - 00:00,11.25,4.78,6.64,11.23,5.21,0.56,20.87,0.0,0.05,0.06,,,31.64,,0.96,256.79,98.72
43,03-Jun-2020 - 00:00,04-Jun-2020 - 00:00,16.14,3.87,5.19,8.96,2.13,0.41,38.02,0.0,0.05,0.08,,0.09,31.89,,1.22,266.5,113.9
44,04-Jun-2020 - 00:00,05-Jun-2020 - 00:00,10.26,4.08,5.44,9.55,2.64,0.48,63.09,0.0,0.07,,,,32.08,,1.06,268.6,98.22
45,05-Jun-2020 - 00:00,06-Jun-2020 - 00:00,12.44,4.76,6.34,11.02,2.56,0.46,34.69,0.09,0.04,,,,31.78,,1.22,276.22,100.35
46,06-Jun-2020 - 00:00,07-Jun-2020 - 00:00,90.76,4.16,5.43,9.69,3.3,0.55,4.29,0.0,0.0,,,,31.09,,0.98,267.1,88.71
47,07-Jun-2020 - 00:00,08-Jun-2020 - 00:00,15.42,4.48,5.95,10.47,3.8,0.48,14.65,0.0,0.06,,,,31.83,,1.39,252.49,108.7
48,08-Jun-2020 - 00:00,09-Jun-2020 - 00:00,23.85,3.62,4.85,8.45,5.33,0.46,16.72,0.0,0.07,0.06,,,32.7,,1.47,224.61,115.15
49,09-Jun-2020 - 00:00,10-Jun-2020 - 00:00,18.7,4.25,7.84,11.94,4.45,0.49,37.78,0.04,0.06,,,0.06,32.0,,1.14,243.49,69.13
50,10-Jun-2020 - 00:00,11-Jun-2020 - 00:00,18.83,4.25,8.89,13.13,3.28,0.65,41.82,0.0,0.0,,,,31.11,,0.63,198.41,40.28
51,11-Jun-2020 - 00:00,12-Jun-2020 - 00:00,24.42,9.35,0.77,7.98,3.52,0.63,74.85,0.0,0.0,,,,29.13,,1.31,255.91,47.57
52,12-Jun-2020 - 00:00,13-Jun-2020 - 00:00,353.2,7.57,2.85,7.91,6.66,0.5,42.9,0.0,0.0,,,,30.41,,2.17,316.69,94.48
53,13-Jun-2020 - 00:00,14-Jun-2020 - 00:00,16.84,5.76,1.95,7.5,3.93,0.51,31.33,0.0,0.05,,,,32.29,,1.6,295.65,113.91
54,14-Jun-2020 - 00:00,15-Jun-2020 - 00:00,17.12,5.34,22.01,27.34,1.37,0.4,31.32,0.0,0.0,,,,32.76,,1.52,289.31,89.53
55,15-Jun-2020 - 00:00,16-Jun-2020 - 00:00,18.79,4.79,7.86,12.62,9.09,0.48,27.93,0.0,0.07,0.14,,0.26,33.33,,1.81,300.41,94.81
56,16-Jun-2020 - 00:00,17-Jun-2020 - 00:00,22.17,3.74,5.42,9.15,3.85,0.52,34.77,0.0,0.0,,,,32.32,,1.01,283.07,109.17
57,17-Jun-2020 - 00:00,18-Jun-2020 - 00:00,35.55,4.13,8.79,12.92,4.32,0.47,28.08,0.0,0.0,,,,32.65,,1.28,288.74,115.04
58,18-Jun-2020 - 00:00,19-Jun-2020 - 00:00,15.53,5.24,11.31,16.5,4.57,0.56,85.25,0.0,0.02,,,0.18,32.6,,1.18,300.4,94.4
59,19-Jun-2020 - 00:00,20-Jun-2020 - 00:00,17.48,5.1,2.41,7.39,2.33,0.43,62.55,0.21,0.0,0.09,,,32.62,,1.44,254.03,128.39
60,20-Jun-2020 - 00:00,21-Jun-2020 - 00:00,275.82,4.3,3.14,7.43,3.51,0.45,81.82,0.0,0.0,,,,32.2,,1.4,245.19,91.31
61,21-Jun-2020 - 00:00,22-Jun-2020 - 00:00,18.5,3.68,2.08,5.7,3.61,0.45,58.24,0.0,0.0,,,,31.03,,1.01,232.51,66.45
62,22-Jun-2020 - 00:00,23-Jun-2020 - 00:00,17.48,5.14,2.27,7.36,4.09,0.39,82.52,0.0,0.0,,,,30.13,,1.25,234.93,121.29
63,23-Jun-2020 - 00:00,24-Jun-2020 - 00:00,10.2,22.53,13.86,36.15,6.85,0.43,76.37,0.09,0.0,0.16,,,30.09,,1.06,273.12,130.64
64,24-Jun-2020 - 00:00,25-Jun-2020 - 00:00,37.32,4.32,0.63,4.13,4.1,0.46,71.71,0.0,0.0,,,,30.19,,0.79,264.05,120.35
65,25-Jun-2020 - 00:00,26-Jun-2020 - 00:00,19.1,4.39,0.87,4.8,3.23,0.44,62.64,0.0,0.08,,,0.09,29.34,,0.7,231.12,51.5
66,26-Jun-2020 - 00:00,27-Jun-2020 - 00:00,16.12,5.58,2.48,7.39,3.27,0.43,54.93,0.07,0.0,0.1,,,30.16,,0.54,203.3,85.25
67,27-Jun-2020 - 00:00,28-Jun-2020 - 00:00,33.57,5.19,5.12,10.31,2.78,0.43,56.92,0.05,0.06,,,,30.25,,0.46,200.92,52.31
68,28-Jun-2020 - 00:00,29-Jun-2020 - 00:00,14.11,5.06,3.08,8.04,2.07,0.41,91.72,0.0,0.0,,,,30.0,,0.55,213.49,66.85
69,29-Jun-2020 - 00:00,30-Jun-2020 - 00:00,13.94,4.45,2.72,7.13,4.4,0.38,62.85,0.0,0.04,,,,30.03,,0.5,216.72,108.78
70,30-Jun-2020 - 00:00,01-Jul-2020 - 00:00,13.6,8.39,11.98,20.37,3.92,0.43,82.28,0.0,0.03,,,,30.33,,0.85,220.99,113.62
71,01-Jul-2020 - 00:00,02-Jul-2020 - 00:00,15.76,3.6,16.5,19.94,8.76,0.37,51.65,0.0,0.0,,,,29.91,,0.45,230.06,61.62
72,02-Jul-2020 - 00:00,03-Jul-2020 - 00:00,20.89,4.01,26.42,30.04,7.47,0.51,65.3,0.0,0.14,,,0.07,29.28,,0.53,222.93,55.52
73,03-Jul-2020 - 00:00,04-Jul-2020 - 00:00,6.76,4.0,13.21,17.21,2.66,0.42,70.24,0.0,0.0,,,,29.7,,1.2,304.32,100.69
74,04-Jul-2020 - 00:00,05-Jul-2020 - 00:00,8.83,3.79,7.98,11.67,2.87,0.49,80.24,0.0,0.0,,,,28.1,,0.71,256.96,81.14
75,05-Jul-2020 - 00:00,06-Jul-2020 - 00:00,15.12,4.21,5.03,9.18,3.35,0.46,62.46,0.0,0.0,,,,29.5,,0.59,288.78,57.81
76,06-Jul-2020 - 00:00,07-Jul-2020 - 00:00,17.63,4.26,15.73,19.98,3.21,0.59,77.4,0.0,0.0,,,,30.15,,0.59,278.58,77.14
77,07-Jul-2020 - 00:00,08-Jul-2020 - 00:00,16.02,4.22,12.04,16.25,2.71,0.57,61.82,0.08,0.09,0.1,,,31.31,,0.82,269.1,113.46
78,08-Jul-2020 - 00:00,09-Jul-2020 - 00:00,19.94,3.64,8.08,11.7,4.14,0.44,34.08,0.0,0.0,,,,29.74,,0.68,204.56,114.34
79,09-Jul-2020 - 00:00,10-Jul-2020 - 00:00,13.03,4.24,9.61,13.84,3.08,0.46,34.01,0.0,0.0,,,,29.89,,0.63,218.31,93.82
80,10-Jul-2020 - 00:00,11-Jul-2020 - 00:00,16.9,4.22,11.21,15.44,3.21,0.55,24.97,0.0,0.0,,,,27.73,,0.47,189.53,83.63
81,11-Jul-2020 - 00:00,12-Jul-2020 - 00:00,14.63,4.05,7.62,11.66,3.88,0.5,28.91,0.0,0.0,,,,28.37,,0.48,225.49,116.14
82,12-Jul-2020 - 00:00,13-Jul-2020 - 00:00,11.84,3.99,7.52,11.45,2.51,0.32,28.64,0.0,0.0,,,,29.59,,0.71,212.48,121.41
83,13-Jul-2020 - 00:00,14-Jul-2020 - 00:00,10.13,4.36,8.79,13.15,3.61,0.54,29.33,0.0,0.0,,,,28.07,,0.36,224.35,91.39
84,14-Jul-2020 - 00:00,15-Jul-2020 - 00:00,24.28,5.65,15.33,20.89,3.09,0.55,34.27,0.0,0.0,,,,28.77,,0.37,182.11,45.6
85,15-Jul-2020 - 00:00,16-Jul-2020 - 00:00,25.88,3.79,8.98,12.76,3.19,0.52,34.91,0.1,0.15,0.19,,0.09,28.77,,0.3,218.39,51.36
86,16-Jul-2020 - 00:00,17-Jul-2020 - 00:00,24.01,4.05,10.32,14.34,2.79,0.65,23.48,0.17,0.3,0.25,,,27.97,,0.2,177.21,36.77
87,17-Jul-2020 - 00:00,18-Jul-2020 - 00:00,36.8,9.57,19.45,27.78,6.23,0.56,36.7,0.0,0.0,,,,29.98,,0.37,206.16,88.43
88,18-Jul-2020 - 00:00,19-Jul-2020 - 00:00,26.22,2.54,7.52,9.51,2.84,0.47,25.07,0.11,0.17,0.13,,0.02,29.21,,0.24,190.42,46.16
89,19-Jul-2020 - 00:00,20-Jul-2020 - 00:00,19.84,2.19,2.27,4.41,2.52,0.31,17.98,0.0,0.0,,,,27.53,,0.12,129.45,24.47
90,20-Jul-2020 - 00:00,21-Jul-2020 - 00:00,40.5,2.23,2.31,4.47,3.1,0.31,22.62,0.09,0.14,0.07,,0.04,29.18,,0.51,208.63,89.3
91,21-Jul-2020 - 00:00,22-Jul-2020 - 00:00,39.8,3.1,15.34,18.38,3.98,0.3,20.67,0.06,0.12,0.07,,0.02,29.68,,0.51,200.96,93.34
92,22-Jul-2020 - 00:00,23-Jul-2020 - 00:00,38.85,2.88,9.22,12.08,2.62,0.4,24.64,0.05,0.09,,,0.25,29.72,,0.45,242.47,74.08
93,23-Jul-2020 - 00:00,24-Jul-2020 - 00:00,42.63,2.56,7.98,10.51,3.76,0.27,38.79,0.08,0.11,0.09,,0.8,29.7,,0.5,235.61,87.78
94,24-Jul-2020 - 00:00,25-Jul-2020 - 00:00,66.95,3.18,6.47,9.39,6.5,0.42,26.9,0.0,0.0,,,0.8,29.32,,0.43,242.56,78.66
95,25-Jul-2020 - 00:00,26-Jul-2020 - 00:00,64.84,2.35,8.87,11.17,2.51,0.38,21.83,0.0,0.0,,,0.8,29.17,,0.62,180.69,76.17
96,26-Jul-2020 - 00:00,27-Jul-2020 - 00:00,48.72,2.37,7.75,10.08,2.24,0.32,15.0,0.0,0.0,,,0.8,28.62,,0.44,143.66,71.58
97,27-Jul-2020 - 00:00,28-Jul-2020 - 00:00,44.36,2.76,11.36,14.06,3.36,0.39,17.28,0.23,0.77,0.11,,0.42,30.08,,0.45,95.17,74.39
98,28-Jul-2020 - 00:00,29-Jul-2020 - 00:00,27.24,2.33,19.67,21.9,4.72,0.55,14.71,0.18,0.44,0.19,,0.03,28.86,,0.67,122.33,62.84
99,29-Jul-2020 - 00:00,30-Jul-2020 - 00:00,18.94,2.42,11.41,13.77,6.29,0.37,10.84,0.24,0.41,0.08,,0.05,25.92,,0.17,75.67,23.2
100,30-Jul-2020 - 00:00,31-Jul-2020 - 00:00,29.71,1.68,7.02,8.6,4.08,0.38,21.66,0.1,0.26,0.13,,0.05,29.48,,0.4,144.08,84.91
101,31-Jul-2020 - 00:00,01-Aug-2020 - 00:00,14.27,1.67,9.76,11.27,5.48,0.36,20.79,0.24,0.22,0.41,,0.08,30.12,,0.47,240.0,82.15
102,01-Aug-2020 - 00:00,02-Aug-2020 - 00:00,11.66,2.58,9.63,12.15,2.05,0.35,18.64,0.33,0.61,0.26,,0.06,28.63,,0.62,179.22,51.63
103,02-Aug-2020 - 00:00,03-Aug-2020 - 00:00,20.07,2.22,8.34,10.43,2.55,0.34,27.42,0.0,0.0,,,,28.55,,0.45,187.08,69.78
104,03-Aug-2020 - 00:00,04-Aug-2020 - 00:00,11.36,3.48,10.12,13.27,5.81,0.38,11.28,0.04,0.1,0.06,,0.01,27.3,,0.33,156.27,33.85
105,04-Aug-2020 - 00:00,05-Aug-2020 - 00:00,57.25,5.16,15.81,20.56,5.42,0.8,14.04,0.14,0.57,0.18,,0.09,29.35,,0.53,258.43,44.9
106,05-Aug-2020 - 00:00,06-Aug-2020 - 00:00,12.85,2.52,10.59,13.02,2.25,0.51,16.24,0.26,0.29,0.25,,0.13,29.54,,0.62,285.79,55.07
107,06-Aug-2020 - 00:00,07-Aug-2020 - 00:00,23.47,1.67,8.61,10.09,5.01,0.38,21.79,0.19,0.25,0.26,,0.05,29.47,,0.48,276.83,70.27
108,07-Aug-2020 - 00:00,08-Aug-2020 - 00:00,12.84,2.64,9.32,11.74,3.98,0.43,16.49,0.0,0.0,,,,33.51,73.09,0.22,211.9,74.93
109,08-Aug-2020 - 00:00,09-Aug-2020 - 00:00,96.69,2.48,9.89,12.24,3.77,0.53,17.2,0.0,0.0,,,,,69.93,0.48,182.71,58.14
110,09-Aug-2020 - 00:00,10-Aug-2020 - 00:00,24.91,1.57,9.37,10.62,2.91,0.27,6.45,0.0,0.0,,,,,82.28,0.38,234.59,38.58
111,10-Aug-2020 - 00:00,11-Aug-2020 - 00:00,25.29,3.05,9.07,11.98,2.61,0.52,19.39,0.07,0.26,0.15,0.08,,,73.54,0.34,210.24,73.7
112,11-Aug-2020 - 00:00,12-Aug-2020 - 00:00,26.99,2.3,7.51,9.74,3.85,0.41,18.98,0.17,0.3,0.12,0.19,,,73.18,0.33,218.78,58.4
113,12-Aug-2020 - 00:00,13-Aug-2020 - 00:00,26.77,4.51,8.25,12.74,3.12,0.52,17.88,0.62,0.68,0.13,0.13,,,77.66,0.22,142.58,49.13
114,13-Aug-2020 - 00:00,14-Aug-2020 - 00:00,23.42,3.92,9.35,13.13,2.02,0.51,18.88,0.39,0.22,0.28,0.06,,,70.11,0.25,188.58,35.99
115,14-Aug-2020 - 00:00,15-Aug-2020 - 00:00,19.08,4.8,8.51,13.26,1.98,0.57,15.86,0.6,0.36,0.5,0.05,,,76.0,0.28,191.14,42.06
116,15-Aug-2020 - 00:00,16-Aug-2020 - 00:00,15.86,3.97,8.08,12.0,2.62,0.5,15.76,0.35,0.23,0.08,0.05,,,70.84,0.24,179.32,37.72
117,16-Aug-2020 - 00:00,17-Aug-2020 - 00:00,22.21,2.28,5.56,7.76,1.84,0.27,21.98,0.31,0.49,0.09,,,,69.48,0.29,185.98,51.86
118,17-Aug-2020 - 00:00,18-Aug-2020 - 00:00,22.3,3.75,9.52,13.25,1.98,0.41,21.79,0.25,0.07,0.12,0.08,,,69.59,0.3,167.5,65.01
119,18-Aug-2020 - 00:00,19-Aug-2020 - 00:00,30.66,3.51,8.65,12.11,2.16,0.52,16.66,0.11,0.02,0.06,0.01,,,72.83,0.29,194.98,52.1
120,19-Aug-2020 - 00:00,20-Aug-2020 - 00:00,26.16,3.84,9.21,13.0,4.09,0.41,31.18,0.03,0.0,0.01,,,,71.06,0.3,213.98,58.88
121,20-Aug-2020 - 00:00,21-Aug-2020 - 00:00,32.3,3.01,12.08,15.05,6.02,0.51,16.65,0.28,0.06,0.22,0.05,,,71.66,0.33,179.42,42.78
122,21-Aug-2020 - 00:00,22-Aug-2020 - 00:00,26.97,2.49,9.15,11.55,3.3,0.43,22.95,0.22,0.0,0.09,,,,73.22,0.35,205.63,51.77
123,22-Aug-2020 - 00:00,23-Aug-2020 - 00:00,28.9,2.3,8.78,10.93,3.77,0.32,14.84,0.0,0.0,,,,,78.31,0.28,221.97,48.82
124,23-Aug-2020 - 00:00,24-Aug-2020 - 00:00,30.26,1.75,8.67,10.28,2.82,0.29,14.67,0.0,0.0,,,,,79.45,0.31,208.81,30.33
125,24-Aug-2020 - 00:00,25-Aug-2020 - 00:00,27.3,1.85,9.3,11.0,2.83,0.36,18.2,0.25,0.03,0.17,0.03,,,75.15,0.37,188.19,74.18
126,25-Aug-2020 - 00:00,26-Aug-2020 - 00:00,28.19,2.59,11.71,14.0,3.68,0.42,15.02,0.69,1.1,,,,,80.66,0.48,113.07,38.44
127,26-Aug-2020 - 00:00,27-Aug-2020 - 00:00,22.77,2.9,9.62,12.47,4.39,0.46,20.64,0.04,0.07,,,,,81.3,0.28,99.14,62.16
128,27-Aug-2020 - 00:00,28-Aug-2020 - 00:00,26.11,3.02,9.14,12.13,5.99,0.43,28.03,0.12,0.0,,,,,73.77,0.31,153.42,75.95
129,28-Aug-2020 - 00:00,29-Aug-2020 - 00:00,28.11,3.76,9.32,13.01,4.41,0.43,16.16,0.1,0.1,0.06,0.02,,,76.94,0.34,164.98,75.55
130,29-Aug-2020 - 00:00,30-Aug-2020 - 00:00,28.79,2.17,6.11,8.13,4.32,0.47,16.99,0.0,0.0,,,,,76.72,0.28,210.98,80.89
131,30-Aug-2020 - 00:00,31-Aug-2020 - 00:00,27.28,1.94,6.87,8.66,3.61,0.31,7.68,0.0,0.0,,,,,79.45,0.49,184.81,36.3
132,31-Aug-2020 - 00:00,01-Sep-2020 - 00:00,21.29,2.94,7.01,9.93,3.39,0.47,6.99,0.0,0.0,,,,,75.64,0.29,136.15,20.98
133,01-Sep-2020 - 00:00,02-Sep-2020 - 00:00,41.59,3.66,14.43,17.96,4.64,0.72,21.66,0.44,0.0,,,,,70.16,0.8,114.73,48.06
134,02-Sep-2020 - 00:00,03-Sep-2020 - 00:00,58.69,4.12,8.1,12.08,5.51,0.42,19.2,0.05,0.0,,,,,74.38,0.38,105.31,41.02
135,03-Sep-2020 - 00:00,04-Sep-2020 - 00:00,25.2,2.98,4.22,7.14,4.85,0.42,17.89,0.0,0.0,,,,,77.25,0.41,113.04,83.66
136,04-Sep-2020 - 00:00,05-Sep-2020 - 00:00,21.64,2.82,4.1,6.89,2.42,0.42,17.05,0.17,0.0,,,,,75.2,0.42,95.75,64.92
137,05-Sep-2020 - 00:00,06-Sep-2020 - 00:00,48.03,2.93,3.75,6.64,2.86,0.36,12.81,0.05,0.0,0.03,,,,72.57,0.49,102.49,107.47
138,06-Sep-2020 - 00:00,07-Sep-2020 - 00:00,32.45,2.46,3.74,6.12,3.88,0.35,36.56,0.0,0.0,,,,,73.45,0.31,161.28,84.64
139,07-Sep-2020 - 00:00,08-Sep-2020 - 00:00,45.37,2.1,4.04,6.05,6.44,0.43,28.87,0.0,0.0,,,,,79.71,0.39,83.81,38.31
140,08-Sep-2020 - 00:00,09-Sep-2020 - 00:00,37.5,2.37,4.22,6.56,5.92,0.47,36.72,0.02,0.0,0.01,,,,71.21,0.25,139.74,41.38
141,09-Sep-2020 - 00:00,10-Sep-2020 - 00:00,51.61,3.03,3.68,6.62,3.15,0.39,36.63,0.36,0.0,0.15,,,,77.95,0.26,158.71,35.07
142,10-Sep-2020 - 00:00,11-Sep-2020 - 00:00,38.56,4.84,5.55,8.23,4.45,0.31,13.78,0.03,0.03,0.03,0.03,,,75.89,0.24,184.96,34.98
143,11-Sep-2020 - 00:00,12-Sep-2020 - 00:00,67.35,4.7,4.61,6.47,4.31,0.39,16.53,0.04,0.0,0.02,,,,67.13,0.27,239.11,49.58
144,12-Sep-2020 - 00:00,13-Sep-2020 - 00:00,23.67,2.83,3.19,6.02,3.21,0.28,13.64,0.0,0.0,,,,,73.06,0.29,234.41,40.93
145,13-Sep-2020 - 00:00,14-Sep-2020 - 00:00,17.2,5.84,6.72,7.45,2.67,0.21,8.28,0.0,0.0,,,,,88.97,0.3,127.9,24.83
146,14-Sep-2020 - 00:00,15-Sep-2020 - 00:00,17.23,4.12,1.97,5.75,3.35,0.29,12.58,0.12,0.0,0.03,,,,79.38,0.51,182.87,37.75
147,15-Sep-2020 - 00:00,16-Sep-2020 - 00:00,27.92,5.05,8.13,10.41,3.47,0.33,10.57,0.0,0.0,,,,,80.7,0.17,125.94,31.7
148,16-Sep-2020 - 00:00,17-Sep-2020 - 00:00,26.23,4.07,10.94,13.82,3.44,0.34,12.44,0.0,0.0,,,,,78.09,0.18,138.67,37.31
149,17-Sep-2020 - 00:00,18-Sep-2020 - 00:00,34.86,8.16,13.63,17.35,3.65,0.36,13.44,0.0,0.0,,,,,82.12,0.32,160.52,40.24
150,18-Sep-2020 - 00:00,19-Sep-2020 - 00:00,36.35,4.78,11.28,15.2,3.5,0.35,12.48,0.0,0.0,,,,,81.02,0.39,156.64,37.45
151,19-Sep-2020 - 00:00,20-Sep-2020 - 00:00,22.06,5.09,11.32,13.55,4.09,0.32,10.3,0.0,0.0,,,,,86.42,0.45,128.34,30.89
152,20-Sep-2020 - 00:00,21-Sep-2020 - 00:00,29.43,2.31,10.42,12.73,3.17,0.21,10.63,0.0,0.0,,,,,74.07,0.57,256.9,31.9
153,21-Sep-2020 - 00:00,22-Sep-2020 - 00:00,33.4,3.67,11.04,12.65,3.95,0.31,11.0,0.0,0.0,,,,,68.74,0.23,139.96,33.0
154,22-Sep-2020 - 00:00,23-Sep-2020 - 00:00,29.11,3.96,12.68,14.84,4.66,0.14,5.45,0.0,0.0,,,,,72.77,0.37,209.14,16.36
155,23-Sep-2020 - 00:00,24-Sep-2020 - 00:00,34.43,3.39,14.59,15.93,4.78,0.19,14.66,0.0,0.0,,,,,68.73,0.35,202.17,46.6
156,24-Sep-2020 - 00:00,25-Sep-2020 - 00:00,36.02,6.64,12.04,14.91,3.28,0.18,14.38,0.0,0.0,,,,,70.36,0.29,209.86,46.04
157,25-Sep-2020 - 00:00,26-Sep-2020 - 00:00,37.21,3.63,15.63,12.29,4.4,0.2,11.95,0.0,0.0,,,,,76.65,0.33,215.39,35.85
158,26-Sep-2020 - 00:00,27-Sep-2020 - 00:00,33.34,5.87,13.13,12.65,3.42,0.25,12.91,0.0,0.0,,,,,75.66,0.36,125.79,38.66
159,27-Sep-2020 - 00:00,28-Sep-2020 - 00:00,16.61,2.93,9.63,12.07,3.39,0.22,11.89,0.0,0.0,,,,,78.07,0.47,91.61,35.67
160,28-Sep-2020 - 00:00,29-Sep-2020 - 00:00,70.79,4.06,11.74,14.12,3.73,0.23,10.16,0.0,0.0,,,,,78.68,0.41,112.94,30.47
161,29-Sep-2020 - 00:00,30-Sep-2020 - 00:00,108.27,12.53,12.88,20.93,5.85,0.19,15.04,0.0,0.0,,,,,83.14,0.69,192.54,45.13
162,30-Sep-2020 - 00:00,01-Oct-2020 - 00:00,10.14,35.08,8.03,27.22,21.72,0.2,13.64,0.0,0.0,,,,,81.52,0.47,153.91,40.93
163,01-Oct-2020 - 00:00,02-Oct-2020 - 00:00,18.13,2.85,9.56,12.21,3.53,0.31,16.95,0.0,0.0,,,,,80.51,0.3,156.6,37.15
164,02-Oct-2020 - 00:00,03-Oct-2020 - 00:00,26.8,2.18,10.64,12.82,4.47,0.23,27.33,0.0,0.15,0.16,0.32,,,73.53,0.53,110.69,41.62
165,03-Oct-2020 - 00:00,04-Oct-2020 - 00:00,21.27,2.37,10.75,13.11,5.99,0.3,,0.22,0.09,0.08,,,,62.71,0.38,224.0,36.77
166,04-Oct-2020 - 00:00,05-Oct-2020 - 00:00,18.17,2.28,11.1,13.24,3.34,0.24,,0.1,0.0,0.18,,,,59.61,0.36,134.18,35.53
167,05-Oct-2020 - 00:00,06-Oct-2020 - 00:00,18.5,2.66,13.34,16.0,3.73,0.26,,0.04,0.0,,0.1,,,51.72,0.46,109.63,38.96
168,06-Oct-2020 - 00:00,07-Oct-2020 - 00:00,35.09,2.4,11.42,13.82,3.68,0.23,34.37,0.0,0.0,,0.1,,,61.38,0.38,112.48,28.43
169,07-Oct-2020 - 00:00,08-Oct-2020 - 00:00,26.34,1.63,10.49,12.06,3.03,0.29,,0.0,0.0,,,,,76.3,0.27,164.91,24.73
170,08-Oct-2020 - 00:00,09-Oct-2020 - 00:00,23.04,1.9,10.51,12.35,3.26,0.34,,0.0,0.0,,,,,87.23,0.14,113.32,32.15
171,09-Oct-2020 - 00:00,10-Oct-2020 - 00:00,25.35,2.25,10.63,12.85,4.0,0.3,,0.0,0.0,,,,,84.86,0.24,125.69,32.08
172,10-Oct-2020 - 00:00,11-Oct-2020 - 00:00,31.2,1.93,10.44,12.34,5.11,0.42,4.74,0.0,0.0,,,,,72.34,0.51,78.96,29.2
173,11-Oct-2020 - 00:00,12-Oct-2020 - 00:00,17.22,1.77,10.02,11.78,6.6,0.19,24.8,0.0,0.0,,,,,66.81,0.49,186.63,74.4
174,12-Oct-2020 - 00:00,13-Oct-2020 - 00:00,16.09,1.83,9.75,11.57,6.91,0.38,3.37,0.16,0.0,,,,,78.89,0.46,102.01,10.35
175,13-Oct-2020 - 00:00,14-Oct-2020 - 00:00,17.93,1.95,10.58,12.49,5.15,0.12,10.4,0.0,0.0,,,,,62.24,0.42,232.19,31.19
176,14-Oct-2020 - 00:00,15-Oct-2020 - 00:00,19.05,2.09,10.77,12.85,2.24,0.17,10.78,0.0,0.0,,,,,50.02,0.31,221.42,32.34
177,15-Oct-2020 - 00:00,16-Oct-2020 - 00:00,24.93,2.91,13.2,15.71,4.09,0.21,1.33,0.07,0.0,,0.26,,,63.34,0.12,106.27,3.99
178,16-Oct-2020 - 00:00,17-Oct-2020 - 00:00,16.92,3.81,16.73,20.31,3.91,0.2,9.49,0.05,0.09,0.08,0.09,,,66.18,0.49,85.9,28.48
179,17-Oct-2020 - 00:00,18-Oct-2020 - 00:00,35.55,3.7,16.08,19.79,7.47,0.24,9.74,0.06,0.0,0.09,,,,73.29,0.68,84.0,29.21
180,18-Oct-2020 - 00:00,19-Oct-2020 - 00:00,25.52,3.66,15.94,19.6,3.8,0.24,2.99,0.06,0.0,,,,,82.58,0.26,48.89,8.96
181,19-Oct-2020 - 00:00,20-Oct-2020 - 00:00,31.93,4.03,15.47,19.48,3.98,0.26,11.18,0.06,0.0,,,,,73.24,0.67,84.38,33.55
182,20-Oct-2020 - 00:00,21-Oct-2020 - 00:00,28.68,4.11,15.38,19.49,5.18,0.3,7.79,0.0,0.0,,,,,81.62,0.54,63.78,17.68
183,21-Oct-2020 - 00:00,22-Oct-2020 - 00:00,18.14,3.85,15.82,19.67,4.38,0.47,,0.0,0.0,,,,,85.91,0.67,57.05,32.15
184,22-Oct-2020 - 00:00,23-Oct-2020 - 00:00,23.51,3.75,15.59,19.34,3.76,0.69,,0.0,0.0,,,,,85.9,0.38,140.52,21.97
185,23-Oct-2020 - 00:00,24-Oct-2020 - 00:00,24.24,3.69,15.87,19.56,2.61,0.41,10.8,0.0,0.0,,,,,89.84,0.24,102.82,28.74
186,24-Oct-2020 - 00:00,25-Oct-2020 - 00:00,34.61,4.02,15.69,19.7,3.07,0.22,8.9,0.0,0.0,,,,,86.6,0.32,128.86,26.69
187,25-Oct-2020 - 00:00,26-Oct-2020 - 00:00,58.0,3.89,15.78,19.67,3.65,0.2,8.59,0.0,0.0,,,,,77.36,0.37,61.83,25.78
188,26-Oct-2020 - 00:00,27-Oct-2020 - 00:00,65.16,3.78,15.75,19.53,3.73,0.3,8.94,0.0,0.0,,,,,75.25,1.16,68.08,26.83
189,27-Oct-2020 - 00:00,28-Oct-2020 - 00:00,61.4,3.88,15.65,19.53,5.02,0.18,7.96,0.12,0.0,0.18,0.1,,,77.31,1.05,66.68,23.89
190,28-Oct-2020 - 00:00,29-Oct-2020 - 00:00,36.55,3.9,15.81,19.71,3.29,0.44,9.06,0.21,0.29,,0.1,,,73.07,1.62,67.25,27.19
191,29-Oct-2020 - 00:00,30-Oct-2020 - 00:00,30.56,3.81,15.8,19.61,3.62,0.27,6.05,0.1,0.0,,0.12,,,80.37,1.26,62.65,18.14
192,30-Oct-2020 - 00:00,31-Oct-2020 - 00:00,57.94,3.8,15.82,19.61,6.79,0.21,9.33,0.0,0.0,,,,,65.92,1.28,64.7,27.98
193,31-Oct-2020 - 00:00,01-Nov-2020 - 00:00,71.46,4.74,15.26,19.88,16.26,0.27,6.71,0.0,0.0,,,,,66.7,0.89,56.08,20.14
194,01-Nov-2020 - 00:00,02-Nov-2020 - 00:00,70.22,3.86,15.99,19.59,8.42,0.48,7.76,0.0,0.0,,,,,71.13,0.32,71.65,23.27
195,02-Nov-2020 - 00:00,03-Nov-2020 - 00:00,47.07,3.27,16.73,20.0,7.12,0.26,7.23,0.0,0.0,,,,,71.74,0.56,65.43,21.68
196,03-Nov-2020 - 00:00,04-Nov-2020 - 00:00,43.27,2.89,15.96,18.84,2.84,0.35,8.23,0.0,0.0,,,,,71.07,1.18,71.2,24.68
197,04-Nov-2020 - 00:00,05-Nov-2020 - 00:00,26.95,2.07,13.43,15.5,7.0,0.3,8.1,0.0,0.0,,,,,77.71,0.81,66.02,24.3
198,05-Nov-2020 - 00:00,06-Nov-2020 - 00:00,25.84,2.18,13.32,15.5,2.32,0.31,7.5,0.0,0.0,,,,,74.58,0.78,82.05,22.49
199,06-Nov-2020 - 00:00,07-Nov-2020 - 00:00,12.83,2.52,13.07,15.59,9.3,0.58,7.62,0.0,0.0,,,,,75.88,0.61,74.75,22.84
200,07-Nov-2020 - 00:00,08-Nov-2020 - 00:00,18.61,2.25,13.16,15.4,5.11,1.0,8.28,0.0,0.0,,,,,82.95,0.86,68.77,24.85
201,08-Nov-2020 - 00:00,09-Nov-2020 - 00:00,52.69,2.47,12.66,15.09,5.9,1.0,11.19,0.0,0.0,,,,,64.85,1.74,95.02,33.56
202,09-Nov-2020 - 00:00,10-Nov-2020 - 00:00,54.07,2.46,12.76,15.21,6.77,1.0,7.81,0.0,0.0,,,,,61.31,1.71,76.64,23.43
203,10-Nov-2020 - 00:00,11-Nov-2020 - 00:00,58.86,2.34,12.71,15.01,7.44,1.0,8.0,0.0,0.0,,,,,62.28,1.4,69.86,23.99
204,11-Nov-2020 - 00:00,12-Nov-2020 - 00:00,57.23,2.38,12.88,15.26,6.2,1.0,9.6,0.0,0.0,,,,,69.35,1.39,66.64,28.81
205,12-Nov-2020 - 00:00,13-Nov-2020 - 00:00,18.69,2.07,13.17,15.21,6.55,0.65,7.59,0.0,0.0,,,,,86.06,1.03,77.92,21.86
206,13-Nov-2020 - 00:00,14-Nov-2020 - 00:00,25.53,2.13,13.31,15.43,8.67,0.39,7.96,0.05,3.09,,0.1,,,77.49,1.21,85.07,23.88
207,14-Nov-2020 - 00:00,15-Nov-2020 - 00:00,48.05,1.92,15.12,17.01,29.54,0.83,13.93,0.35,0.11,0.09,0.21,,,68.39,1.77,95.34,22.11
208,15-Nov-2020 - 00:00,16-Nov-2020 - 00:00,41.88,3.08,18.35,21.42,26.45,1.0,7.85,0.22,0.13,0.16,0.21,,,81.32,1.17,89.63,23.54
209,16-Nov-2020 - 00:00,17-Nov-2020 - 00:00,24.37,2.72,12.86,15.44,6.6,0.63,5.11,0.17,0.1,0.29,0.32,,,86.07,0.5,82.21,15.32
210,17-Nov-2020 - 00:00,18-Nov-2020 - 00:00,34.49,1.02,11.48,12.48,4.36,0.73,8.48,0.05,0.0,,0.08,,,81.34,1.0,81.66,25.44
211,18-Nov-2020 - 00:00,19-Nov-2020 - 00:00,21.28,1.05,11.32,12.35,4.36,0.74,8.35,0.12,0.2,0.13,,,,78.71,0.67,79.39,25.04
212,19-Nov-2020 - 00:00,20-Nov-2020 - 00:00,16.93,1.05,11.21,12.23,4.37,0.74,6.21,0.1,0.28,0.22,,,,74.85,0.58,94.63,18.63
213,20-Nov-2020 - 00:00,21-Nov-2020 - 00:00,21.06,1.03,11.54,12.49,4.35,0.74,4.53,0.09,0.26,0.12,0.12,,,70.24,0.62,71.95,13.59
214,21-Nov-2020 - 00:00,22-Nov-2020 - 00:00,21.03,1.15,11.29,12.42,4.4,0.74,5.96,0.36,0.19,0.1,0.08,,,63.52,0.97,75.33,17.88
215,22-Nov-2020 - 00:00,23-Nov-2020 - 00:00,21.02,1.16,11.26,12.42,4.37,0.73,7.71,0.1,0.1,0.41,0.08,,,68.12,0.96,65.9,23.14
216,23-Nov-2020 - 00:00,24-Nov-2020 - 00:00,25.79,1.69,13.16,14.19,6.26,0.71,11.84,0.28,0.1,0.11,0.35,,,73.92,1.59,74.36,29.32
217,24-Nov-2020 - 00:00,25-Nov-2020 - 00:00,34.57,2.08,7.82,9.46,12.52,0.7,,0.0,0.0,,,,,94.31,1.67,83.09,11.07
218,25-Nov-2020 - 00:00,26-Nov-2020 - 00:00,,,,,,,,,,,,,,,,,
219,26-Nov-2020 - 00:00,27-Nov-2020 - 00:00,,,,,,,,,,,,,,,,,
220,27-Nov-2020 - 00:00,28-Nov-2020 - 00:00,30.85,,,,12.53,0.68,,0.13,0.3,,0.28,,,76.79,0.19,95.27,10.6
221,28-Nov-2020 - 00:00,29-Nov-2020 - 00:00,21.24,6.58,5.38,11.97,7.9,0.72,10.53,0.12,0.47,0.49,0.22,,,78.5,0.82,76.79,24.72
222,29-Nov-2020 - 00:00,30-Nov-2020 - 00:00,21.05,4.67,20.71,25.38,4.33,0.73,6.87,0.0,0.2,,,,,81.43,1.72,69.56,20.61
223,30-Nov-2020 - 00:00,01-Dec-2020 - 00:00,20.92,3.2,12.89,16.08,4.37,0.73,11.84,0.31,0.0,0.53,,,,69.4,2.22,92.2,35.51
224,01-Dec-2020 - 00:00,02-Dec-2020 - 00:00,26.51,2.77,11.76,14.52,4.35,0.73,9.35,0.4,0.1,,0.26,,,68.91,1.69,76.73,28.04
225,02-Dec-2020 - 00:00,03-Dec-2020 - 00:00,36.78,0.89,9.44,10.34,4.39,0.73,4.18,0.23,0.0,0.09,0.47,,,75.89,2.59,77.78,12.54
226,03-Dec-2020 - 00:00,04-Dec-2020 - 00:00,16.72,4.87,5.34,10.21,4.38,0.73,6.97,0.22,0.0,,0.09,,,85.12,1.54,91.72,20.9
227,04-Dec-2020 - 00:00,05-Dec-2020 - 00:00,9.89,3.5,13.59,17.09,4.39,0.74,4.15,0.0,0.0,,,,,85.89,1.28,94.59,12.45
228,05-Dec-2020 - 00:00,06-Dec-2020 - 00:00,9.11,5.54,5.56,11.09,4.36,0.73,6.47,0.0,0.0,,,,,84.53,0.76,82.81,19.42
229,06-Dec-2020 - 00:00,07-Dec-2020 - 00:00,7.39,2.9,4.08,6.65,4.37,0.73,8.26,0.0,0.0,,,,,80.26,1.25,103.38,24.77
230,07-Dec-2020 - 00:00,08-Dec-2020 - 00:00,7.66,4.31,4.0,8.31,4.41,0.73,9.17,0.0,0.0,,,,,83.37,0.67,91.67,27.52
231,08-Dec-2020 - 00:00,09-Dec-2020 - 00:00,16.25,6.63,5.61,12.23,4.37,0.74,8.1,0.0,0.0,,,,,81.15,0.73,84.18,24.29
232,09-Dec-2020 - 00:00,10-Dec-2020 - 00:00,21.0,6.91,7.03,13.93,4.41,0.74,8.43,0.0,0.0,,,,,75.68,0.88,86.49,25.29
233,10-Dec-2020 - 00:00,11-Dec-2020 - 00:00,24.97,6.91,7.98,14.89,4.36,0.73,7.55,0.0,0.0,,,,,70.65,0.57,68.45,22.65
234,11-Dec-2020 - 00:00,12-Dec-2020 - 00:00,30.81,,,,4.35,0.73,3.88,0.0,0.0,,,,,79.96,0.44,56.99,11.65
235,12-Dec-2020 - 00:00,13-Dec-2020 - 00:00,,,,,,,,,,,,,,,,,
236,13-Dec-2020 - 00:00,14-Dec-2020 - 00:00,,,,,,,,,,,,,,,,,
237,14-Dec-2020 - 00:00,15-Dec-2020 - 00:00,,,,,,,,,,,,,,,,,
238,15-Dec-2020 - 00:00,16-Dec-2020 - 00:00,44.14,4.97,12.05,16.94,13.62,1.25,10.28,0.0,0.0,,,,,62.16,2.07,98.19,30.84
239,16-Dec-2020 - 00:00,17-Dec-2020 - 00:00,46.34,6.2,14.69,19.67,8.26,1.03,6.9,0.0,0.0,0.03,,,,71.97,1.56,100.18,20.69
240,17-Dec-2020 - 00:00,18-Dec-2020 - 00:00,30.45,5.06,18.76,21.31,8.25,0.7,8.81,0.0,0.0,,,,,71.31,1.64,100.39,26.43
241,18-Dec-2020 - 00:00,19-Dec-2020 - 00:00,37.09,7.77,18.38,21.28,8.21,0.7,7.67,0.25,0.0,,0.08,,,69.71,1.7,85.88,23.01
242,19-Dec-2020 - 00:00,20-Dec-2020 - 00:00,42.33,2.47,19.94,21.11,8.22,0.7,7.63,0.22,0.0,0.11,0.09,,,64.99,1.15,101.69,22.81
243,20-Dec-2020 - 00:00,21-Dec-2020 - 00:00,47.5,6.53,22.73,28.85,8.23,0.7,8.51,0.07,0.0,,0.2,,,56.75,1.62,88.69,25.54
244,21-Dec-2020 - 00:00,22-Dec-2020 - 00:00,44.6,7.98,24.87,28.54,8.25,0.7,8.38,0.11,0.0,0.16,0.11,,,53.2,1.3,84.39,25.13
245,22-Dec-2020 - 00:00,23-Dec-2020 - 00:00,43.48,15.29,27.54,35.87,8.19,0.7,8.4,0.0,0.0,,,,,61.71,0.87,71.87,25.19
246,23-Dec-2020 - 00:00,24-Dec-2020 - 00:00,48.41,7.11,33.06,26.18,8.22,0.7,8.15,0.05,0.0,0.09,,,,62.25,0.81,79.67,24.44
247,24-Dec-2020 - 00:00,25-Dec-2020 - 00:00,45.58,4.22,11.01,15.53,8.26,0.69,10.86,0.0,0.0,,,,,63.66,1.47,74.22,32.48
248,25-Dec-2020 - 00:00,26-Dec-2020 - 00:00,65.06,4.23,11.28,15.53,8.28,0.7,3.81,0.12,0.0,0.53,0.24,,,57.24,1.12,83.49,11.43
249,26-Dec-2020 - 00:00,27-Dec-2020 - 00:00,38.18,4.23,11.29,15.53,8.24,0.7,8.14,0.12,0.2,0.3,0.36,,,66.16,1.33,63.57,24.41
250,27-Dec-2020 - 00:00,28-Dec-2020 - 00:00,49.39,4.24,11.29,15.53,8.23,0.7,8.43,0.13,0.33,0.21,0.08,,,67.61,1.47,75.4,25.29
251,28-Dec-2020 - 00:00,29-Dec-2020 - 00:00,43.25,4.24,11.29,15.52,8.24,0.7,8.68,0.32,0.1,,0.1,,,65.95,1.84,72.99,26.05
252,29-Dec-2020 - 00:00,30-Dec-2020 - 00:00,24.39,4.23,11.29,15.54,8.23,0.7,12.56,0.0,0.01,,,,,61.42,2.51,101.14,37.67
253,30-Dec-2020 - 00:00,31-Dec-2020 - 00:00,19.59,4.24,11.3,15.51,8.21,0.7,8.07,0.0,0.0,,,,,70.52,1.81,92.97,24.22
254,31-Dec-2020 - 00:00,01-Jan-2021 - 00:00,19.86,4.28,11.31,15.53,8.24,0.7,9.63,0.0,0.0,,,,,65.01,1.97,111.89,28.91
255,01-Jan-2021 - 00:00,02-Jan-2021 - 00:00,21.2,4.24,11.29,15.53,8.21,0.7,8.45,0.32,0.19,0.29,,,,63.11,1.21,84.98,25.36
256,02-Jan-2021 - 00:00,03-Jan-2021 - 00:00,19.52,4.23,11.3,15.52,8.21,0.7,5.06,0.08,0.11,0.17,0.29,,,77.01,1.22,78.28,15.17
257,03-Jan-2021 - 00:00,04-Jan-2021 - 00:00,15.24,4.23,11.28,15.52,8.21,0.7,6.84,0.11,0.25,0.2,0.11,,,76.08,1.59,93.06,20.51
258,04-Jan-2021 - 00:00,05-Jan-2021 - 00:00,14.14,4.22,11.27,15.53,8.21,0.7,8.47,0.09,0.2,0.23,0.36,,,72.48,1.57,89.43,25.42
259,05-Jan-2021 - 00:00,06-Jan-2021 - 00:00,7.81,4.22,11.29,15.54,8.21,0.7,1.83,0.0,0.22,0.3,0.1,,,88.54,0.37,66.9,5.49
260,06-Jan-2021 - 00:00,07-Jan-2021 - 00:00,9.14,5.1,13.24,20.32,7.63,0.7,7.37,0.05,0.0,,,,,84.77,0.57,80.93,22.11
261,07-Jan-2021 - 00:00,08-Jan-2021 - 00:00,15.84,5.77,13.62,23.98,6.56,0.7,7.95,0.07,0.11,0.16,0.18,,,82.59,0.87,75.78,23.85
262,08-Jan-2021 - 00:00,09-Jan-2021 - 00:00,21.29,4.24,11.3,15.51,6.59,0.7,7.95,0.09,0.0,0.16,0.87,,,79.91,0.93,81.92,23.83
263,09-Jan-2021 - 00:00,10-Jan-2021 - 00:00,40.06,4.24,11.29,15.52,6.58,0.7,8.68,0.05,0.0,,0.08,,,77.36,1.01,86.11,26.03
264,10-Jan-2021 - 00:00,11-Jan-2021 - 00:00,53.05,4.23,11.29,15.52,6.6,0.7,9.01,0.05,0.0,,,,,76.1,1.5,85.71,27.02
265,11-Jan-2021 - 00:00,12-Jan-2021 - 00:00,51.66,4.22,11.3,15.52,6.56,0.7,9.35,0.23,0.1,,,,,75.35,2.11,87.22,27.25
266,12-Jan-2021 - 00:00,13-Jan-2021 - 00:00,48.65,4.23,11.29,15.52,6.55,0.7,10.51,0.0,0.0,0.1,,,,73.23,2.09,92.1,27.74
267,13-Jan-2021 - 00:00,14-Jan-2021 - 00:00,77.15,4.52,12.56,17.77,8.85,0.75,7.68,0.0,0.12,0.11,0.1,,,73.15,1.29,86.08,25.95
268,14-Jan-2021 - 00:00,15-Jan-2021 - 00:00,62.84,4.23,11.3,15.52,8.25,0.7,9.6,0.2,0.19,0.1,0.2,,,73.18,1.1,92.74,26.97
269,15-Jan-2021 - 00:00,16-Jan-2021 - 00:00,68.81,4.24,11.29,15.51,8.2,0.7,9.31,0.0,0.3,,,,,69.47,0.57,75.73,22.86
270,16-Jan-2021 - 00:00,17-Jan-2021 - 00:00,55.0,4.22,11.28,15.52,8.22,0.7,9.56,0.06,0.11,,0.2,,,68.02,0.48,88.42,26.12
271,17-Jan-2021 - 00:00,18-Jan-2021 - 00:00,48.71,4.24,11.29,15.53,8.2,0.7,9.21,0.0,0.2,,,,,67.69,0.55,66.69,29.0
272,18-Jan-2021 - 00:00,19-Jan-2021 - 00:00,77.85,4.22,11.27,15.51,8.24,0.7,11.41,0.09,0.0,,0.19,,,54.93,1.0,101.67,30.73
273,19-Jan-2021 - 00:00,20-Jan-2021 - 00:00,68.28,4.23,11.3,15.52,8.19,0.7,9.78,0.08,0.0,0.1,,,,63.99,1.19,73.48,26.2
274,20-Jan-2021 - 00:00,21-Jan-2021 - 00:00,78.39,4.23,11.31,15.53,8.25,0.7,7.56,0.12,0.0,0.1,0.1,,,68.8,0.91,83.97,27.0
275,21-Jan-2021 - 00:00,22-Jan-2021 - 00:00,45.14,4.23,11.3,15.53,8.23,0.7,5.21,0.0,0.09,0.31,,,,75.94,0.3,79.55,24.12
276,22-Jan-2021 - 00:00,23-Jan-2021 - 00:00,21.59,4.21,11.28,15.51,8.24,0.7,4.36,0.15,0.0,,0.15,,,73.19,0.23,79.65,24.64
277,23-Jan-2021 - 00:00,24-Jan-2021 - 00:00,25.59,4.22,11.27,15.52,8.23,0.7,5.87,0.0,0.0,,,,,67.63,0.37,92.35,22.4
278,24-Jan-2021 - 00:00,25-Jan-2021 - 00:00,27.4,4.23,11.29,15.53,8.22,0.7,7.51,0.05,0.14,,,,,66.61,0.38,73.95,27.35
279,25-Jan-2021 - 00:00,26-Jan-2021 - 00:00,26.03,4.23,11.28,15.52,8.25,0.7,5.57,0.0,0.0,,,,,64.97,0.31,86.04,23.21
280,26-Jan-2021 - 00:00,27-Jan-2021 - 00:00,31.13,4.23,11.29,15.53,8.24,0.7,8.24,0.0,0.0,,,,,59.37,0.41,97.36,21.86
281,27-Jan-2021 - 00:00,28-Jan-2021 - 00:00,37.32,4.22,13.11,18.01,9.57,0.7,12.21,0.0,0.0,,,,,64.25,0.32,72.8,27.9
282,28-Jan-2021 - 00:00,29-Jan-2021 - 00:00,47.07,4.63,14.2,19.53,9.98,0.7,11.42,0.0,0.0,,,,,67.04,0.73,83.49,28.53
283,29-Jan-2021 - 00:00,30-Jan-2021 - 00:00,34.39,5.07,12.42,17.07,8.27,0.7,14.17,0.0,0.0,,,,,66.83,0.55,111.98,21.75
284,30-Jan-2021 - 00:00,31-Jan-2021 - 00:00,37.33,5.09,12.41,17.07,8.24,0.7,15.83,0.0,0.0,,,,,,0.8,91.19,28.12
285,31-Jan-2021 - 00:00,01-Feb-2021 - 00:00,45.11,5.09,12.39,17.08,8.21,0.7,13.04,0.0,0.0,,,,,,0.87,90.72,20.12
286,01-Feb-2021 - 00:00,02-Feb-2021 - 00:00,45.04,4.58,11.75,16.16,5.79,0.7,10.47,0.0,0.0,,,,,56.55,1.45,95.75,25.51
287,02-Feb-2021 - 00:00,03-Feb-2021 - 00:00,44.97,4.24,11.3,15.52,4.1,0.7,13.52,0.0,0.0,,,,,63.94,0.8,96.92,31.61
288,03-Feb-2021 - 00:00,04-Feb-2021 - 00:00,45.03,4.23,11.29,15.53,4.09,0.7,19.76,0.0,0.0,,,,,55.04,1.09,99.98,30.22
289,04-Feb-2021 - 00:00,05-Feb-2021 - 00:00,34.82,4.22,11.3,15.51,4.12,0.7,13.23,0.0,0.0,,,,,56.46,0.77,83.84,25.34
290,05-Feb-2021 - 00:00,06-Feb-2021 - 00:00,61.92,4.22,11.28,15.51,4.11,0.7,17.11,0.0,0.0,,,,,53.48,1.05,90.87,31.7
291,06-Feb-2021 - 00:00,07-Feb-2021 - 00:00,75.31,4.24,11.3,15.51,4.14,0.7,17.52,0.0,0.0,,,,,57.37,1.17,79.21,28.17
292,07-Feb-2021 - 00:00,08-Feb-2021 - 00:00,98.21,4.22,11.28,15.51,4.12,0.7,11.4,0.0,0.0,,,,,60.16,1.14,64.79,29.35
293,08-Feb-2021 - 00:00,09-Feb-2021 - 00:00,51.82,4.21,11.3,15.52,4.07,0.7,16.96,0.0,0.0,,,,,56.26,1.32,82.43,31.06
294,09-Feb-2021 - 00:00,10-Feb-2021 - 00:00,62.87,4.25,11.3,15.51,4.12,0.7,19.83,0.0,0.0,,,,,49.83,1.23,102.83,33.45
295,10-Feb-2021 - 00:00,11-Feb-2021 - 00:00,68.14,4.22,11.28,15.51,4.11,0.7,13.62,0.0,0.0,,,,,54.52,0.51,79.95,32.84
296,11-Feb-2021 - 00:00,12-Feb-2021 - 00:00,37.7,4.24,11.27,15.49,4.1,0.7,9.37,0.0,0.0,,,,,48.03,0.28,105.56,20.04
297,12-Feb-2021 - 00:00,13-Feb-2021 - 00:00,44.41,4.23,11.29,15.52,4.11,0.7,13.57,0.0,0.0,,,,,53.7,0.57,90.27,34.27
298,13-Feb-2021 - 00:00,14-Feb-2021 - 00:00,41.42,4.24,11.28,15.52,4.13,0.7,7.67,0.0,0.0,,,,,61.58,0.56,74.99,33.05
299,14-Feb-2021 - 00:00,15-Feb-2021 - 00:00,42.48,4.23,11.28,15.53,4.11,0.7,5.36,0.0,0.0,,,,,62.8,0.38,90.19,34.31
300,15-Feb-2021 - 00:00,16-Feb-2021 - 00:00,40.32,4.24,11.29,15.52,4.1,0.7,7.96,0.0,0.0,,,,,65.48,0.42,71.99,34.93
301,16-Feb-2021 - 00:00,17-Feb-2021 - 00:00,46.9,4.24,11.29,15.51,4.13,0.7,10.45,0.0,0.0,,,,,63.87,0.32,75.13,37.11
302,17-Feb-2021 - 00:00,18-Feb-2021 - 00:00,61.96,4.23,11.29,15.51,4.1,0.7,7.74,0.0,0.0,,,,,61.7,0.45,88.49,43.64
303,18-Feb-2021 - 00:00,19-Feb-2021 - 00:00,58.49,4.23,11.31,15.53,4.12,0.7,13.34,0.0,0.0,,,,,57.18,0.78,111.58,40.49
304,19-Feb-2021 - 00:00,20-Feb-2021 - 00:00,59.25,4.23,11.28,15.51,4.11,0.7,11.7,0.0,0.0,,,,,67.24,1.46,92.89,42.89
305,20-Feb-2021 - 00:00,21-Feb-2021 - 00:00,22.84,4.23,11.28,15.52,4.12,0.7,13.19,0.0,0.0,,,,,70.17,2.53,99.62,41.56
306,21-Feb-2021 - 00:00,22-Feb-2021 - 00:00,13.8,4.23,11.29,15.51,4.12,0.7,20.87,0.0,0.0,,,,,66.13,1.37,113.32,41.09
307,22-Feb-2021 - 00:00,23-Feb-2021 - 00:00,29.03,3.85,22.08,24.25,4.11,0.7,10.75,0.0,0.26,0.1,0.31,,,65.96,1.15,100.7,49.82
308,23-Feb-2021 - 00:00,24-Feb-2021 - 00:00,57.21,27.31,49.24,18.29,9.5,0.7,10.28,0.06,0.0,,,,,67.78,0.59,82.36,51.13
309,24-Feb-2021 - 00:00,25-Feb-2021 - 00:00,37.2,28.05,39.01,12.07,20.66,0.7,6.39,0.1,0.11,,,,,64.75,0.22,76.87,53.57
310,25-Feb-2021 - 00:00,26-Feb-2021 - 00:00,42.39,11.38,7.89,13.17,21.47,0.7,7.64,0.21,0.19,0.17,0.41,,,65.06,0.18,85.04,50.63
311,26-Feb-2021 - 00:00,27-Feb-2021 - 00:00,42.29,9.65,8.69,16.69,24.52,0.7,6.73,0.08,0.0,,,,,67.41,0.14,111.96,48.15
312,27-Feb-2021 - 00:00,28-Feb-2021 - 00:00,28.01,21.31,14.68,32.04,25.9,0.7,4.24,0.13,0.0,,,,,64.56,0.25,157.94,57.09
313,28-Feb-2021 - 00:00,01-Mar-2021 - 00:00,23.81,3.69,5.25,8.55,27.74,0.7,5.39,0.0,0.0,,,,,69.74,0.24,150.21,46.11
314,01-Mar-2021 - 00:00,02-Mar-2021 - 00:00,25.29,4.14,5.36,9.28,29.25,0.7,5.01,0.12,0.09,0.1,0.09,,,66.08,0.37,179.68,45.45
315,02-Mar-2021 - 00:00,03-Mar-2021 - 00:00,35.94,8.23,5.91,9.47,27.07,0.7,5.09,0.13,0.21,0.09,0.39,,,62.42,0.29,198.79,43.05
316,03-Mar-2021 - 00:00,04-Mar-2021 - 00:00,55.73,7.69,6.91,11.51,30.71,0.7,6.63,0.12,0.13,0.22,0.12,,,59.65,0.29,113.83,56.16
317,04-Mar-2021 - 00:00,05-Mar-2021 - 00:00,82.12,2.15,5.09,7.04,33.48,0.7,5.82,0.0,0.0,,,,27.83,,0.57,124.95,66.72
318,05-Mar-2021 - 00:00,06-Mar-2021 - 00:00,38.5,16.26,10.13,25.43,31.11,0.7,6.87,0.09,0.19,,,,26.74,,0.43,92.35,45.7
319,06-Mar-2021 - 00:00,07-Mar-2021 - 00:00,39.86,8.11,5.79,12.97,30.99,0.7,4.87,0.0,0.29,0.2,,0.13,26.56,,0.25,110.74,47.57
320,07-Mar-2021 - 00:00,08-Mar-2021 - 00:00,92.57,2.62,4.51,6.38,32.52,0.7,5.63,0.0,0.25,0.24,,,27.85,,0.31,146.92,49.74
321,08-Mar-2021 - 00:00,09-Mar-2021 - 00:00,43.64,7.04,5.27,12.3,31.51,0.7,3.39,,,,,,27.7,,0.46,117.48,47.46
322,09-Mar-2021 - 00:00,10-Mar-2021 - 00:00,61.35,7.38,4.75,11.06,33.17,0.7,4.44,,,,,,28.16,,0.64,124.95,48.77
323,10-Mar-2021 - 00:00,11-Mar-2021 - 00:00,33.55,11.28,5.82,16.53,32.39,0.7,4.65,0.0,0.0,,,,28.17,,0.52,116.6,53.13
324,11-Mar-2021 - 00:00,12-Mar-2021 - 00:00,14.35,4.78,4.07,8.57,28.24,0.7,4.55,0.0,0.0,,,,28.16,,0.33,155.7,57.03
325,12-Mar-2021 - 00:00,13-Mar-2021 - 00:00,25.84,7.67,4.95,11.75,29.57,0.7,4.42,0.0,0.0,,,,27.12,,0.29,129.7,61.03
326,13-Mar-2021 - 00:00,14-Mar-2021 - 00:00,86.37,3.7,4.95,8.35,29.02,0.7,6.01,0.0,0.0,,,,27.1,,0.54,98.99,58.45
327,14-Mar-2021 - 00:00,15-Mar-2021 - 00:00,49.8,7.43,6.43,13.21,30.04,0.7,5.39,0.0,0.0,,,,27.96,,0.33,142.99,61.92
328,15-Mar-2021 - 00:00,16-Mar-2021 - 00:00,28.29,6.43,6.33,11.17,29.79,0.7,7.75,0.0,0.0,,,,27.82,,0.5,96.4,60.94
329,16-Mar-2021 - 00:00,17-Mar-2021 - 00:00,23.48,10.32,7.64,15.58,30.36,0.7,6.22,0.0,0.0,,,,27.54,,0.38,114.15,60.91
330,17-Mar-2021 - 00:00,18-Mar-2021 - 00:00,30.32,9.88,7.68,16.14,34.02,0.7,3.77,0.0,0.0,,,,27.11,,0.3,123.51,52.75
331,18-Mar-2021 - 00:00,19-Mar-2021 - 00:00,41.32,8.46,7.56,14.65,30.94,0.69,10.1,0.0,0.0,,,,26.73,78.21,0.45,96.18,62.73
332,19-Mar-2021 - 00:00,20-Mar-2021 - 00:00,40.15,9.38,8.44,16.42,28.76,0.7,8.55,0.0,0.0,,,,,88.57,0.38,140.66,61.91
333,20-Mar-2021 - 00:00,21-Mar-2021 - 00:00,79.75,6.38,7.42,13.29,31.46,0.7,7.18,,,,,,,88.1,0.29,117.72,58.67
334,21-Mar-2021 - 00:00,22-Mar-2021 - 00:00,39.65,8.09,7.04,14.47,30.16,0.7,7.68,,,,,,,84.12,0.38,103.38,57.62
335,22-Mar-2021 - 00:00,23-Mar-2021 - 00:00,38.24,19.07,9.92,26.33,29.86,0.7,4.71,,,,,,,87.66,0.35,125.69,63.64
336,23-Mar-2021 - 00:00,24-Mar-2021 - 00:00,40.97,6.57,7.41,13.18,29.46,0.7,6.93,,,,,,,89.04,0.47,103.51,58.69
337,24-Mar-2021 - 00:00,25-Mar-2021 - 00:00,65.56,4.96,8.97,13.25,24.22,0.7,6.87,,,,,,,82.4,0.5,106.45,58.0
338,25-Mar-2021 - 00:00,26-Mar-2021 - 00:00,52.77,8.6,8.46,16.36,26.0,0.7,12.38,,,,,,,81.35,0.33,125.12,56.99
339,26-Mar-2021 - 00:00,27-Mar-2021 - 00:00,43.71,8.89,9.33,10.95,25.29,0.7,10.77,,,,,,,87.97,0.38,133.87,57.84
340,27-Mar-2021 - 00:00,28-Mar-2021 - 00:00,44.1,15.59,9.41,22.42,28.47,0.7,5.09,,,,,,,70.81,0.32,160.32,55.47
341,28-Mar-2021 - 00:00,29-Mar-2021 - 00:00,,20.39,15.28,35.71,27.78,0.7,3.43,,,,,,,72.08,0.13,169.68,2.23
342,29-Mar-2021 - 00:00,30-Mar-2021 - 00:00,,,,,,,,,,,,,,,,,
343,30-Mar-2021 - 00:00,31-Mar-2021 - 00:00,,,,,,,,,,,,,,,,,
344,31-Mar-2021 - 00:00,01-Apr-2021 - 00:00,31.75,1.94,6.74,8.68,28.02,0.7,14.48,0.0,0.0,,,,,62.21,0.7,249.91,78.05
345,01-Apr-2021 - 00:00,02-Apr-2021 - 00:00,29.34,2.62,5.89,8.46,26.55,0.7,11.6,0.0,0.0,,,,,66.37,0.88,268.22,56.52
346,02-Apr-2021 - 00:00,03-Apr-2021 - 00:00,45.04,1.82,7.47,9.29,26.78,0.7,15.01,0.0,0.0,,,,,58.78,0.8,231.28,61.34
347,03-Apr-2021 - 00:00,04-Apr-2021 - 00:00,46.94,1.53,5.6,7.13,26.8,0.7,10.11,0.0,0.0,,,,,67.66,0.86,256.92,55.87
348,04-Apr-2021 - 00:00,05-Apr-2021 - 00:00,35.7,2.26,5.47,7.73,27.97,0.7,9.05,0.0,0.0,,,,,71.6,0.63,219.02,55.82
349,05-Apr-2021 - 00:00,06-Apr-2021 - 00:00,2.46,2.11,5.66,7.78,26.71,0.7,8.04,0.0,0.0,,,,,70.25,0.54,163.52,54.92
350,06-Apr-2021 - 00:00,07-Apr-2021 - 00:00,,2.85,5.28,8.14,29.37,0.7,12.11,0.0,0.0,,,,,67.53,0.61,189.76,59.16
351,07-Apr-2021 - 00:00,08-Apr-2021 - 00:00,,7.07,6.05,12.97,28.42,0.7,8.94,0.0,0.0,,,,,67.7,0.84,215.47,60.97
352,08-Apr-2021 - 00:00,09-Apr-2021 - 00:00,,3.23,6.39,9.61,32.79,0.7,7.71,0.0,0.0,,,,,65.75,0.93,222.69,59.98
353,09-Apr-2021 - 00:00,10-Apr-2021 - 00:00,43.34,5.6,7.01,11.42,32.5,0.7,6.61,0.0,0.0,,,,,63.6,0.75,220.96,58.11
354,10-Apr-2021 - 00:00,11-Apr-2021 - 00:00,41.77,5.55,5.95,11.01,35.74,0.7,3.58,0.0,0.0,,,,,65.38,0.67,204.02,66.15
355,11-Apr-2021 - 00:00,12-Apr-2021 - 00:00,38.55,4.48,3.65,8.11,37.73,0.7,2.43,0.0,0.0,,,,,66.42,0.47,161.45,66.53
356,12-Apr-2021 - 00:00,13-Apr-2021 - 00:00,21.0,2.91,3.5,6.41,33.57,0.7,3.9,0.0,0.0,,,,,65.84,0.48,173.28,69.27
357,13-Apr-2021 - 00:00,14-Apr-2021 - 00:00,10.32,5.18,3.75,7.07,39.12,0.7,3.25,0.0,0.0,,,,,66.36,0.43,179.4,67.05
358,14-Apr-2021 - 00:00,15-Apr-2021 - 00:00,13.16,11.33,6.16,17.47,44.77,0.7,2.97,0.0,0.0,,,,,71.49,0.36,167.15,25.08
359,15-Apr-2021 - 00:00,16-Apr-2021 - 00:00,18.99,8.02,6.22,10.22,43.72,0.7,6.64,0.0,0.0,,,,,71.84,0.71,150.02,51.97
360,16-Apr-2021 - 00:00,17-Apr-2021 - 00:00,38.95,5.78,5.43,11.1,38.25,0.7,5.35,0.0,0.0,,,,,70.46,0.59,194.81,76.22
361,17-Apr-2021 - 00:00,18-Apr-2021 - 00:00,24.15,5.63,5.68,8.67,35.59,0.7,6.85,0.0,0.0,,,,,67.31,0.67,255.29,81.68
362,18-Apr-2021 - 00:00,19-Apr-2021 - 00:00,17.97,9.23,5.88,13.51,37.34,0.7,5.02,0.0,0.0,,,,,67.97,0.65,239.17,85.2
363,19-Apr-2021 - 00:00,20-Apr-2021 - 00:00,30.01,,,,38.86,0.7,9.45,0.0,0.0,,,,,68.19,0.6,243.94,75.98
364,20-Apr-2021 - 00:00,21-Apr-2021 - 00:00,31.82,1.82,5.08,6.91,40.34,0.7,5.81,0.0,0.0,,,,,69.15,0.78,212.37,21.34
365,21-Apr-2021 - 00:00,22-Apr-2021 - 00:00,24.31,6.65,5.52,12.17,37.67,0.7,9.9,0.0,0.0,,,,,69.34,0.69,218.98,80.13
