,From Date,To Date,PM2.5 (ug/m3),PM10 (ug/m3),NO (ug/m3),NO2 (ug/m3),NOx (ppb),NH3 (ug/m3),SO2 (ug/m3),CO (mg/m3),Ozone (ug/m3),Benzene (ug/m3),Toluene (ug/m3),Temp (degree C),RH (%),WS (m/s),WD (deg),SR (W/mt2),Xylene (ug/m3),RF (mm)
0,21-Apr-2020 - 00:00,22-Apr-2020 - 00:00,25.29,55.14,1.38,30.24,17.11,61.57,19.39,0.41,23.99,0.0,0.0,31.0,52.95,1.03,146.68,116.88,0.0,
1,22-Apr-2020 - 00:00,23-Apr-2020 - 00:00,22.15,46.82,0.78,18.82,10.37,46.07,8.28,0.33,25.76,0.0,0.0,31.26,49.44,1.27,101.92,127.12,0.0,
2,23-Apr-2020 - 00:00,24-Apr-2020 - 00:00,22.98,56.71,0.75,15.93,8.81,27.29,6.24,0.32,24.68,0.0,0.0,31.13,53.28,1.2,121.86,118.17,0.0,
3,24-Apr-2020 - 00:00,25-Apr-2020 - 00:00,24.85,51.52,0.76,15.12,8.39,27.37,3.73,0.33,24.04,0.0,0.0,30.9,59.31,1.03,91.04,118.6,0.0,
4,25-Apr-2020 - 00:00,26-Apr-2020 - 00:00,28.38,67.68,1.78,15.52,9.44,24.76,7.76,0.46,25.24,0.15,2.8,30.64,50.09,1.49,142.98,138.34,0.01,
5,26-Apr-2020 - 00:00,27-Apr-2020 - 00:00,23.57,47.85,2.43,10.08,7.33,33.88,3.28,0.32,22.78,0.08,0.71,30.16,59.27,0.76,109.46,149.14,0.01,
6,27-Apr-2020 - 00:00,28-Apr-2020 - 00:00,18.02,48.96,2.28,10.09,7.22,21.96,3.01,0.29,24.51,0.1,0.96,30.14,54.46,1.21,131.9,155.77,0.0,
7,28-Apr-2020 - 00:00,29-Apr-2020 - 00:00,18.28,45.77,2.41,9.14,6.83,23.66,3.61,0.3,20.73,0.08,0.76,30.24,66.94,1.32,124.92,140.46,0.0,
8,29-Apr-2020 - 00:00,30-Apr-2020 - 00:00,13.02,35.81,2.53,12.46,8.68,17.76,4.85,0.29,26.21,0.09,0.65,30.48,54.79,0.81,95.29,59.95,0.06,
9,30-Apr-2020 - 00:00,01-May-2020 - 00:00,18.98,48.57,2.25,14.74,9.68,16.34,4.8,0.29,29.25,0.13,1.41,30.62,49.82,1.23,79.7,60.09,0.05,
10,01-May-2020 - 00:00,02-May-2020 - 00:00,21.12,51.5,2.61,14.42,9.8,19.75,5.65,0.36,25.68,0.15,3.52,30.57,56.57,1.81,121.69,60.16,0.0,
11,02-May-2020 - 00:00,03-May-2020 - 00:00,22.3,43.45,2.43,14.63,9.75,18.92,22.64,0.44,23.49,0.14,0.67,30.41,59.12,1.44,175.38,35.55,0.01,
12,03-May-2020 - 00:00,04-May-2020 - 00:00,33.85,83.09,2.81,20.97,13.43,27.69,10.0,0.4,26.65,0.36,6.06,30.56,47.56,1.1,149.73,66.49,0.01,
13,04-May-2020 - 00:00,05-May-2020 - 00:00,26.57,71.94,2.58,15.77,10.49,22.11,5.9,0.37,28.67,0.19,1.95,30.6,47.47,1.51,119.14,70.47,0.06,
14,05-May-2020 - 00:00,06-May-2020 - 00:00,30.35,74.09,2.47,14.59,9.78,20.82,4.81,0.38,28.37,0.13,1.92,30.68,51.74,0.92,95.81,70.82,0.11,
15,06-May-2020 - 00:00,07-May-2020 - 00:00,25.65,62.46,2.67,13.05,9.12,21.86,5.24,0.3,24.4,0.14,1.39,30.59,56.07,1.33,118.94,66.06,0.01,
16,07-May-2020 - 00:00,08-May-2020 - 00:00,25.48,57.21,2.66,12.45,8.79,22.11,3.42,0.31,21.77,0.09,0.78,30.5,62.65,0.98,94.03,53.19,0.02,
17,08-May-2020 - 00:00,09-May-2020 - 00:00,29.29,77.79,2.39,16.58,10.76,28.04,7.62,0.31,21.83,0.33,5.45,30.5,59.0,1.27,105.16,42.51,0.02,
18,09-May-2020 - 00:00,10-May-2020 - 00:00,23.66,64.86,2.43,15.56,10.25,22.37,6.37,0.33,23.81,0.18,3.99,30.74,56.3,1.08,108.17,62.64,0.04,
19,10-May-2020 - 00:00,11-May-2020 - 00:00,23.05,55.19,2.5,20.64,13.01,19.75,3.08,0.42,22.28,0.18,5.49,30.71,60.59,1.03,134.24,36.77,0.06,
20,11-May-2020 - 00:00,12-May-2020 - 00:00,31.44,76.94,2.46,23.76,14.64,26.81,15.61,0.4,26.04,0.36,10.34,30.69,53.85,1.21,125.99,65.61,0.05,
21,12-May-2020 - 00:00,13-May-2020 - 00:00,33.04,79.34,2.96,24.2,15.28,30.18,10.67,0.41,22.67,0.32,6.38,30.81,53.29,0.8,164.41,71.61,0.34,
22,13-May-2020 - 00:00,14-May-2020 - 00:00,18.71,58.12,3.08,16.17,11.1,19.67,3.95,0.29,23.55,0.13,1.37,30.73,49.99,0.77,147.01,60.8,1.02,
23,14-May-2020 - 00:00,15-May-2020 - 00:00,18.15,52.36,2.55,13.71,9.36,21.22,3.53,0.31,22.23,0.1,1.07,31.01,54.25,0.93,140.91,68.05,0.04,
24,15-May-2020 - 00:00,16-May-2020 - 00:00,19.28,59.97,2.67,16.53,10.97,22.12,11.58,0.27,22.55,0.17,4.43,30.65,49.9,0.86,135.89,71.62,0.01,
25,16-May-2020 - 00:00,17-May-2020 - 00:00,25.89,74.31,2.62,19.21,12.35,23.56,13.6,0.33,25.19,0.24,6.4,30.62,55.32,1.16,151.23,71.91,0.07,
26,17-May-2020 - 00:00,18-May-2020 - 00:00,25.2,68.4,2.35,16.79,10.85,22.06,7.98,0.47,26.24,0.19,4.34,30.4,55.35,0.91,121.29,53.19,0.03,
27,18-May-2020 - 00:00,19-May-2020 - 00:00,28.16,78.53,2.67,19.98,12.8,31.17,21.83,0.37,26.96,0.55,6.68,30.52,49.64,1.58,143.83,62.82,0.04,
28,19-May-2020 - 00:00,20-May-2020 - 00:00,45.94,130.95,2.69,23.64,14.76,29.84,26.16,0.52,25.19,0.49,13.49,30.51,44.81,1.57,99.97,63.77,0.02,
29,20-May-2020 - 00:00,21-May-2020 - 00:00,43.73,154.4,3.68,28.07,17.92,129.25,37.0,0.39,21.16,0.83,20.77,30.64,39.57,1.81,125.95,74.94,0.04,
30,21-May-2020 - 00:00,22-May-2020 - 00:00,49.28,148.22,4.23,28.48,18.59,179.85,49.19,0.4,17.6,2.05,33.4,30.68,43.76,1.93,122.96,89.15,0.02,
31,22-May-2020 - 00:00,23-May-2020 - 00:00,29.31,133.29,2.48,21.13,13.25,33.0,11.87,0.42,25.51,0.33,7.15,31.09,32.86,1.45,63.06,84.41,0.06,
32,23-May-2020 - 00:00,24-May-2020 - 00:00,48.0,148.12,2.86,25.58,15.93,33.93,16.18,0.49,24.96,0.46,8.89,30.97,35.52,0.93,114.32,75.03,0.22,
33,24-May-2020 - 00:00,25-May-2020 - 00:00,45.01,127.76,2.56,19.49,12.44,32.47,10.46,0.46,30.42,0.24,3.97,30.59,45.14,0.48,189.06,64.91,0.07,
34,25-May-2020 - 00:00,26-May-2020 - 00:00,33.54,93.33,2.58,12.8,8.91,29.93,6.22,0.39,26.42,0.12,1.15,30.85,52.27,1.05,175.6,67.64,0.01,
35,26-May-2020 - 00:00,27-May-2020 - 00:00,33.77,85.95,2.47,13.18,9.03,24.96,8.07,0.51,26.05,0.17,1.86,31.01,50.68,1.2,161.53,68.55,0.04,
36,27-May-2020 - 00:00,28-May-2020 - 00:00,31.9,86.0,2.73,13.79,9.55,21.82,4.94,0.39,24.87,0.14,1.82,31.75,49.94,1.18,170.33,93.56,0.0,
37,28-May-2020 - 00:00,29-May-2020 - 00:00,22.42,74.0,1.99,7.48,4.7,15.82,7.17,0.62,22.28,0.17,2.08,29.85,36.06,0.92,97.56,45.44,0.0,
38,29-May-2020 - 00:00,30-May-2020 - 00:00,26.38,107.52,2.44,15.57,9.75,78.68,16.54,0.52,20.24,0.72,6.8,30.51,41.46,1.57,176.54,51.64,0.02,
39,30-May-2020 - 00:00,31-May-2020 - 00:00,20.43,65.52,2.47,11.16,7.94,21.25,7.05,0.24,20.92,0.4,2.97,29.59,53.3,1.55,140.95,47.19,0.0,
40,31-May-2020 - 00:00,01-Jun-2020 - 00:00,22.23,57.41,2.45,16.99,11.03,22.72,3.57,0.33,18.27,0.09,1.39,29.77,67.06,1.39,163.93,54.01,0.13,
41,01-Jun-2020 - 00:00,02-Jun-2020 - 00:00,28.37,70.64,3.33,22.58,14.58,29.54,6.44,0.39,18.46,0.24,8.18,28.65,70.72,0.93,152.87,49.6,0.12,
42,02-Jun-2020 - 00:00,03-Jun-2020 - 00:00,17.76,43.27,3.24,14.7,10.46,37.31,3.05,0.24,17.01,0.16,3.24,26.79,71.67,1.16,198.48,52.16,0.05,
43,03-Jun-2020 - 00:00,04-Jun-2020 - 00:00,11.24,39.73,3.15,13.29,9.63,42.46,5.01,0.44,19.06,0.07,4.08,28.33,69.84,1.98,257.02,73.05,0.0,
44,04-Jun-2020 - 00:00,05-Jun-2020 - 00:00,14.4,38.69,2.6,10.64,7.77,31.9,6.87,0.21,15.36,0.08,1.45,29.97,67.33,3.03,254.4,63.64,0.01,
45,05-Jun-2020 - 00:00,06-Jun-2020 - 00:00,25.49,71.62,3.0,18.12,12.07,41.83,13.92,0.25,14.65,0.47,4.21,29.83,62.52,2.06,269.44,77.78,0.02,
46,06-Jun-2020 - 00:00,07-Jun-2020 - 00:00,32.36,106.73,3.95,17.86,12.71,70.96,30.11,0.27,13.11,0.59,10.04,30.26,57.57,2.18,237.39,79.17,0.06,
47,07-Jun-2020 - 00:00,08-Jun-2020 - 00:00,26.06,94.39,3.97,15.3,11.37,65.04,24.08,0.28,13.56,0.7,16.14,30.13,59.11,2.59,138.78,63.98,0.03,
48,08-Jun-2020 - 00:00,09-Jun-2020 - 00:00,27.16,106.17,4.27,19.41,13.79,64.51,27.08,0.26,12.24,0.68,13.21,30.01,56.95,2.76,120.21,73.1,0.02,
49,09-Jun-2020 - 00:00,10-Jun-2020 - 00:00,25.08,80.45,3.7,14.25,10.58,63.62,23.37,0.25,14.64,0.71,13.89,30.49,57.72,2.12,173.16,78.28,0.02,
50,10-Jun-2020 - 00:00,11-Jun-2020 - 00:00,23.81,49.8,3.26,13.31,9.73,35.09,9.92,0.29,12.24,0.41,5.97,30.3,79.29,1.96,178.03,56.01,0.01,
51,11-Jun-2020 - 00:00,12-Jun-2020 - 00:00,34.68,76.46,3.79,21.27,14.39,51.7,13.62,0.28,11.47,1.03,13.57,30.11,85.91,2.36,144.01,32.71,0.22,
52,12-Jun-2020 - 00:00,13-Jun-2020 - 00:00,26.84,61.67,3.82,16.39,11.83,74.08,9.54,0.24,14.61,1.19,7.96,30.32,81.96,2.53,127.21,43.1,0.02,
53,13-Jun-2020 - 00:00,14-Jun-2020 - 00:00,8.99,25.68,3.0,12.28,8.98,18.73,5.91,0.19,11.83,0.08,0.63,30.39,74.64,2.06,91.21,53.41,0.01,
54,14-Jun-2020 - 00:00,15-Jun-2020 - 00:00,15.04,38.4,3.28,15.32,10.81,32.27,12.82,0.23,11.61,0.27,3.99,30.15,72.91,2.42,65.14,53.19,0.0,
55,15-Jun-2020 - 00:00,16-Jun-2020 - 00:00,15.93,44.52,3.77,15.33,11.22,27.41,10.67,0.28,9.66,0.35,4.67,30.2,75.76,2.84,97.94,49.38,0.12,
56,16-Jun-2020 - 00:00,17-Jun-2020 - 00:00,7.32,18.15,2.61,8.29,6.53,14.96,4.57,0.2,10.12,0.02,0.3,30.4,81.14,2.86,145.69,44.53,0.0,
57,17-Jun-2020 - 00:00,18-Jun-2020 - 00:00,12.67,25.98,3.15,13.39,9.69,18.39,7.23,0.21,10.16,0.09,1.55,30.22,81.77,2.84,273.08,39.66,0.0,
58,18-Jun-2020 - 00:00,19-Jun-2020 - 00:00,14.17,38.18,3.11,10.87,8.31,18.04,5.84,0.2,10.27,0.11,1.21,30.39,80.94,3.1,236.36,48.81,0.0,
59,19-Jun-2020 - 00:00,20-Jun-2020 - 00:00,28.06,85.83,5.76,22.76,16.79,62.45,19.27,0.3,9.11,1.23,16.2,30.3,76.01,3.07,159.92,61.67,0.03,
60,20-Jun-2020 - 00:00,21-Jun-2020 - 00:00,30.31,99.39,4.77,14.91,11.81,76.57,21.16,0.24,10.29,0.76,10.42,30.27,73.36,3.13,180.17,77.15,0.04,
61,21-Jun-2020 - 00:00,22-Jun-2020 - 00:00,36.59,120.09,6.29,20.52,16.03,92.69,21.26,0.29,9.22,0.79,18.38,29.81,79.08,2.74,254.95,78.04,0.1,
62,22-Jun-2020 - 00:00,23-Jun-2020 - 00:00,29.5,96.2,4.53,13.07,10.64,56.99,17.47,0.23,9.96,0.91,10.51,29.91,72.07,2.73,227.27,104.8,0.07,
63,23-Jun-2020 - 00:00,24-Jun-2020 - 00:00,20.79,54.9,5.24,13.62,11.5,35.77,12.61,0.18,10.34,0.39,5.28,30.4,71.91,2.74,206.84,183.19,0.0,
64,24-Jun-2020 - 00:00,25-Jun-2020 - 00:00,13.0,56.0,3.55,6.78,6.53,19.12,11.0,0.23,14.92,0.1,2.6,30.9,63.5,1.58,111.0,428.17,0.0,
65,25-Jun-2020 - 00:00,26-Jun-2020 - 00:00,22.41,51.67,2.28,11.33,7.88,15.73,3.92,0.31,18.25,0.08,1.74,30.27,59.19,,110.36,174.21,0.06,
66,26-Jun-2020 - 00:00,27-Jun-2020 - 00:00,26.17,60.97,2.76,11.82,8.53,15.95,4.02,0.29,13.5,0.07,1.44,30.73,65.52,0.88,154.18,79.24,0.05,
67,27-Jun-2020 - 00:00,28-Jun-2020 - 00:00,23.47,45.58,3.05,14.44,10.16,18.29,5.54,0.29,11.87,0.09,2.88,30.07,69.81,2.45,158.97,110.11,0.07,
68,28-Jun-2020 - 00:00,29-Jun-2020 - 00:00,25.91,54.25,3.99,18.75,13.21,19.13,10.3,0.3,11.92,0.35,6.0,30.53,75.07,3.01,185.29,119.06,0.09,
69,29-Jun-2020 - 00:00,30-Jun-2020 - 00:00,20.85,59.82,3.97,22.39,15.13,24.93,11.35,0.28,10.73,0.64,7.43,30.54,75.12,2.5,152.6,100.81,0.1,
70,30-Jun-2020 - 00:00,01-Jul-2020 - 00:00,21.78,71.1,3.16,19.89,13.14,18.94,6.18,0.29,10.21,0.25,4.89,29.96,72.34,2.45,234.9,126.39,0.13,
71,01-Jul-2020 - 00:00,02-Jul-2020 - 00:00,12.36,42.09,3.53,13.96,10.3,19.22,8.71,0.18,9.87,0.08,3.31,29.8,70.18,4.24,201.55,140.49,0.01,
72,02-Jul-2020 - 00:00,03-Jul-2020 - 00:00,14.55,36.19,4.58,14.09,11.22,32.19,15.47,0.22,8.35,0.58,6.74,30.07,75.95,5.71,109.32,126.51,0.01,
73,03-Jul-2020 - 00:00,04-Jul-2020 - 00:00,13.39,26.16,4.42,13.89,10.98,24.12,14.97,0.19,7.4,0.12,2.94,29.93,79.16,5.86,187.02,94.56,0.01,
74,04-Jul-2020 - 00:00,05-Jul-2020 - 00:00,16.55,32.86,3.62,15.18,11.01,23.02,12.03,0.25,8.67,0.17,3.16,30.0,81.74,5.87,214.23,71.32,0.01,
75,05-Jul-2020 - 00:00,06-Jul-2020 - 00:00,20.15,40.32,4.47,20.58,14.58,21.78,18.78,0.2,7.4,0.24,3.35,29.84,81.03,5.99,230.74,63.89,0.0,
76,06-Jul-2020 - 00:00,07-Jul-2020 - 00:00,21.5,49.05,4.23,17.07,12.52,12.85,12.21,0.16,7.61,0.07,1.06,29.94,80.68,5.37,274.0,67.65,0.0,
77,07-Jul-2020 - 00:00,08-Jul-2020 - 00:00,11.24,34.35,2.84,6.35,5.69,10.46,4.24,0.14,8.92,0.02,0.3,29.92,72.6,5.53,257.28,102.82,0.0,
78,08-Jul-2020 - 00:00,09-Jul-2020 - 00:00,8.89,28.16,3.65,9.36,7.95,20.39,7.23,0.2,8.4,0.09,3.33,30.4,76.88,4.67,222.09,105.34,0.01,
79,09-Jul-2020 - 00:00,10-Jul-2020 - 00:00,12.26,28.03,4.28,15.87,11.92,22.11,6.85,0.16,7.49,0.12,3.0,29.74,79.58,5.06,237.18,99.62,0.01,
80,10-Jul-2020 - 00:00,11-Jul-2020 - 00:00,15.76,35.31,4.49,17.91,13.18,19.08,13.81,0.2,8.26,0.24,6.76,29.83,79.9,4.39,212.44,67.89,0.05,
81,11-Jul-2020 - 00:00,12-Jul-2020 - 00:00,19.5,45.94,6.06,16.83,13.89,19.25,8.98,0.24,7.45,0.2,5.05,29.53,78.9,4.51,185.2,105.36,0.08,
82,12-Jul-2020 - 00:00,13-Jul-2020 - 00:00,20.21,51.57,4.26,13.77,10.79,26.05,13.9,0.19,8.26,0.48,4.73,29.83,74.46,4.58,201.99,111.31,0.03,
83,13-Jul-2020 - 00:00,14-Jul-2020 - 00:00,19.86,53.95,5.52,21.06,15.69,20.24,11.23,0.39,7.62,0.54,4.81,29.83,75.52,3.47,158.58,98.36,0.28,
84,14-Jul-2020 - 00:00,15-Jul-2020 - 00:00,16.59,35.54,3.93,13.75,10.51,32.11,7.9,0.17,7.88,0.26,4.93,29.94,80.69,4.42,179.33,75.82,0.04,
85,15-Jul-2020 - 00:00,16-Jul-2020 - 00:00,16.99,29.67,5.15,15.02,12.18,36.86,8.71,0.19,7.64,0.48,8.16,29.97,90.25,4.08,202.46,46.83,0.02,
86,16-Jul-2020 - 00:00,17-Jul-2020 - 00:00,9.0,24.43,3.48,14.43,10.51,13.82,6.86,0.11,8.45,0.08,1.13,29.17,81.72,6.39,250.78,92.25,0.01,
87,17-Jul-2020 - 00:00,18-Jul-2020 - 00:00,8.36,28.24,2.88,6.51,5.8,12.24,3.6,0.15,8.73,0.01,0.31,29.39,77.14,5.0,249.66,117.48,0.0,
88,18-Jul-2020 - 00:00,19-Jul-2020 - 00:00,14.06,43.7,3.1,11.11,8.44,15.28,5.83,0.18,8.57,0.12,1.3,29.56,74.78,3.73,237.53,125.5,0.02,
89,19-Jul-2020 - 00:00,20-Jul-2020 - 00:00,21.26,45.98,4.42,15.65,11.92,22.11,9.96,0.19,7.43,0.49,6.32,29.79,80.11,3.71,146.25,120.08,0.03,
90,20-Jul-2020 - 00:00,21-Jul-2020 - 00:00,20.34,49.52,5.95,18.12,14.63,31.89,12.4,0.25,8.2,0.37,7.69,30.42,80.61,2.5,195.13,84.04,0.1,
91,21-Jul-2020 - 00:00,22-Jul-2020 - 00:00,12.15,36.8,3.1,13.62,9.76,19.31,4.3,0.21,8.53,0.39,2.18,29.58,72.08,3.1,222.09,140.24,0.03,
92,22-Jul-2020 - 00:00,23-Jul-2020 - 00:00,19.44,45.43,4.17,18.69,13.33,28.33,4.93,0.28,6.98,0.36,5.14,29.81,76.43,2.23,196.68,86.99,0.18,
93,23-Jul-2020 - 00:00,24-Jul-2020 - 00:00,25.43,44.51,8.55,25.95,20.76,22.91,6.41,0.29,5.95,0.29,6.87,29.11,86.47,2.3,187.64,40.51,0.17,
94,24-Jul-2020 - 00:00,25-Jul-2020 - 00:00,18.71,42.16,4.46,20.05,14.29,16.94,5.63,0.33,7.58,0.23,2.5,29.17,78.79,2.34,226.41,90.6,0.18,
95,25-Jul-2020 - 00:00,26-Jul-2020 - 00:00,24.03,55.97,7.93,27.36,21.0,17.39,7.45,0.4,7.19,0.25,3.78,29.84,80.23,2.0,232.98,92.15,0.36,
96,26-Jul-2020 - 00:00,27-Jul-2020 - 00:00,11.73,29.85,3.42,13.11,9.75,13.92,4.65,0.2,8.1,0.07,0.76,28.97,72.0,3.52,254.38,152.66,0.02,
97,27-Jul-2020 - 00:00,28-Jul-2020 - 00:00,20.62,55.26,6.57,20.35,16.17,48.36,25.84,0.22,7.77,0.62,13.47,29.5,73.17,4.73,71.97,159.82,0.04,
98,28-Jul-2020 - 00:00,29-Jul-2020 - 00:00,26.93,71.39,5.77,17.56,14.03,33.46,27.13,0.17,6.71,0.59,16.52,29.28,77.72,4.02,70.43,126.85,0.16,
99,29-Jul-2020 - 00:00,30-Jul-2020 - 00:00,20.45,42.12,4.94,20.67,15.01,31.26,8.97,0.36,7.21,0.37,6.93,28.87,80.97,2.58,136.91,116.8,0.16,
100,30-Jul-2020 - 00:00,31-Jul-2020 - 00:00,22.73,46.14,5.39,22.51,16.36,25.39,3.77,0.37,8.78,0.05,3.57,29.35,79.24,2.03,211.96,148.69,0.18,
101,31-Jul-2020 - 00:00,01-Aug-2020 - 00:00,19.7,44.37,5.49,20.97,15.62,20.83,3.86,0.35,8.66,0.03,3.1,29.72,80.15,1.84,199.98,96.32,0.16,
102,01-Aug-2020 - 00:00,02-Aug-2020 - 00:00,29.11,57.06,11.97,28.36,24.82,28.3,7.07,0.55,10.44,0.24,8.48,30.8,81.86,2.1,198.85,105.53,0.48,
103,02-Aug-2020 - 00:00,03-Aug-2020 - 00:00,16.52,36.38,4.51,18.1,13.29,30.29,6.6,0.27,6.43,0.16,3.64,30.16,80.91,3.28,231.92,111.32,0.09,
104,03-Aug-2020 - 00:00,04-Aug-2020 - 00:00,14.04,22.6,4.29,14.56,11.24,37.96,11.25,0.2,7.76,0.75,4.58,30.03,77.51,6.8,132.29,100.0,0.06,
105,04-Aug-2020 - 00:00,05-Aug-2020 - 00:00,8.0,27.0,3.24,13.42,9.78,17.3,8.16,0.18,7.93,0.16,1.03,30.3,77.94,7.79,177.3,84.09,0.01,
106,05-Aug-2020 - 00:00,06-Aug-2020 - 00:00,5.58,12.59,3.32,12.95,9.58,17.16,6.67,0.15,7.3,0.04,0.76,29.94,83.02,7.13,236.98,62.4,0.0,
107,06-Aug-2020 - 00:00,07-Aug-2020 - 00:00,9.51,25.87,2.86,8.03,6.59,12.46,3.12,0.17,7.88,0.02,0.7,30.35,78.52,5.92,241.18,120.0,0.01,
108,07-Aug-2020 - 00:00,08-Aug-2020 - 00:00,8.17,23.87,3.01,9.28,7.39,14.03,5.17,0.12,7.97,0.05,0.66,30.53,77.2,5.23,243.31,109.44,0.11,
109,08-Aug-2020 - 00:00,09-Aug-2020 - 00:00,16.27,46.26,5.67,20.99,15.78,22.94,19.73,0.22,7.13,0.29,5.85,30.37,76.05,6.23,125.31,117.14,0.08,
110,09-Aug-2020 - 00:00,10-Aug-2020 - 00:00,22.01,56.6,6.23,17.04,14.12,45.09,21.05,0.21,7.14,0.61,10.72,29.97,82.14,5.99,63.93,65.21,0.01,
111,10-Aug-2020 - 00:00,11-Aug-2020 - 00:00,22.89,43.04,6.9,19.73,16.11,62.57,15.61,0.2,6.07,0.68,5.77,29.86,89.78,5.51,146.19,40.0,0.06,
112,11-Aug-2020 - 00:00,12-Aug-2020 - 00:00,17.88,32.36,5.9,19.13,14.96,111.49,19.01,0.27,6.88,0.52,8.12,30.12,82.7,5.77,122.21,83.21,0.05,
113,12-Aug-2020 - 00:00,13-Aug-2020 - 00:00,17.94,42.33,5.6,17.2,13.71,46.49,18.1,0.21,6.84,0.33,7.03,30.13,81.99,6.82,125.41,68.02,0.11,
114,13-Aug-2020 - 00:00,14-Aug-2020 - 00:00,14.03,24.85,5.1,20.1,14.85,27.15,14.23,0.15,5.84,0.25,3.69,29.76,92.52,6.06,195.97,28.14,0.05,
115,14-Aug-2020 - 00:00,15-Aug-2020 - 00:00,14.66,29.07,4.82,18.96,14.0,22.07,10.96,0.22,6.58,0.27,2.24,29.83,87.6,6.73,243.29,40.17,0.0,
116,15-Aug-2020 - 00:00,16-Aug-2020 - 00:00,8.55,14.02,4.58,8.1,7.68,21.51,6.41,0.22,8.26,0.02,0.36,33.31,93.23,5.86,266.34,19.66,0.0,
117,16-Aug-2020 - 00:00,17-Aug-2020 - 00:00,5.35,7.5,5.32,19.02,14.18,17.32,8.77,0.22,8.48,0.07,0.5,33.04,93.2,6.58,267.54,29.86,0.0,
118,17-Aug-2020 - 00:00,18-Aug-2020 - 00:00,14.61,22.67,8.82,25.9,20.58,34.06,16.1,0.26,6.95,0.35,2.13,33.36,89.52,5.42,264.31,54.61,0.05,
119,18-Aug-2020 - 00:00,19-Aug-2020 - 00:00,19.69,36.79,6.2,21.01,15.54,59.53,21.73,0.23,8.39,0.65,7.4,33.16,83.88,6.49,160.84,83.46,0.09,
120,19-Aug-2020 - 00:00,20-Aug-2020 - 00:00,21.13,39.2,7.39,19.34,15.72,47.58,24.16,0.28,6.98,0.48,10.01,33.03,90.95,4.64,194.82,30.43,0.16,
121,20-Aug-2020 - 00:00,21-Aug-2020 - 00:00,17.35,25.52,6.8,18.08,14.4,59.75,19.16,0.23,7.0,0.53,5.83,33.72,93.21,5.85,228.81,38.86,0.08,
122,21-Aug-2020 - 00:00,22-Aug-2020 - 00:00,8.62,,4.74,12.26,9.99,18.5,7.63,0.23,7.88,0.02,0.21,33.77,90.87,6.8,266.17,45.3,0.0,
123,22-Aug-2020 - 00:00,23-Aug-2020 - 00:00,,,,,,,,,,,,,,,,,,
124,23-Aug-2020 - 00:00,24-Aug-2020 - 00:00,,,,,,,,,,,,,,,,,,
125,24-Aug-2020 - 00:00,25-Aug-2020 - 00:00,16.8,45.32,3.49,11.16,8.78,16.81,10.92,0.3,8.99,0.04,1.67,27.95,70.91,4.55,218.68,176.05,0.11,
126,25-Aug-2020 - 00:00,26-Aug-2020 - 00:00,20.14,48.2,10.7,18.65,18.62,28.77,10.05,0.32,6.0,0.11,7.56,28.16,78.02,3.99,144.9,123.6,0.05,
127,26-Aug-2020 - 00:00,27-Aug-2020 - 00:00,35.69,90.04,7.83,16.47,15.13,55.79,16.66,0.24,6.5,0.24,13.44,27.76,77.26,3.91,67.15,100.21,0.16,
128,27-Aug-2020 - 00:00,28-Aug-2020 - 00:00,29.75,60.76,7.53,17.38,15.37,57.62,12.26,0.31,5.79,0.24,11.53,27.13,87.51,3.75,136.18,47.24,0.05,
129,28-Aug-2020 - 00:00,29-Aug-2020 - 00:00,18.3,45.1,5.44,15.82,12.83,32.83,15.56,0.21,6.24,0.09,2.72,27.48,80.36,5.0,192.8,108.03,0.03,
130,29-Aug-2020 - 00:00,30-Aug-2020 - 00:00,14.61,42.4,4.57,13.79,11.05,20.57,16.94,0.17,6.45,0.03,2.35,27.32,78.11,5.02,217.96,126.39,0.03,
131,30-Aug-2020 - 00:00,31-Aug-2020 - 00:00,16.61,45.74,4.81,15.34,12.07,17.81,19.8,0.24,6.73,0.01,1.26,27.54,75.52,4.03,242.51,127.88,0.06,
132,31-Aug-2020 - 00:00,01-Sep-2020 - 00:00,21.53,64.84,7.67,15.96,14.72,48.32,26.28,0.27,6.65,0.11,10.26,27.56,73.32,3.62,133.04,137.47,0.03,
133,01-Sep-2020 - 00:00,02-Sep-2020 - 00:00,32.05,93.72,7.05,14.75,13.57,31.72,11.56,0.26,8.31,0.15,14.58,28.94,74.9,2.92,46.92,133.67,0.08,
134,02-Sep-2020 - 00:00,03-Sep-2020 - 00:00,25.84,67.8,3.19,11.51,8.72,26.48,9.82,0.28,9.21,0.11,6.75,30.31,77.75,2.75,56.24,103.78,0.05,
135,03-Sep-2020 - 00:00,04-Sep-2020 - 00:00,17.88,70.24,3.29,13.48,9.85,24.03,5.61,0.3,12.21,0.11,2.38,30.42,72.01,2.02,137.39,126.31,0.04,
136,04-Sep-2020 - 00:00,05-Sep-2020 - 00:00,13.15,48.6,3.23,11.78,8.9,18.48,2.22,0.29,10.48,0.08,1.41,30.29,70.4,2.21,137.16,143.65,0.04,
137,05-Sep-2020 - 00:00,06-Sep-2020 - 00:00,12.43,51.95,4.16,14.28,10.98,16.97,4.16,0.29,10.25,0.1,2.89,30.22,68.86,1.95,139.3,135.32,0.07,
138,06-Sep-2020 - 00:00,07-Sep-2020 - 00:00,13.48,39.52,2.75,10.36,7.76,17.26,3.09,0.26,13.77,0.08,1.01,30.65,69.12,2.01,137.86,139.73,0.03,
139,07-Sep-2020 - 00:00,08-Sep-2020 - 00:00,18.4,47.83,4.18,13.7,10.69,19.07,6.96,0.25,10.54,0.08,2.63,30.54,72.69,2.08,132.08,99.19,0.06,
140,08-Sep-2020 - 00:00,09-Sep-2020 - 00:00,18.24,53.27,3.13,16.73,11.21,20.62,15.12,0.32,74.44,0.2,3.87,31.04,70.3,2.14,132.46,136.35,0.06,
141,09-Sep-2020 - 00:00,10-Sep-2020 - 00:00,25.98,69.76,3.99,21.94,14.62,27.59,16.35,0.34,95.07,0.34,6.42,30.98,72.21,2.06,130.8,117.53,0.07,
142,10-Sep-2020 - 00:00,11-Sep-2020 - 00:00,34.1,80.22,5.57,23.09,16.53,37.54,34.04,0.4,63.63,0.53,12.93,31.43,77.69,2.03,150.75,115.92,0.13,
143,11-Sep-2020 - 00:00,12-Sep-2020 - 00:00,23.3,56.7,2.16,26.3,15.62,26.05,21.18,0.39,50.9,0.36,13.33,31.39,80.9,1.86,128.42,55.64,0.13,
144,12-Sep-2020 - 00:00,13-Sep-2020 - 00:00,7.87,20.5,1.04,14.74,8.51,28.26,25.85,0.25,49.99,0.17,1.97,30.66,80.49,3.08,229.79,104.21,0.03,
145,13-Sep-2020 - 00:00,14-Sep-2020 - 00:00,19.98,40.12,2.4,19.25,12.12,58.17,28.36,0.27,45.29,1.1,11.84,30.98,87.64,5.23,145.47,56.8,0.05,
146,14-Sep-2020 - 00:00,15-Sep-2020 - 00:00,29.88,55.16,2.91,18.85,12.28,42.77,38.8,0.24,30.51,0.63,14.76,30.44,90.44,5.53,95.92,39.3,0.1,
147,15-Sep-2020 - 00:00,16-Sep-2020 - 00:00,18.93,39.93,8.99,21.73,17.25,112.44,32.63,0.27,8.0,0.7,12.78,30.57,87.33,3.72,131.39,70.43,0.02,
148,16-Sep-2020 - 00:00,17-Sep-2020 - 00:00,21.15,42.02,3.15,15.91,10.84,45.75,28.39,0.28,9.13,0.49,8.78,30.72,85.62,3.31,126.69,102.25,0.05,
149,17-Sep-2020 - 00:00,18-Sep-2020 - 00:00,33.53,64.83,5.05,26.25,17.94,82.19,51.52,0.38,12.7,0.64,17.6,30.25,88.3,3.32,169.65,79.25,0.1,
150,18-Sep-2020 - 00:00,19-Sep-2020 - 00:00,31.71,58.6,4.92,25.93,17.7,45.94,36.15,0.51,11.95,0.51,15.09,30.39,87.52,2.96,152.32,87.02,0.11,
151,19-Sep-2020 - 00:00,20-Sep-2020 - 00:00,46.55,71.2,3.35,25.05,16.01,37.37,34.57,0.37,13.25,0.51,14.51,30.52,90.0,3.09,124.99,59.08,0.09,
152,20-Sep-2020 - 00:00,21-Sep-2020 - 00:00,34.77,54.95,1.32,14.47,8.63,33.81,22.06,0.22,16.62,0.4,7.71,30.37,85.84,3.92,126.9,104.86,0.02,
153,21-Sep-2020 - 00:00,22-Sep-2020 - 00:00,9.04,21.35,11.29,17.85,18.28,22.91,24.65,0.21,14.94,0.25,1.58,30.63,85.14,5.26,259.19,81.7,0.01,
154,22-Sep-2020 - 00:00,23-Sep-2020 - 00:00,9.36,20.8,1.12,12.01,7.05,17.77,23.95,0.23,15.79,0.1,0.52,32.69,81.3,5.44,250.15,93.55,0.02,
155,23-Sep-2020 - 00:00,24-Sep-2020 - 00:00,7.72,29.77,1.04,11.24,6.73,12.26,33.02,0.22,14.41,0.08,0.5,31.45,81.83,5.76,240.78,68.4,0.04,
156,24-Sep-2020 - 00:00,25-Sep-2020 - 00:00,10.12,36.09,1.28,12.8,7.73,16.39,40.81,0.16,13.59,0.17,0.92,31.08,80.27,4.91,234.38,112.07,0.03,
157,25-Sep-2020 - 00:00,26-Sep-2020 - 00:00,12.69,40.53,2.54,16.98,11.05,24.23,21.05,0.08,,0.3,6.48,30.69,85.21,4.37,189.56,87.21,0.01,
158,26-Sep-2020 - 00:00,27-Sep-2020 - 00:00,11.43,25.76,2.72,21.51,13.54,22.75,26.07,0.03,,0.36,4.57,30.61,95.07,4.39,247.44,31.57,0.05,
159,27-Sep-2020 - 00:00,28-Sep-2020 - 00:00,24.57,57.23,3.61,15.41,10.71,18.61,25.1,0.04,,0.42,11.28,30.83,84.1,3.89,109.04,99.01,0.03,
160,28-Sep-2020 - 00:00,29-Sep-2020 - 00:00,25.72,93.54,7.22,26.91,19.89,25.85,24.33,0.22,41.04,0.58,19.48,31.16,82.41,2.74,97.8,104.74,0.06,
161,29-Sep-2020 - 00:00,30-Sep-2020 - 00:00,41.6,89.01,7.79,22.14,17.53,37.38,28.24,0.32,32.14,0.42,16.83,31.11,83.87,3.29,101.4,103.09,0.09,
162,30-Sep-2020 - 00:00,01-Oct-2020 - 00:00,33.79,67.43,1.98,16.9,9.55,30.57,17.2,0.23,40.6,0.19,10.02,30.49,80.15,3.42,90.57,127.93,0.04,
163,01-Oct-2020 - 00:00,02-Oct-2020 - 00:00,53.62,104.22,2.73,19.78,12.35,39.97,33.92,0.29,44.4,0.55,18.66,29.72,82.23,4.38,139.78,103.55,0.06,
164,02-Oct-2020 - 00:00,03-Oct-2020 - 00:00,46.06,117.06,3.86,23.23,15.18,69.91,36.57,0.33,48.82,0.76,17.31,29.86,75.9,4.03,107.07,135.21,0.08,
165,03-Oct-2020 - 00:00,04-Oct-2020 - 00:00,45.35,118.15,13.46,17.21,13.95,37.24,22.67,0.33,50.56,0.44,8.11,30.29,72.79,3.63,67.01,119.34,0.01,
166,04-Oct-2020 - 00:00,05-Oct-2020 - 00:00,49.44,133.86,4.12,29.22,18.55,59.94,36.01,0.38,46.55,0.97,18.01,30.51,71.86,3.93,105.68,113.41,0.06,
167,05-Oct-2020 - 00:00,06-Oct-2020 - 00:00,49.95,130.47,2.68,27.59,16.65,61.57,40.49,0.35,43.03,0.63,12.47,30.14,73.76,4.14,94.5,128.21,0.06,
168,06-Oct-2020 - 00:00,07-Oct-2020 - 00:00,48.59,123.69,2.81,20.4,12.81,60.53,30.34,0.33,57.72,0.48,16.93,30.28,70.09,3.6,39.82,121.72,0.03,
169,07-Oct-2020 - 00:00,08-Oct-2020 - 00:00,61.69,133.55,1.79,24.54,14.11,60.78,49.22,0.48,48.54,0.79,20.79,30.13,77.08,3.1,66.51,43.27,0.08,
170,08-Oct-2020 - 00:00,09-Oct-2020 - 00:00,58.16,114.61,1.09,21.29,12.1,39.62,21.32,0.45,40.07,0.32,9.31,30.42,80.06,1.91,90.48,86.41,0.05,
171,09-Oct-2020 - 00:00,10-Oct-2020 - 00:00,48.49,96.38,3.09,24.07,15.11,28.93,10.65,0.47,35.33,0.17,6.17,30.52,77.28,1.66,135.89,102.94,0.18,
172,10-Oct-2020 - 00:00,11-Oct-2020 - 00:00,43.95,108.86,9.67,33.78,25.29,33.64,26.15,0.65,34.8,0.53,12.04,30.59,77.82,1.7,153.3,78.94,0.53,
173,11-Oct-2020 - 00:00,12-Oct-2020 - 00:00,24.64,54.81,2.62,18.06,11.36,38.58,18.89,0.3,22.81,0.49,9.99,30.16,90.12,2.29,127.7,42.92,0.04,
174,12-Oct-2020 - 00:00,13-Oct-2020 - 00:00,22.8,43.35,3.61,19.95,13.24,34.72,22.28,0.37,22.99,0.32,9.09,29.97,89.43,2.04,119.34,55.81,0.08,
175,13-Oct-2020 - 00:00,14-Oct-2020 - 00:00,34.09,59.24,2.75,10.76,7.77,22.56,9.39,0.26,23.25,0.16,7.32,29.9,96.09,5.95,71.14,26.29,0.01,
176,14-Oct-2020 - 00:00,15-Oct-2020 - 00:00,8.61,16.5,1.42,14.09,8.32,26.81,7.99,0.28,27.64,0.13,2.17,30.84,91.24,2.72,184.82,70.56,0.09,
177,15-Oct-2020 - 00:00,16-Oct-2020 - 00:00,16.81,35.82,1.44,18.71,11.07,15.13,2.71,0.46,33.08,0.14,1.41,30.36,83.51,2.43,235.31,100.82,0.24,
178,16-Oct-2020 - 00:00,17-Oct-2020 - 00:00,24.15,61.3,1.63,20.73,12.24,17.13,12.3,0.35,36.4,0.23,3.75,29.89,77.02,2.39,246.6,114.27,0.24,
179,17-Oct-2020 - 00:00,18-Oct-2020 - 00:00,28.55,68.38,1.57,21.6,12.59,22.94,23.19,0.31,40.5,0.27,6.74,29.88,79.77,2.63,188.24,121.62,0.05,
180,18-Oct-2020 - 00:00,19-Oct-2020 - 00:00,28.97,56.92,3.11,25.76,16.04,39.54,27.62,0.45,31.41,0.42,8.76,30.12,83.53,1.71,117.24,99.32,0.27,
181,19-Oct-2020 - 00:00,20-Oct-2020 - 00:00,48.14,98.52,4.96,33.21,21.49,30.45,32.88,0.51,20.3,0.49,19.17,29.97,83.51,1.64,95.38,82.59,0.3,
182,20-Oct-2020 - 00:00,21-Oct-2020 - 00:00,51.21,83.57,5.48,30.7,20.61,29.13,14.92,0.7,26.7,0.22,7.07,30.37,87.74,1.48,175.57,57.02,0.48,
183,21-Oct-2020 - 00:00,22-Oct-2020 - 00:00,55.12,93.01,3.64,25.18,15.77,40.35,33.09,0.41,32.32,0.4,14.84,30.25,84.36,2.51,99.33,92.21,0.09,
184,22-Oct-2020 - 00:00,23-Oct-2020 - 00:00,77.38,155.75,2.86,27.12,16.59,29.94,34.69,0.44,48.79,0.51,16.69,30.12,75.45,2.18,59.79,106.2,0.09,
185,23-Oct-2020 - 00:00,24-Oct-2020 - 00:00,71.54,156.88,6.6,41.22,27.04,39.24,35.83,0.57,57.86,0.54,12.99,30.11,66.4,1.79,103.0,116.01,0.14,
186,24-Oct-2020 - 00:00,25-Oct-2020 - 00:00,70.06,155.35,5.3,43.32,26.93,36.5,30.17,0.69,57.45,0.64,14.51,29.99,64.35,1.51,166.3,113.43,0.38,
187,25-Oct-2020 - 00:00,26-Oct-2020 - 00:00,61.45,128.71,3.29,26.01,16.06,24.1,7.62,0.67,55.29,0.28,5.35,29.88,66.09,1.66,155.35,110.83,0.45,
188,26-Oct-2020 - 00:00,27-Oct-2020 - 00:00,59.8,122.06,1.63,19.39,11.47,27.21,18.66,0.44,60.09,0.28,11.14,29.97,63.57,2.52,91.56,108.35,0.13,
189,27-Oct-2020 - 00:00,28-Oct-2020 - 00:00,57.77,120.19,1.53,17.22,10.4,21.16,16.39,0.37,75.91,0.18,3.81,29.89,61.47,3.26,96.57,106.97,0.04,
190,28-Oct-2020 - 00:00,29-Oct-2020 - 00:00,64.75,128.28,2.53,25.18,15.45,17.77,14.99,0.39,64.23,0.17,4.06,30.14,58.56,2.43,83.84,118.82,0.06,
191,29-Oct-2020 - 00:00,30-Oct-2020 - 00:00,69.34,143.15,3.89,28.12,18.11,17.07,17.62,0.38,68.06,0.15,6.24,30.49,60.36,2.19,94.72,110.65,0.06,
192,30-Oct-2020 - 00:00,31-Oct-2020 - 00:00,74.74,148.32,1.68,19.74,11.87,18.29,30.01,0.33,69.3,0.12,1.35,30.3,63.62,2.98,72.92,99.25,0.01,
193,31-Oct-2020 - 00:00,01-Nov-2020 - 00:00,77.78,163.21,1.53,18.75,11.21,16.58,21.28,0.42,77.2,0.14,0.66,30.29,63.72,3.29,66.57,114.1,0.02,
194,01-Nov-2020 - 00:00,02-Nov-2020 - 00:00,70.22,153.17,1.32,21.08,12.29,15.56,13.04,0.42,87.72,0.19,3.57,30.11,57.47,2.97,41.96,119.28,0.04,
195,02-Nov-2020 - 00:00,03-Nov-2020 - 00:00,74.9,158.02,10.19,27.89,23.1,48.63,25.87,0.49,72.19,0.41,11.08,30.0,63.64,2.79,58.01,113.55,0.04,
196,03-Nov-2020 - 00:00,04-Nov-2020 - 00:00,79.6,163.15,1.79,18.26,11.16,26.55,15.85,0.46,86.89,0.19,3.47,30.37,62.58,3.74,44.03,108.99,0.02,
197,04-Nov-2020 - 00:00,05-Nov-2020 - 00:00,65.32,157.51,1.63,25.22,14.74,21.65,26.52,0.41,76.35,0.27,9.73,30.17,52.99,3.16,35.1,116.18,0.06,
198,05-Nov-2020 - 00:00,06-Nov-2020 - 00:00,54.18,136.51,1.43,21.73,12.71,16.37,13.28,0.28,78.97,0.14,1.11,30.66,48.97,3.11,40.48,120.15,0.02,
199,06-Nov-2020 - 00:00,07-Nov-2020 - 00:00,60.95,130.58,1.59,22.42,13.21,17.09,12.02,0.48,67.3,0.15,0.99,30.62,60.14,3.4,57.59,98.32,0.04,
200,07-Nov-2020 - 00:00,08-Nov-2020 - 00:00,76.63,148.77,1.75,19.37,11.72,20.41,14.92,0.48,62.12,0.15,1.46,30.56,71.1,3.15,68.02,128.67,0.0,
201,08-Nov-2020 - 00:00,09-Nov-2020 - 00:00,,,,,,,,,,,,,,,,,,
202,09-Nov-2020 - 00:00,10-Nov-2020 - 00:00,68.12,149.57,1.46,24.0,13.9,11.8,22.96,0.37,90.86,0.18,0.76,31.0,45.97,3.95,32.98,162.38,0.04,
203,10-Nov-2020 - 00:00,11-Nov-2020 - 00:00,73.79,152.84,2.58,26.52,16.2,12.25,20.16,0.41,79.36,0.18,0.39,30.71,52.17,4.09,34.9,118.99,0.01,
204,11-Nov-2020 - 00:00,12-Nov-2020 - 00:00,53.91,117.08,2.39,27.26,16.41,12.35,17.56,0.44,57.56,0.18,1.26,30.41,59.34,2.94,43.45,121.03,0.05,
205,12-Nov-2020 - 00:00,13-Nov-2020 - 00:00,28.96,77.65,3.13,22.93,14.74,16.92,7.62,0.4,24.69,0.17,5.15,30.11,77.74,2.56,64.95,64.2,0.11,
206,13-Nov-2020 - 00:00,14-Nov-2020 - 00:00,27.59,73.42,4.37,21.67,15.09,17.66,5.39,0.42,28.18,0.17,3.42,30.37,75.03,2.21,88.85,75.18,0.14,
207,14-Nov-2020 - 00:00,15-Nov-2020 - 00:00,42.55,99.92,2.03,25.06,14.95,17.25,9.89,0.39,38.95,0.2,4.72,30.48,67.18,2.0,109.64,115.92,0.12,
208,15-Nov-2020 - 00:00,16-Nov-2020 - 00:00,45.14,88.71,1.41,15.48,9.38,16.46,5.78,0.36,44.58,0.17,2.78,30.45,66.58,2.09,88.9,110.48,0.07,
209,16-Nov-2020 - 00:00,17-Nov-2020 - 00:00,37.41,79.64,1.59,16.19,9.91,15.68,3.85,0.34,39.46,0.14,2.03,30.37,68.08,2.75,82.25,106.26,0.07,
210,17-Nov-2020 - 00:00,18-Nov-2020 - 00:00,51.93,96.74,2.07,26.52,15.79,14.05,4.18,0.45,38.05,0.19,3.22,30.17,62.33,2.23,95.77,115.49,0.21,
211,18-Nov-2020 - 00:00,19-Nov-2020 - 00:00,33.6,73.15,1.78,23.16,13.77,14.98,3.39,0.43,34.29,0.15,1.3,30.19,70.84,2.02,128.27,100.21,0.21,
212,19-Nov-2020 - 00:00,20-Nov-2020 - 00:00,26.1,62.66,2.23,19.43,12.15,16.02,3.07,0.41,30.51,0.15,1.8,30.31,72.99,2.31,97.59,99.25,0.17,
213,20-Nov-2020 - 00:00,21-Nov-2020 - 00:00,30.15,77.51,3.53,29.05,18.33,15.86,6.51,0.45,32.77,0.22,2.36,30.64,64.74,1.78,133.11,106.74,0.28,
214,21-Nov-2020 - 00:00,22-Nov-2020 - 00:00,52.83,141.73,4.02,35.39,22.1,17.59,12.72,0.38,30.9,0.22,4.43,30.23,60.67,2.07,129.99,95.83,0.19,
215,22-Nov-2020 - 00:00,23-Nov-2020 - 00:00,57.94,103.67,1.95,22.82,13.73,16.91,9.27,0.34,39.46,0.15,3.05,30.39,67.25,2.28,39.58,87.9,0.06,
216,23-Nov-2020 - 00:00,24-Nov-2020 - 00:00,60.58,113.41,1.55,23.46,13.74,16.65,12.75,0.41,48.3,0.16,1.87,30.44,60.94,3.1,62.23,95.8,0.04,
217,24-Nov-2020 - 00:00,25-Nov-2020 - 00:00,59.19,113.46,1.88,30.35,17.67,13.38,23.77,0.32,40.36,0.15,0.8,30.64,55.05,3.71,44.05,96.83,0.02,
218,25-Nov-2020 - 00:00,26-Nov-2020 - 00:00,48.47,90.28,1.75,22.48,13.36,13.03,14.19,0.29,37.21,0.15,2.13,30.26,61.69,3.19,51.93,106.27,0.05,
219,26-Nov-2020 - 00:00,27-Nov-2020 - 00:00,33.45,64.69,250.61,12.23,207.22,10.27,5.07,0.39,30.13,0.13,0.9,30.71,75.88,4.08,50.03,52.8,0.02,
220,27-Nov-2020 - 00:00,28-Nov-2020 - 00:00,45.65,56.91,64.93,13.43,59.04,10.95,4.43,0.31,28.16,0.12,1.21,29.84,88.77,4.51,37.5,37.07,0.0,
221,28-Nov-2020 - 00:00,29-Nov-2020 - 00:00,33.16,60.58,2.29,18.46,11.68,12.89,5.51,0.47,25.11,0.12,1.31,29.6,84.83,3.51,84.14,78.67,0.05,
222,29-Nov-2020 - 00:00,30-Nov-2020 - 00:00,40.17,77.15,2.06,21.06,12.87,14.82,3.49,0.44,28.38,0.19,3.33,30.16,78.99,1.85,142.14,78.05,0.16,
223,30-Nov-2020 - 00:00,01-Dec-2020 - 00:00,62.29,122.32,3.47,36.55,22.25,15.3,5.92,0.54,35.03,0.29,5.31,29.79,67.96,1.33,123.69,85.94,0.33,
224,01-Dec-2020 - 00:00,02-Dec-2020 - 00:00,64.59,132.96,3.97,36.96,22.89,16.9,8.29,0.51,37.23,0.27,7.56,30.21,67.44,1.9,93.23,112.92,0.22,
225,02-Dec-2020 - 00:00,03-Dec-2020 - 00:00,63.46,132.53,12.29,26.94,23.94,22.75,15.29,0.44,45.96,0.33,7.45,30.04,62.12,2.65,40.79,113.82,0.05,
226,03-Dec-2020 - 00:00,04-Dec-2020 - 00:00,67.32,133.3,13.07,28.75,25.49,17.79,13.15,0.49,44.01,0.22,3.88,29.98,64.29,1.94,69.47,94.69,0.11,
227,04-Dec-2020 - 00:00,05-Dec-2020 - 00:00,62.44,122.41,2.17,28.41,16.89,16.56,12.75,0.42,38.08,0.19,3.21,29.98,62.79,2.2,64.8,90.94,0.08,
228,05-Dec-2020 - 00:00,06-Dec-2020 - 00:00,60.58,110.0,1.77,27.83,16.23,14.01,15.34,0.38,42.16,0.18,2.26,30.38,55.08,2.9,55.96,107.09,0.06,
229,06-Dec-2020 - 00:00,07-Dec-2020 - 00:00,51.43,103.28,1.56,26.44,15.34,12.37,11.11,0.39,40.44,0.19,2.39,30.78,54.26,2.4,65.86,114.62,0.1,
230,07-Dec-2020 - 00:00,08-Dec-2020 - 00:00,53.3,100.51,1.73,25.48,14.94,14.43,13.47,0.37,37.81,0.19,3.42,30.46,61.1,2.78,58.73,109.42,0.03,
231,08-Dec-2020 - 00:00,09-Dec-2020 - 00:00,56.44,118.84,5.22,40.36,25.72,15.36,9.66,0.63,32.97,0.3,8.64,30.72,55.53,2.13,92.57,114.66,0.53,
232,09-Dec-2020 - 00:00,10-Dec-2020 - 00:00,60.15,123.8,3.68,45.73,27.31,14.22,10.37,0.55,33.53,0.35,7.01,30.74,51.78,1.82,95.04,112.58,0.53,
233,10-Dec-2020 - 00:00,11-Dec-2020 - 00:00,63.47,131.22,6.74,44.03,28.78,16.42,8.1,0.56,36.56,0.33,6.74,30.53,54.24,1.93,99.55,111.33,0.49,
234,11-Dec-2020 - 00:00,12-Dec-2020 - 00:00,54.11,98.07,1.51,25.46,14.74,15.46,5.58,0.43,43.03,0.19,1.76,30.78,56.25,2.04,113.83,111.59,0.18,
235,12-Dec-2020 - 00:00,13-Dec-2020 - 00:00,70.47,120.81,1.9,27.56,16.2,16.6,6.86,0.45,42.63,0.22,2.51,30.57,64.12,2.0,121.01,105.82,0.18,
236,13-Dec-2020 - 00:00,14-Dec-2020 - 00:00,75.14,138.12,3.23,31.94,19.61,18.02,7.85,0.52,40.58,0.35,5.42,30.46,64.9,1.84,125.06,103.49,0.18,
237,14-Dec-2020 - 00:00,15-Dec-2020 - 00:00,65.12,108.36,1.56,24.6,14.31,15.29,6.73,0.4,40.33,0.2,1.98,30.78,60.86,2.24,99.46,107.17,0.12,
238,15-Dec-2020 - 00:00,16-Dec-2020 - 00:00,64.16,109.89,2.0,24.9,14.87,15.9,5.31,0.46,36.89,0.2,2.29,30.59,65.45,2.54,85.7,106.51,0.15,
239,16-Dec-2020 - 00:00,17-Dec-2020 - 00:00,72.94,137.82,2.0,27.76,16.33,17.05,5.73,0.58,33.8,0.26,3.66,30.36,71.96,2.07,94.39,99.08,0.19,
240,17-Dec-2020 - 00:00,18-Dec-2020 - 00:00,68.57,123.0,1.68,28.69,16.62,16.52,6.16,0.52,33.79,0.25,4.59,30.51,66.76,1.95,108.93,102.65,0.2,
241,18-Dec-2020 - 00:00,19-Dec-2020 - 00:00,75.11,144.92,1.73,29.24,16.95,17.08,9.78,0.56,32.86,0.23,4.95,30.2,66.49,2.1,71.72,95.41,0.11,
242,19-Dec-2020 - 00:00,20-Dec-2020 - 00:00,73.48,137.47,1.58,22.67,13.31,14.38,10.18,0.45,34.48,0.19,2.03,30.32,59.54,3.07,52.55,99.97,0.05,
243,20-Dec-2020 - 00:00,21-Dec-2020 - 00:00,67.67,114.67,1.74,21.08,12.57,12.19,14.31,0.39,35.5,0.15,0.36,30.38,56.33,3.93,32.7,107.55,0.01,
244,21-Dec-2020 - 00:00,22-Dec-2020 - 00:00,59.83,121.51,1.4,27.67,15.74,10.66,17.97,0.4,34.15,0.19,1.05,30.38,46.67,3.31,29.91,113.27,0.06,
245,22-Dec-2020 - 00:00,23-Dec-2020 - 00:00,63.09,123.98,1.79,33.83,19.44,11.08,19.77,0.38,33.11,0.26,2.87,30.86,46.24,2.13,61.98,112.08,0.12,
246,23-Dec-2020 - 00:00,24-Dec-2020 - 00:00,71.09,144.84,3.37,37.36,22.6,14.49,13.93,0.63,36.61,0.35,7.7,30.64,53.32,1.74,92.18,107.97,0.2,
247,24-Dec-2020 - 00:00,25-Dec-2020 - 00:00,77.96,148.9,2.94,35.78,21.43,16.24,8.86,0.55,36.38,0.35,6.49,30.54,62.71,1.84,81.45,103.72,0.23,
248,25-Dec-2020 - 00:00,26-Dec-2020 - 00:00,78.59,163.59,1.9,36.05,20.67,18.19,6.39,0.63,34.24,0.34,6.81,30.42,69.25,1.53,84.09,96.27,0.22,
249,26-Dec-2020 - 00:00,27-Dec-2020 - 00:00,77.65,162.2,2.64,37.85,22.19,19.18,7.05,0.68,32.76,0.33,7.51,30.33,67.06,1.32,94.18,97.11,0.22,
250,27-Dec-2020 - 00:00,28-Dec-2020 - 00:00,74.44,159.04,3.65,46.88,13.46,9.2,10.29,0.61,32.1,0.27,5.14,30.55,60.47,2.07,68.58,103.2,0.13,
251,28-Dec-2020 - 00:00,29-Dec-2020 - 00:00,80.05,162.65,1.35,35.65,11.26,19.3,10.27,0.65,32.89,0.38,6.01,30.68,58.58,1.76,98.34,96.85,0.26,
252,29-Dec-2020 - 00:00,30-Dec-2020 - 00:00,80.16,161.93,1.61,28.24,16.31,24.51,6.06,0.55,36.17,0.25,2.14,30.59,64.18,2.04,109.32,96.17,0.12,
253,30-Dec-2020 - 00:00,31-Dec-2020 - 00:00,80.39,159.71,1.55,22.73,13.34,24.0,5.45,0.54,37.84,0.2,1.7,30.2,69.06,2.34,93.4,94.46,0.1,
254,31-Dec-2020 - 00:00,01-Jan-2021 - 00:00,80.97,161.84,1.58,23.78,13.92,23.83,3.3,0.58,33.19,0.2,1.7,30.26,74.49,2.31,88.71,79.54,0.1,
255,01-Jan-2021 - 00:00,02-Jan-2021 - 00:00,79.29,163.92,1.43,22.26,12.96,22.7,3.34,0.63,33.52,0.2,1.7,30.14,73.75,2.0,114.54,88.17,0.1,
256,02-Jan-2021 - 00:00,03-Jan-2021 - 00:00,78.15,159.71,1.97,30.55,17.86,19.65,3.79,0.59,32.43,0.2,1.7,30.04,69.15,1.96,112.75,95.19,0.1,
257,03-Jan-2021 - 00:00,04-Jan-2021 - 00:00,78.27,167.64,1.55,32.03,18.27,19.37,2.67,0.64,31.02,0.2,1.7,30.01,71.55,2.02,111.54,88.25,0.1,
258,04-Jan-2021 - 00:00,05-Jan-2021 - 00:00,70.5,121.82,11.06,23.29,21.16,16.56,3.52,0.42,30.72,0.21,1.98,30.26,66.72,2.8,93.49,103.15,0.15,
259,05-Jan-2021 - 00:00,06-Jan-2021 - 00:00,53.6,87.51,1.64,20.38,12.17,17.82,2.74,0.41,28.49,0.17,1.47,30.27,71.48,2.29,114.22,97.8,0.07,
260,06-Jan-2021 - 00:00,07-Jan-2021 - 00:00,58.54,90.11,1.88,22.53,13.51,20.95,3.41,0.5,22.01,0.21,1.92,30.36,79.36,1.71,119.92,39.78,0.15,
261,07-Jan-2021 - 00:00,08-Jan-2021 - 00:00,62.3,96.66,4.02,34.3,21.48,21.39,5.9,0.53,21.76,0.28,3.69,30.24,74.66,1.9,132.92,60.56,0.18,
262,08-Jan-2021 - 00:00,09-Jan-2021 - 00:00,59.56,111.22,1.84,21.94,13.16,21.69,2.38,0.47,24.67,0.19,2.13,30.26,72.97,2.21,118.42,84.18,0.09,
263,09-Jan-2021 - 00:00,10-Jan-2021 - 00:00,38.64,75.33,14.79,33.25,29.71,20.2,3.82,0.38,19.1,0.13,1.7,30.67,68.85,2.46,124.2,109.2,0.07,
264,10-Jan-2021 - 00:00,11-Jan-2021 - 00:00,52.65,95.79,20.87,37.73,37.04,19.33,5.09,0.42,20.76,0.2,2.26,30.55,62.45,2.08,115.38,106.75,0.11,
265,11-Jan-2021 - 00:00,12-Jan-2021 - 00:00,68.27,143.97,3.34,48.57,28.47,24.21,11.59,0.66,23.52,0.49,7.96,30.83,57.65,1.36,98.68,67.9,0.29,
266,12-Jan-2021 - 00:00,13-Jan-2021 - 00:00,63.43,147.98,9.7,52.01,35.54,35.58,11.36,0.9,21.95,0.51,16.87,30.15,62.93,1.96,71.06,92.67,0.62,
267,13-Jan-2021 - 00:00,14-Jan-2021 - 00:00,72.43,141.55,2.71,44.15,25.69,28.52,5.53,0.62,24.28,0.35,4.76,29.98,60.38,1.96,120.08,94.61,0.35,
268,14-Jan-2021 - 00:00,15-Jan-2021 - 00:00,67.95,106.58,1.63,20.03,11.98,23.39,2.91,0.42,23.39,0.21,1.73,30.0,61.59,2.08,104.76,108.21,0.13,
269,15-Jan-2021 - 00:00,16-Jan-2021 - 00:00,79.28,135.95,1.81,26.26,15.41,26.53,4.39,0.57,23.1,0.28,6.02,29.97,65.95,1.41,100.17,97.17,0.17,
270,16-Jan-2021 - 00:00,17-Jan-2021 - 00:00,76.72,117.02,1.59,23.95,14.04,23.55,2.6,0.5,22.66,0.21,2.17,29.96,64.57,1.81,105.06,95.74,0.16,
271,17-Jan-2021 - 00:00,18-Jan-2021 - 00:00,66.61,108.86,1.99,23.93,14.29,21.37,2.55,0.36,21.32,0.18,1.88,30.0,62.31,2.03,96.99,103.03,0.13,
272,18-Jan-2021 - 00:00,19-Jan-2021 - 00:00,54.41,92.38,1.74,21.79,13.0,21.16,3.07,0.45,20.09,0.16,1.26,30.06,66.48,2.02,117.84,101.17,0.1,
273,19-Jan-2021 - 00:00,20-Jan-2021 - 00:00,60.65,115.5,2.19,31.41,18.49,20.19,3.33,0.51,18.99,0.21,2.19,30.36,60.42,2.0,139.95,107.64,0.22,
274,20-Jan-2021 - 00:00,21-Jan-2021 - 00:00,61.08,117.25,4.62,39.78,24.9,18.52,4.26,0.52,18.82,0.22,1.97,30.47,53.79,1.8,142.88,108.52,0.24,
275,21-Jan-2021 - 00:00,22-Jan-2021 - 00:00,62.85,140.7,4.81,41.42,25.94,20.65,6.15,0.47,17.63,0.31,4.04,30.24,55.24,2.01,132.61,104.02,0.28,
276,22-Jan-2021 - 00:00,23-Jan-2021 - 00:00,67.52,134.89,1.86,31.21,18.09,23.33,5.2,0.52,19.03,0.24,4.07,30.14,60.98,1.88,107.54,100.88,0.15,
277,23-Jan-2021 - 00:00,24-Jan-2021 - 00:00,73.88,137.19,2.15,30.86,18.15,24.86,2.92,0.55,19.89,0.21,2.41,30.14,63.57,1.72,102.99,100.79,0.18,
278,24-Jan-2021 - 00:00,25-Jan-2021 - 00:00,60.12,116.53,1.55,18.36,11.02,24.32,3.24,0.47,21.22,0.16,1.27,30.23,56.11,2.12,117.61,138.75,0.07,
279,25-Jan-2021 - 00:00,26-Jan-2021 - 00:00,58.01,107.39,1.89,22.16,13.31,23.17,3.63,0.46,19.56,0.15,1.4,30.64,57.43,2.22,152.65,107.76,0.07,
280,26-Jan-2021 - 00:00,27-Jan-2021 - 00:00,52.74,103.29,1.82,22.2,13.27,21.22,4.01,0.38,18.55,0.13,0.95,30.73,56.85,2.42,142.51,107.93,0.04,
281,27-Jan-2021 - 00:00,28-Jan-2021 - 00:00,62.61,109.95,1.96,22.35,13.46,21.1,2.24,0.41,18.67,0.14,0.97,30.59,61.4,2.27,120.98,100.55,0.06,
282,28-Jan-2021 - 00:00,29-Jan-2021 - 00:00,67.05,115.31,2.2,21.7,13.26,23.47,2.79,0.42,16.61,0.13,0.97,30.52,65.05,2.7,133.18,96.12,0.04,
283,29-Jan-2021 - 00:00,30-Jan-2021 - 00:00,61.29,106.74,1.84,23.65,14.06,20.75,2.21,0.43,15.34,0.16,1.13,30.74,62.33,2.26,145.47,97.57,0.08,
284,30-Jan-2021 - 00:00,31-Jan-2021 - 00:00,66.8,129.4,3.33,32.89,20.18,20.74,2.58,0.52,15.85,0.23,2.86,30.92,62.07,1.61,119.58,84.08,0.12,
285,31-Jan-2021 - 00:00,01-Feb-2021 - 00:00,75.01,136.94,1.59,24.41,14.26,21.61,2.61,0.48,15.51,0.17,3.68,30.66,67.78,2.14,86.86,91.71,0.06,
286,01-Feb-2021 - 00:00,02-Feb-2021 - 00:00,74.66,137.64,1.75,25.32,14.86,22.27,2.95,0.48,14.4,0.18,1.8,30.58,67.5,2.36,82.45,79.52,0.05,
287,02-Feb-2021 - 00:00,03-Feb-2021 - 00:00,59.4,132.36,2.5,34.35,20.28,19.0,5.66,0.47,13.05,0.19,3.2,30.49,56.27,2.51,71.6,111.5,0.12,
288,03-Feb-2021 - 00:00,04-Feb-2021 - 00:00,62.09,140.19,7.68,48.87,32.22,21.93,7.37,0.58,11.96,0.44,10.96,30.62,51.92,2.27,69.0,116.08,0.31,
289,04-Feb-2021 - 00:00,05-Feb-2021 - 00:00,60.28,135.1,5.06,47.22,29.23,22.05,7.32,0.51,12.34,0.32,6.23,30.71,52.14,1.91,86.85,115.21,0.22,
290,05-Feb-2021 - 00:00,06-Feb-2021 - 00:00,52.95,114.03,3.06,31.76,19.31,18.6,4.66,0.42,12.97,0.2,3.3,30.7,49.71,2.09,106.14,111.73,0.12,
291,06-Feb-2021 - 00:00,07-Feb-2021 - 00:00,49.86,116.52,1.59,29.15,16.79,18.53,7.07,0.46,12.53,0.15,1.12,30.52,51.44,2.43,70.57,111.69,0.06,
292,07-Feb-2021 - 00:00,08-Feb-2021 - 00:00,72.03,149.83,1.69,30.13,17.36,23.48,12.46,0.49,13.56,0.1,0.3,30.59,56.81,2.85,46.81,109.4,0.0,
293,08-Feb-2021 - 00:00,09-Feb-2021 - 00:00,55.08,160.95,1.5,28.88,14.93,17.75,23.45,0.48,12.1,0.1,0.3,31.01,47.72,3.22,40.99,120.73,0.0,
294,09-Feb-2021 - 00:00,10-Feb-2021 - 00:00,65.28,140.69,1.82,36.3,22.75,23.36,10.38,0.56,12.8,0.1,0.3,31.19,47.5,1.63,79.94,114.38,0.0,
295,10-Feb-2021 - 00:00,11-Feb-2021 - 00:00,71.79,153.04,6.06,46.17,29.41,25.79,11.01,0.61,11.77,0.1,0.3,31.04,51.29,1.6,102.45,110.18,0.0,
296,11-Feb-2021 - 00:00,12-Feb-2021 - 00:00,59.34,122.04,2.44,33.62,19.8,23.18,5.01,0.49,10.81,0.1,0.3,30.86,53.06,2.14,93.69,115.28,0.0,
297,12-Feb-2021 - 00:00,13-Feb-2021 - 00:00,51.96,112.44,1.97,33.05,19.17,19.5,5.12,0.38,10.04,0.1,0.3,31.01,52.64,2.26,91.18,115.32,0.0,
298,13-Feb-2021 - 00:00,14-Feb-2021 - 00:00,59.73,119.73,2.04,33.69,19.58,19.08,6.48,0.47,9.51,0.1,0.3,30.84,54.35,2.07,89.32,117.79,0.0,
299,14-Feb-2021 - 00:00,15-Feb-2021 - 00:00,52.12,108.94,2.1,31.38,18.28,18.01,5.09,0.39,9.0,0.1,0.3,31.25,51.88,2.14,84.56,117.1,0.0,
300,15-Feb-2021 - 00:00,16-Feb-2021 - 00:00,54.35,129.49,2.2,33.55,19.57,15.98,4.15,0.44,8.8,0.1,0.3,30.98,49.22,2.5,119.46,108.74,0.0,
301,16-Feb-2021 - 00:00,17-Feb-2021 - 00:00,59.06,127.81,2.05,33.57,19.46,15.48,4.13,0.29,7.7,0.1,0.3,31.07,48.75,3.05,103.23,108.71,0.0,
302,17-Feb-2021 - 00:00,18-Feb-2021 - 00:00,54.38,120.35,1.51,24.68,14.23,15.36,3.57,0.22,9.32,0.1,0.3,31.35,49.81,2.64,59.67,106.3,0.0,
303,18-Feb-2021 - 00:00,19-Feb-2021 - 00:00,55.67,123.58,1.51,20.44,12.08,15.14,4.02,0.38,10.04,0.1,1.11,31.24,40.9,3.41,139.4,103.98,0.04,
304,19-Feb-2021 - 00:00,20-Feb-2021 - 00:00,55.17,89.5,1.52,19.66,11.61,22.35,3.13,0.36,9.17,0.13,1.1,29.22,45.47,2.85,201.05,47.88,0.01,
305,20-Feb-2021 - 00:00,21-Feb-2021 - 00:00,59.52,99.54,1.62,25.25,14.75,22.77,6.61,0.47,8.97,0.19,2.03,28.96,65.74,2.6,73.45,102.27,0.06,
306,21-Feb-2021 - 00:00,22-Feb-2021 - 00:00,40.12,68.96,1.59,18.02,10.88,20.58,2.79,0.33,8.83,0.16,1.11,29.28,64.72,2.24,89.78,117.82,0.03,
307,22-Feb-2021 - 00:00,23-Feb-2021 - 00:00,61.83,130.88,5.82,39.83,25.9,22.0,5.35,0.6,8.74,0.29,5.65,29.14,60.75,1.67,99.25,108.86,0.18,
308,23-Feb-2021 - 00:00,24-Feb-2021 - 00:00,64.84,140.86,9.57,51.61,35.03,30.65,10.36,0.54,9.31,0.54,7.65,30.47,54.27,1.63,108.48,126.31,0.26,
309,24-Feb-2021 - 00:00,25-Feb-2021 - 00:00,61.31,129.57,5.61,46.02,28.55,21.2,8.29,0.53,10.99,0.36,5.41,31.53,45.36,1.77,88.49,143.41,0.31,
310,25-Feb-2021 - 00:00,26-Feb-2021 - 00:00,61.24,140.41,5.96,51.43,32.1,16.78,9.01,0.69,7.97,0.32,5.9,29.29,46.34,1.74,105.84,130.57,0.44,
311,26-Feb-2021 - 00:00,27-Feb-2021 - 00:00,65.79,145.42,3.23,49.39,28.89,24.0,15.87,0.59,8.0,0.39,6.05,29.73,44.14,1.99,102.51,125.16,0.27,
312,27-Feb-2021 - 00:00,28-Feb-2021 - 00:00,63.41,150.07,5.37,49.2,30.53,42.45,34.86,0.67,7.3,0.68,16.48,30.2,42.91,2.1,58.09,130.25,0.36,
313,28-Feb-2021 - 00:00,01-Mar-2021 - 00:00,61.72,144.94,11.08,58.14,39.89,40.15,20.08,0.84,6.15,0.66,11.8,30.22,43.57,1.63,94.94,106.99,0.54,
314,01-Mar-2021 - 00:00,02-Mar-2021 - 00:00,62.72,134.01,2.99,39.25,23.31,32.6,14.93,0.53,5.99,0.44,4.37,30.42,46.78,2.11,91.12,99.18,0.29,
315,02-Mar-2021 - 00:00,03-Mar-2021 - 00:00,56.02,127.38,10.7,42.39,31.0,30.15,7.84,0.43,7.91,0.26,3.91,30.61,49.09,1.8,97.97,123.02,0.19,
316,03-Mar-2021 - 00:00,04-Mar-2021 - 00:00,60.62,142.0,5.01,38.93,24.75,26.34,10.22,0.74,4.14,0.32,5.59,28.42,49.31,2.31,53.3,140.41,0.29,
317,04-Mar-2021 - 00:00,05-Mar-2021 - 00:00,61.49,136.79,6.33,43.04,27.94,21.91,10.44,0.62,0.73,0.35,6.54,28.08,44.66,1.72,51.3,140.53,0.33,
318,05-Mar-2021 - 00:00,06-Mar-2021 - 00:00,55.28,123.76,2.09,39.49,22.66,21.09,9.64,0.46,0.76,0.24,3.55,28.69,41.74,1.83,80.08,139.47,0.21,
319,06-Mar-2021 - 00:00,07-Mar-2021 - 00:00,58.29,134.18,2.37,42.3,24.42,19.21,14.15,0.55,0.88,0.25,2.74,29.0,41.64,2.31,71.41,138.12,0.3,
320,07-Mar-2021 - 00:00,08-Mar-2021 - 00:00,62.71,132.52,2.71,43.54,25.3,18.08,6.34,0.49,0.79,0.28,2.48,28.47,43.43,1.77,52.99,136.51,0.35,
321,08-Mar-2021 - 00:00,09-Mar-2021 - 00:00,56.82,124.55,2.45,31.86,18.89,19.93,6.22,0.45,0.78,0.2,1.95,28.39,49.81,2.24,50.21,139.02,0.13,
322,09-Mar-2021 - 00:00,10-Mar-2021 - 00:00,52.64,107.23,2.19,25.0,15.04,22.18,4.6,0.45,0.67,0.14,1.57,28.51,54.03,2.24,69.94,135.58,0.1,
323,10-Mar-2021 - 00:00,11-Mar-2021 - 00:00,52.23,103.7,3.68,30.1,18.96,25.06,4.32,0.59,0.79,0.17,3.18,28.37,55.19,1.9,58.25,139.57,0.16,
324,11-Mar-2021 - 00:00,12-Mar-2021 - 00:00,32.64,79.1,2.88,26.87,16.64,20.95,6.23,0.42,0.77,0.17,2.75,28.28,50.99,2.13,51.35,151.25,0.13,
325,12-Mar-2021 - 00:00,13-Mar-2021 - 00:00,29.29,71.61,1.96,20.48,12.47,21.29,3.24,0.39,0.75,0.12,1.14,28.47,52.58,2.52,49.91,150.38,0.08,
326,13-Mar-2021 - 00:00,14-Mar-2021 - 00:00,32.16,86.49,2.33,29.34,17.47,16.58,4.97,0.42,0.79,0.15,3.96,28.42,44.27,2.27,27.27,161.85,0.26,
327,14-Mar-2021 - 00:00,15-Mar-2021 - 00:00,39.34,89.52,3.56,35.57,21.79,16.09,5.41,0.47,0.73,0.25,2.96,28.46,45.55,2.08,17.49,166.54,0.22,
328,15-Mar-2021 - 00:00,16-Mar-2021 - 00:00,57.02,123.78,4.19,41.68,25.56,18.48,7.01,0.71,0.83,0.29,4.84,28.47,43.81,1.54,48.46,137.65,0.22,
329,16-Mar-2021 - 00:00,17-Mar-2021 - 00:00,57.28,116.15,3.18,35.63,21.51,19.3,4.95,0.56,0.85,0.25,2.73,28.83,46.67,2.12,53.86,127.02,0.19,
330,17-Mar-2021 - 00:00,18-Mar-2021 - 00:00,71.45,135.96,2.88,33.42,20.12,22.53,6.17,0.57,0.8,0.25,3.6,28.36,51.57,1.93,77.36,125.65,0.12,
331,18-Mar-2021 - 00:00,19-Mar-2021 - 00:00,61.27,121.51,1.77,24.62,14.49,21.75,4.53,0.46,0.78,0.16,1.66,28.39,54.64,2.46,70.08,127.81,0.1,
332,19-Mar-2021 - 00:00,20-Mar-2021 - 00:00,59.78,118.47,2.27,27.29,16.28,20.04,6.34,0.36,0.75,0.18,2.96,29.28,47.39,2.09,35.52,127.06,0.11,
333,20-Mar-2021 - 00:00,21-Mar-2021 - 00:00,49.44,98.91,1.54,21.63,12.73,18.03,5.79,0.45,0.71,0.13,1.71,27.91,54.59,2.66,30.94,138.35,0.09,
334,21-Mar-2021 - 00:00,22-Mar-2021 - 00:00,55.39,110.74,1.56,20.88,12.3,17.08,7.5,0.44,0.73,0.17,2.2,28.02,50.68,2.63,32.52,136.49,0.08,
335,22-Mar-2021 - 00:00,23-Mar-2021 - 00:00,80.18,160.34,2.75,36.39,21.49,22.59,15.17,0.75,0.71,0.32,6.71,28.23,51.1,1.68,41.12,108.24,0.12,
336,23-Mar-2021 - 00:00,24-Mar-2021 - 00:00,69.4,145.26,1.49,19.36,11.47,18.69,13.73,0.46,0.65,0.16,2.07,28.18,52.77,3.65,23.61,130.93,0.02,
337,24-Mar-2021 - 00:00,25-Mar-2021 - 00:00,64.86,125.42,1.63,25.63,14.85,18.14,13.19,0.61,0.73,0.17,1.33,28.55,47.83,3.22,32.12,120.23,0.03,
338,25-Mar-2021 - 00:00,26-Mar-2021 - 00:00,72.38,146.94,2.35,41.02,23.71,17.78,15.94,0.55,0.73,0.33,3.64,28.83,44.67,2.31,34.59,126.97,0.14,
339,26-Mar-2021 - 00:00,27-Mar-2021 - 00:00,74.19,153.99,3.34,35.98,21.8,23.05,13.04,0.68,1.19,0.32,13.54,28.86,49.23,1.69,37.53,113.83,0.22,
340,27-Mar-2021 - 00:00,28-Mar-2021 - 00:00,78.46,166.8,2.84,40.76,23.9,25.42,15.72,0.77,0.67,0.45,12.07,29.11,45.25,1.92,34.85,128.96,0.26,
341,28-Mar-2021 - 00:00,29-Mar-2021 - 00:00,69.9,158.92,1.79,34.39,19.66,29.82,13.69,0.51,0.69,0.36,5.97,29.11,44.22,2.14,59.7,134.07,0.52,
342,29-Mar-2021 - 00:00,30-Mar-2021 - 00:00,70.16,152.32,1.52,24.07,14.01,22.1,9.33,0.54,0.58,0.16,1.2,29.03,45.54,2.36,55.36,132.94,0.11,
343,30-Mar-2021 - 00:00,31-Mar-2021 - 00:00,71.92,160.21,1.76,30.75,17.74,27.19,22.35,0.52,0.92,0.48,7.29,29.09,42.96,3.32,53.4,129.1,0.06,
344,31-Mar-2021 - 00:00,01-Apr-2021 - 00:00,58.06,157.56,3.47,39.46,23.72,49.47,46.11,0.7,0.82,0.77,15.84,29.0,35.49,3.14,29.11,147.64,0.19,
345,01-Apr-2021 - 00:00,02-Apr-2021 - 00:00,65.95,174.4,6.04,41.87,27.12,75.22,36.8,0.52,1.1,0.84,11.83,29.28,36.97,3.29,30.88,147.14,0.16,
346,02-Apr-2021 - 00:00,03-Apr-2021 - 00:00,67.41,177.63,7.41,40.65,27.62,45.35,31.65,0.7,1.0,0.64,10.12,28.92,39.27,3.27,28.5,142.68,0.33,
347,03-Apr-2021 - 00:00,04-Apr-2021 - 00:00,68.38,169.76,3.12,38.05,22.68,49.61,31.37,0.57,1.79,0.64,11.23,29.46,37.35,1.9,49.53,136.01,0.27,
348,04-Apr-2021 - 00:00,05-Apr-2021 - 00:00,69.87,165.01,1.72,26.17,14.62,49.31,11.03,0.59,1.01,0.21,2.91,28.77,48.9,2.07,44.5,126.32,0.17,
349,05-Apr-2021 - 00:00,06-Apr-2021 - 00:00,61.81,157.33,3.43,25.29,16.22,49.57,11.85,0.58,0.69,0.27,5.2,28.78,58.55,1.9,64.4,126.74,0.16,
350,06-Apr-2021 - 00:00,07-Apr-2021 - 00:00,60.67,136.74,6.86,20.04,16.16,37.51,4.72,0.58,0.75,0.15,1.25,30.28,56.94,1.91,78.89,117.71,0.09,
351,07-Apr-2021 - 00:00,08-Apr-2021 - 00:00,52.77,129.24,1.91,21.11,12.76,29.71,4.52,0.47,0.66,0.15,1.38,30.94,52.04,1.95,90.7,123.78,0.12,
352,08-Apr-2021 - 00:00,09-Apr-2021 - 00:00,58.03,153.92,2.11,30.78,18.05,24.67,10.8,0.58,0.61,0.22,3.75,30.18,48.19,2.34,81.7,76.27,0.19,
353,09-Apr-2021 - 00:00,10-Apr-2021 - 00:00,57.08,134.46,3.69,28.95,18.36,24.42,6.18,0.4,0.74,0.17,3.01,29.53,53.26,2.14,88.9,109.74,0.15,
354,10-Apr-2021 - 00:00,11-Apr-2021 - 00:00,38.52,104.98,1.75,17.39,10.62,23.69,2.82,0.35,0.86,0.1,0.92,28.87,54.68,2.22,76.32,125.41,0.06,
355,11-Apr-2021 - 00:00,12-Apr-2021 - 00:00,23.93,58.49,1.62,12.65,7.99,22.51,2.36,0.38,0.67,0.1,0.79,28.53,59.45,2.29,60.58,133.8,0.03,
356,12-Apr-2021 - 00:00,13-Apr-2021 - 00:00,44.14,109.44,2.26,24.7,14.94,22.06,3.4,0.43,0.7,0.23,3.29,28.45,57.43,1.85,61.03,95.0,0.12,
357,13-Apr-2021 - 00:00,14-Apr-2021 - 00:00,38.95,83.41,1.66,14.87,9.18,22.85,4.48,0.35,0.63,0.18,2.31,28.78,59.32,2.37,82.98,119.4,0.02,
358,14-Apr-2021 - 00:00,15-Apr-2021 - 00:00,26.73,60.22,1.64,23.82,13.79,26.36,5.5,0.38,1.14,0.14,2.85,29.74,65.0,2.83,89.25,107.23,0.06,
359,15-Apr-2021 - 00:00,16-Apr-2021 - 00:00,34.68,83.03,1.46,23.98,13.8,21.48,5.83,0.43,0.83,0.15,2.24,28.58,58.05,2.63,87.14,147.04,0.09,
360,16-Apr-2021 - 00:00,17-Apr-2021 - 00:00,42.53,109.48,1.46,29.18,16.54,21.97,8.54,0.48,0.87,0.17,2.64,28.76,52.46,2.43,94.74,147.58,0.18,
361,17-Apr-2021 - 00:00,18-Apr-2021 - 00:00,44.22,100.2,1.37,23.95,13.68,21.34,4.17,0.45,0.74,0.14,1.97,28.94,53.41,2.15,89.92,141.74,0.12,
362,18-Apr-2021 - 00:00,19-Apr-2021 - 00:00,55.15,122.99,1.42,32.4,18.03,20.71,4.58,0.52,0.76,0.16,1.7,28.9,50.05,1.86,114.19,124.98,0.26,
363,19-Apr-2021 - 00:00,20-Apr-2021 - 00:00,54.83,136.08,1.65,35.01,19.72,20.67,11.7,0.37,0.75,0.18,1.54,28.6,50.21,2.75,124.22,113.42,0.19,
364,20-Apr-2021 - 00:00,21-Apr-2021 - 00:00,58.49,130.97,1.33,30.7,17.19,20.22,10.21,0.29,0.8,0.2,3.6,29.05,50.31,2.17,83.64,122.39,0.19,
365,21-Apr-2021 - 00:00,22-Apr-2021 - 00:00,48.86,106.53,1.49,20.84,12.1,22.86,6.69,0.44,0.71,0.15,1.9,28.85,56.6,2.08,109.51,130.22,0.1,
