,From Date,To Date,PM2.5 (ug/m3),NO (ug/m3),NO2 (ug/m3),NOx (ppb),SO2 (ug/m3),CO (mg/m3),Ozone (ug/m3),Benzene (ug/m3),Toluene (ug/m3),Temp (degree C),RH (%),WS (m/s),WD (deg),SR (W/mt2),Xylene (ug/m3),RF (mm)
0,21-Apr-2020 - 00:00,22-Apr-2020 - 00:00,52.09,14.15,48.97,37.51,34.24,0.45,16.03,2.51,2.82,28.09,46.11,1.43,195.46,221.12,0.58,0.0
1,22-Apr-2020 - 00:00,23-Apr-2020 - 00:00,60.32,14.12,45.39,35.57,33.48,0.51,31.13,2.75,3.26,28.04,38.04,1.59,195.35,231.89,0.6,0.0
2,23-Apr-2020 - 00:00,24-Apr-2020 - 00:00,61.85,10.63,45.41,32.8,22.51,0.49,33.41,2.81,2.69,27.91,37.28,2.65,222.69,197.03,0.59,0.0
3,24-Apr-2020 - 00:00,25-Apr-2020 - 00:00,63.8,11.8,42.64,32.22,29.72,0.39,41.58,2.41,2.24,27.86,36.83,1.74,239.28,226.71,0.57,0.0
4,25-Apr-2020 - 00:00,26-Apr-2020 - 00:00,39.57,11.92,44.39,33.3,25.49,0.44,37.57,2.21,2.53,28.04,43.21,2.02,152.71,175.34,0.49,0.15
5,26-Apr-2020 - 00:00,27-Apr-2020 - 00:00,45.32,15.09,40.23,33.65,29.05,0.47,27.34,2.66,2.3,27.99,59.57,2.81,177.86,163.46,0.58,0.1
6,27-Apr-2020 - 00:00,28-Apr-2020 - 00:00,38.07,18.62,36.66,34.28,22.12,0.35,13.99,2.01,1.47,27.95,65.24,3.45,139.56,239.47,0.37,0.0
7,28-Apr-2020 - 00:00,29-Apr-2020 - 00:00,46.66,9.57,34.14,25.71,19.66,0.45,16.2,1.97,1.55,28.16,58.39,2.37,154.85,216.62,0.31,0.0
8,29-Apr-2020 - 00:00,30-Apr-2020 - 00:00,57.29,8.66,31.56,23.64,25.28,0.52,35.91,2.25,1.9,27.74,48.19,1.92,162.53,231.27,0.48,0.0
9,30-Apr-2020 - 00:00,01-May-2020 - 00:00,48.55,12.71,30.8,26.44,22.97,0.48,42.29,2.69,2.4,27.71,47.01,2.05,200.43,216.12,0.63,0.08
10,01-May-2020 - 00:00,02-May-2020 - 00:00,52.64,10.43,29.68,24.04,24.76,0.61,33.08,2.45,2.73,27.6,51.47,2.54,154.73,227.92,0.55,0.0
11,02-May-2020 - 00:00,03-May-2020 - 00:00,29.36,9.8,26.1,21.84,32.43,0.51,51.57,2.1,1.63,27.55,50.21,3.98,154.2,234.44,0.37,0.0
12,03-May-2020 - 00:00,04-May-2020 - 00:00,39.05,10.71,28.14,23.68,48.46,0.52,24.97,2.08,1.57,27.3,62.18,3.35,153.58,134.61,0.38,0.05
13,04-May-2020 - 00:00,05-May-2020 - 00:00,22.92,17.04,30.68,30.12,25.41,0.54,21.07,2.45,2.81,27.91,60.64,1.39,155.09,232.84,0.46,0.02
14,05-May-2020 - 00:00,06-May-2020 - 00:00,39.61,11.68,32.91,26.74,31.17,0.55,25.53,2.58,3.3,27.88,49.73,2.54,239.79,231.51,0.47,0.0
15,06-May-2020 - 00:00,07-May-2020 - 00:00,40.76,16.45,31.94,30.34,28.74,0.44,41.05,2.42,2.49,27.78,46.34,2.32,181.02,190.11,0.48,0.0
16,07-May-2020 - 00:00,08-May-2020 - 00:00,33.22,9.65,29.91,23.49,32.17,0.45,47.85,2.03,2.29,27.62,41.46,2.02,215.8,253.35,0.47,0.0
17,08-May-2020 - 00:00,09-May-2020 - 00:00,38.0,10.33,29.46,23.46,28.81,0.57,48.98,2.34,2.31,27.72,42.35,2.67,182.08,247.47,0.56,0.0
18,09-May-2020 - 00:00,10-May-2020 - 00:00,56.08,7.87,22.98,18.51,24.01,0.48,97.65,2.01,1.8,27.32,41.17,3.23,156.95,239.32,0.3,0.0
19,10-May-2020 - 00:00,11-May-2020 - 00:00,51.63,10.69,26.06,21.69,31.43,0.43,59.19,1.87,1.51,27.53,50.27,3.5,168.08,195.96,0.2,0.0
20,11-May-2020 - 00:00,12-May-2020 - 00:00,37.65,12.81,27.92,25.01,34.33,0.41,54.97,1.59,1.42,27.65,52.35,1.97,182.92,195.54,0.16,0.0
21,12-May-2020 - 00:00,13-May-2020 - 00:00,35.6,9.41,28.8,22.93,19.1,0.49,58.01,1.57,1.49,27.76,41.84,1.89,198.79,249.89,0.14,0.0
22,13-May-2020 - 00:00,14-May-2020 - 00:00,54.74,9.98,30.16,24.13,44.77,0.49,36.98,1.6,2.03,27.7,52.88,1.74,181.52,115.04,0.16,0.0
23,14-May-2020 - 00:00,15-May-2020 - 00:00,45.31,13.48,26.28,24.64,25.06,0.68,45.43,1.8,2.33,27.77,45.47,1.72,166.9,246.55,0.16,0.0
24,15-May-2020 - 00:00,16-May-2020 - 00:00,47.43,8.48,29.34,21.8,26.7,0.52,47.21,2.01,2.23,28.01,39.73,3.07,241.96,241.91,0.15,0.0
25,16-May-2020 - 00:00,17-May-2020 - 00:00,49.17,8.76,32.45,23.97,32.42,0.62,56.73,1.98,2.09,28.06,33.6,2.43,204.17,244.69,0.13,0.0
26,17-May-2020 - 00:00,18-May-2020 - 00:00,65.65,9.7,31.89,23.69,35.35,0.62,91.75,1.99,2.14,27.78,31.03,1.35,272.47,230.69,0.15,0.0
27,18-May-2020 - 00:00,19-May-2020 - 00:00,64.78,10.46,30.91,23.49,17.86,0.55,60.85,1.93,2.28,27.92,31.36,2.06,252.28,250.74,0.13,0.0
28,19-May-2020 - 00:00,20-May-2020 - 00:00,66.85,8.78,31.04,22.56,38.01,0.52,70.37,2.13,2.49,28.0,28.57,2.37,227.2,253.79,0.15,0.0
29,20-May-2020 - 00:00,21-May-2020 - 00:00,51.65,7.94,38.03,25.97,23.85,0.6,73.52,1.98,2.17,28.15,30.29,2.64,221.52,260.41,0.17,0.0
30,21-May-2020 - 00:00,22-May-2020 - 00:00,64.5,7.72,36.42,24.78,33.46,0.59,63.91,1.96,2.3,28.14,28.23,3.21,216.72,277.34,0.14,0.0
31,22-May-2020 - 00:00,23-May-2020 - 00:00,72.48,8.95,32.61,23.41,23.97,0.67,84.91,1.89,2.16,28.01,27.76,1.92,206.53,270.21,0.15,0.0
32,23-May-2020 - 00:00,24-May-2020 - 00:00,85.57,7.46,29.54,21.05,13.49,0.6,69.35,1.99,2.23,27.96,28.67,2.36,163.94,242.53,0.17,0.0
33,24-May-2020 - 00:00,25-May-2020 - 00:00,68.51,7.1,27.85,20.36,28.34,0.39,54.11,1.87,1.79,27.98,28.33,2.58,203.03,255.68,0.17,0.0
34,25-May-2020 - 00:00,26-May-2020 - 00:00,57.32,9.24,32.91,23.34,30.59,0.54,53.62,1.91,1.95,28.01,28.41,2.72,192.19,261.78,0.15,0.0
35,26-May-2020 - 00:00,27-May-2020 - 00:00,58.0,9.45,26.48,20.61,30.74,0.47,62.88,1.94,1.91,27.84,28.68,2.65,194.58,208.0,0.16,0.0
36,27-May-2020 - 00:00,28-May-2020 - 00:00,65.7,10.49,29.19,21.15,24.92,1.0,50.26,1.72,2.16,28.5,33.67,2.42,199.41,152.78,0.18,0.02
37,28-May-2020 - 00:00,29-May-2020 - 00:00,68.79,2.83,24.23,14.76,22.31,0.6,66.87,,,28.16,46.25,4.84,215.21,240.6,,0.04
38,29-May-2020 - 00:00,30-May-2020 - 00:00,38.07,8.19,23.32,18.82,16.9,1.07,62.69,,,28.44,56.94,5.35,220.3,249.73,,1.3
39,30-May-2020 - 00:00,31-May-2020 - 00:00,29.74,14.49,30.94,27.49,46.96,2.04,13.3,,,28.64,69.7,2.54,113.92,250.78,,0.0
40,31-May-2020 - 00:00,01-Jun-2020 - 00:00,33.34,14.97,24.51,25.19,16.26,0.61,10.87,,,28.74,74.89,2.44,147.88,234.71,,0.06
41,01-Jun-2020 - 00:00,02-Jun-2020 - 00:00,31.3,14.05,23.91,24.04,29.09,0.76,18.28,,,28.57,62.14,1.84,97.25,296.69,,0.0
42,02-Jun-2020 - 00:00,03-Jun-2020 - 00:00,34.95,11.18,22.47,20.73,24.54,1.14,53.0,,,28.46,51.31,1.99,154.29,297.4,,0.0
43,03-Jun-2020 - 00:00,04-Jun-2020 - 00:00,40.39,11.06,22.78,21.06,30.72,1.06,45.53,,,28.23,49.48,1.99,158.34,284.81,,0.0
44,04-Jun-2020 - 00:00,05-Jun-2020 - 00:00,35.66,12.63,20.78,21.31,20.27,0.91,54.52,,,28.19,56.99,2.13,182.17,108.59,,0.0
45,05-Jun-2020 - 00:00,06-Jun-2020 - 00:00,32.1,12.63,21.28,21.32,34.76,0.55,42.91,,,28.27,57.89,1.91,131.7,252.72,,0.0
46,06-Jun-2020 - 00:00,07-Jun-2020 - 00:00,32.07,12.57,20.21,20.92,25.85,1.22,35.5,,,28.25,61.22,1.79,114.56,264.58,,0.0
47,07-Jun-2020 - 00:00,08-Jun-2020 - 00:00,41.21,13.21,21.07,21.38,39.73,1.37,32.21,,,28.28,56.25,2.03,132.93,274.68,,0.0
48,08-Jun-2020 - 00:00,09-Jun-2020 - 00:00,40.06,18.76,22.53,26.13,30.1,1.32,51.15,,,28.14,51.26,1.44,129.56,281.35,,0.0
49,09-Jun-2020 - 00:00,10-Jun-2020 - 00:00,65.82,9.17,23.5,18.93,30.11,1.49,72.36,,,28.14,43.89,1.55,223.68,255.94,,0.0
50,10-Jun-2020 - 00:00,11-Jun-2020 - 00:00,71.09,10.92,23.56,20.36,24.11,0.86,75.88,,,27.94,43.39,1.89,175.91,265.65,,0.0
51,11-Jun-2020 - 00:00,12-Jun-2020 - 00:00,60.89,9.06,18.41,16.58,24.6,0.96,66.97,,,28.25,46.34,2.03,203.03,261.42,,0.0
52,12-Jun-2020 - 00:00,13-Jun-2020 - 00:00,62.64,10.17,18.32,17.54,30.34,2.05,31.22,,,27.98,51.12,2.36,121.81,271.28,,0.0
53,13-Jun-2020 - 00:00,14-Jun-2020 - 00:00,50.06,9.36,16.69,16.07,40.42,1.29,30.04,,,27.91,50.18,2.94,146.41,255.76,,0.0
54,14-Jun-2020 - 00:00,15-Jun-2020 - 00:00,38.49,8.57,16.87,15.57,29.53,2.02,26.91,,,27.69,51.36,2.83,182.34,262.16,,0.0
55,15-Jun-2020 - 00:00,16-Jun-2020 - 00:00,33.76,9.43,17.42,15.67,35.48,1.84,41.1,,,28.26,46.44,2.49,188.31,282.86,,0.0
56,16-Jun-2020 - 00:00,17-Jun-2020 - 00:00,37.07,9.46,17.29,16.24,40.78,1.89,68.62,,,28.02,44.98,2.38,143.3,230.68,,0.0
57,17-Jun-2020 - 00:00,18-Jun-2020 - 00:00,34.28,9.59,16.55,16.16,18.13,1.7,34.31,,,28.15,51.0,3.71,132.56,282.23,,0.0
58,18-Jun-2020 - 00:00,19-Jun-2020 - 00:00,46.55,9.21,18.53,16.54,34.91,1.34,28.32,,,27.59,51.46,2.44,128.96,280.83,,0.0
59,19-Jun-2020 - 00:00,20-Jun-2020 - 00:00,61.47,13.68,18.12,19.64,47.41,1.53,23.63,,,27.83,50.83,3.48,179.59,253.14,,0.0
60,20-Jun-2020 - 00:00,21-Jun-2020 - 00:00,59.4,9.91,20.23,17.76,46.76,1.99,23.56,,,27.38,50.25,3.16,202.1,194.01,,0.0
61,21-Jun-2020 - 00:00,22-Jun-2020 - 00:00,39.81,9.45,16.0,15.29,35.94,1.62,29.77,,,26.99,51.88,1.81,183.72,181.71,,0.0
62,22-Jun-2020 - 00:00,23-Jun-2020 - 00:00,38.85,9.19,16.44,15.97,26.49,2.65,22.1,,,27.16,52.44,2.61,184.7,234.4,,0.0
63,23-Jun-2020 - 00:00,24-Jun-2020 - 00:00,27.67,9.87,15.48,16.23,47.42,1.02,16.04,,,27.61,68.67,3.25,231.83,169.75,,0.02
64,24-Jun-2020 - 00:00,25-Jun-2020 - 00:00,33.88,12.53,16.13,18.74,37.72,1.72,14.3,,,28.12,75.03,1.85,204.11,153.4,,0.02
65,25-Jun-2020 - 00:00,26-Jun-2020 - 00:00,34.21,12.12,17.84,18.77,44.79,2.3,17.62,2.57,7.62,28.39,67.27,2.05,187.7,268.21,0.48,0.0
66,26-Jun-2020 - 00:00,27-Jun-2020 - 00:00,48.07,14.86,19.88,22.6,43.66,1.76,16.21,2.16,4.55,27.7,61.49,3.19,127.1,238.34,0.34,0.0
67,27-Jun-2020 - 00:00,28-Jun-2020 - 00:00,38.26,9.47,17.14,16.81,45.66,2.87,11.8,1.91,3.59,28.31,61.92,4.53,106.58,256.46,0.43,0.08
68,28-Jun-2020 - 00:00,29-Jun-2020 - 00:00,54.68,11.63,19.54,19.84,66.99,2.71,12.42,1.86,2.94,28.19,56.57,4.27,122.74,274.42,0.39,0.0
69,29-Jun-2020 - 00:00,30-Jun-2020 - 00:00,43.6,10.3,18.53,17.98,31.9,3.4,14.48,1.98,2.86,28.21,54.61,3.39,211.61,275.21,0.31,0.15
70,30-Jun-2020 - 00:00,01-Jul-2020 - 00:00,35.71,8.68,14.22,14.05,48.28,1.58,16.37,1.69,2.33,27.83,60.56,2.21,257.17,239.84,0.36,0.0
71,01-Jul-2020 - 00:00,02-Jul-2020 - 00:00,49.04,10.09,15.8,15.81,63.67,2.1,16.74,1.63,2.98,28.03,54.79,1.99,256.54,256.12,0.35,0.0
72,02-Jul-2020 - 00:00,03-Jul-2020 - 00:00,52.77,13.83,16.68,18.99,29.64,2.22,16.49,1.83,4.67,28.51,50.85,1.71,202.1,247.19,0.35,0.0
73,03-Jul-2020 - 00:00,04-Jul-2020 - 00:00,55.96,10.0,14.59,15.1,29.93,2.15,15.73,1.57,3.38,28.25,52.54,3.04,207.19,253.32,0.31,0.0
74,04-Jul-2020 - 00:00,05-Jul-2020 - 00:00,45.53,12.79,10.72,15.86,30.0,2.28,15.58,1.52,2.35,27.81,58.52,3.22,255.55,234.33,0.25,0.0
75,05-Jul-2020 - 00:00,06-Jul-2020 - 00:00,35.86,8.62,11.28,12.61,33.27,3.15,16.58,1.51,1.49,27.89,57.92,3.28,236.61,262.07,0.3,0.0
76,06-Jul-2020 - 00:00,07-Jul-2020 - 00:00,38.07,8.73,10.31,12.56,25.37,1.98,13.06,1.4,1.69,27.75,56.41,3.13,225.53,233.4,0.32,0.0
77,07-Jul-2020 - 00:00,08-Jul-2020 - 00:00,19.43,12.09,10.05,15.12,52.58,1.06,14.0,1.55,1.7,27.78,64.66,3.56,246.43,220.55,0.33,0.0
78,08-Jul-2020 - 00:00,09-Jul-2020 - 00:00,23.14,16.53,10.76,18.54,43.43,1.31,16.26,1.48,3.26,27.68,72.19,2.45,196.62,148.94,0.35,0.0
79,09-Jul-2020 - 00:00,10-Jul-2020 - 00:00,24.7,14.08,13.06,18.37,40.54,1.01,19.52,1.64,6.59,28.26,77.06,2.14,213.8,171.43,0.63,0.48
80,10-Jul-2020 - 00:00,11-Jul-2020 - 00:00,23.96,14.61,14.22,19.42,25.56,1.14,10.83,1.99,5.83,28.42,71.56,4.16,314.16,228.41,0.69,0.1
81,11-Jul-2020 - 00:00,12-Jul-2020 - 00:00,23.04,5.71,13.2,11.55,22.43,0.5,14.33,1.67,2.45,27.95,59.0,2.4,210.07,289.02,0.38,0.0
82,12-Jul-2020 - 00:00,13-Jul-2020 - 00:00,,,,,,,,,,,,,,,,0.0
83,13-Jul-2020 - 00:00,14-Jul-2020 - 00:00,33.19,12.83,16.57,19.0,62.89,1.81,10.22,2.06,5.37,29.32,53.15,3.44,146.02,369.37,0.54,0.0
84,14-Jul-2020 - 00:00,15-Jul-2020 - 00:00,55.16,9.25,11.87,13.23,50.1,2.52,11.08,1.77,3.93,28.37,58.41,2.01,202.49,210.85,0.4,0.0
85,15-Jul-2020 - 00:00,16-Jul-2020 - 00:00,41.44,9.41,11.39,13.18,48.48,1.65,10.62,1.52,2.19,27.85,58.83,3.64,181.15,242.53,0.31,0.0
86,16-Jul-2020 - 00:00,17-Jul-2020 - 00:00,33.36,9.33,11.23,13.17,45.49,1.34,12.09,1.48,3.14,27.73,66.1,2.88,180.29,176.38,0.39,0.04
87,17-Jul-2020 - 00:00,18-Jul-2020 - 00:00,43.5,9.58,11.39,13.59,41.68,1.37,15.13,1.44,2.4,27.92,60.84,3.21,191.4,278.99,0.35,0.0
88,18-Jul-2020 - 00:00,19-Jul-2020 - 00:00,36.91,10.42,9.72,13.08,25.02,1.35,13.25,1.43,2.07,27.6,61.7,2.34,141.32,224.16,0.36,0.0
89,19-Jul-2020 - 00:00,20-Jul-2020 - 00:00,31.39,9.2,10.23,12.67,31.0,1.27,14.17,1.46,2.12,27.66,64.67,2.96,22.83,230.92,0.34,0.0
90,20-Jul-2020 - 00:00,21-Jul-2020 - 00:00,18.12,10.93,11.66,15.09,44.62,1.63,12.54,1.82,3.49,28.18,74.77,3.69,22.05,226.83,0.47,0.1
91,21-Jul-2020 - 00:00,22-Jul-2020 - 00:00,15.82,13.23,12.64,17.49,37.99,1.67,12.93,1.89,4.4,28.02,78.22,2.59,,196.76,0.42,0.55
92,22-Jul-2020 - 00:00,23-Jul-2020 - 00:00,20.33,21.16,13.8,24.54,36.31,0.85,12.56,2.08,5.68,28.2,78.42,2.72,,224.66,0.55,0.1
93,23-Jul-2020 - 00:00,24-Jul-2020 - 00:00,26.38,14.28,14.82,19.23,40.16,0.74,13.63,2.22,6.09,28.06,65.46,1.79,,245.96,0.49,0.0
94,24-Jul-2020 - 00:00,25-Jul-2020 - 00:00,26.61,8.07,14.2,14.09,41.52,1.42,13.16,2.38,8.08,27.93,65.78,1.48,180.9,189.76,0.61,0.0
95,25-Jul-2020 - 00:00,26-Jul-2020 - 00:00,,12.39,13.41,17.18,25.84,1.41,11.85,1.67,4.35,27.52,71.84,2.12,192.79,209.27,0.44,0.0
96,26-Jul-2020 - 00:00,27-Jul-2020 - 00:00,,17.01,11.63,19.53,24.99,1.3,13.97,1.65,2.46,27.47,69.42,1.18,208.08,294.73,0.36,0.0
97,27-Jul-2020 - 00:00,28-Jul-2020 - 00:00,32.04,4.25,15.61,11.69,26.38,0.58,14.54,2.06,7.03,28.15,64.17,2.96,141.76,328.02,0.76,0.91
98,28-Jul-2020 - 00:00,29-Jul-2020 - 00:00,27.0,15.39,14.48,20.18,21.34,0.75,13.23,2.07,6.71,27.82,72.16,2.62,214.82,179.3,0.7,0.17
99,29-Jul-2020 - 00:00,30-Jul-2020 - 00:00,20.31,17.79,11.98,20.83,28.77,0.73,10.83,2.14,5.77,28.07,82.65,3.01,244.48,145.7,0.53,1.27
100,30-Jul-2020 - 00:00,31-Jul-2020 - 00:00,25.61,17.98,11.91,20.87,24.41,1.84,19.0,1.92,4.98,28.13,72.99,1.62,221.6,239.64,0.44,0.0
101,31-Jul-2020 - 00:00,01-Aug-2020 - 00:00,31.01,14.67,14.2,19.19,27.14,2.29,15.19,1.96,6.2,27.64,71.08,1.71,193.79,220.72,0.46,0.0
102,01-Aug-2020 - 00:00,02-Aug-2020 - 00:00,27.74,15.81,11.84,19.14,26.09,1.56,11.58,1.73,4.37,27.9,81.39,1.64,195.49,146.02,0.49,0.52
103,02-Aug-2020 - 00:00,03-Aug-2020 - 00:00,25.98,10.74,11.17,14.44,27.03,2.51,12.38,1.71,2.97,27.72,72.93,1.62,137.13,243.97,0.45,0.02
104,03-Aug-2020 - 00:00,04-Aug-2020 - 00:00,23.73,11.97,11.5,15.85,20.19,2.53,13.48,1.62,2.34,27.97,73.5,4.08,185.28,64.92,0.42,0.0
105,04-Aug-2020 - 00:00,05-Aug-2020 - 00:00,31.09,10.11,12.27,14.74,38.98,3.42,14.81,1.89,4.82,28.24,68.85,2.22,188.72,27.51,0.48,0.0
106,05-Aug-2020 - 00:00,06-Aug-2020 - 00:00,33.99,11.02,13.72,16.26,13.96,2.12,24.4,1.68,4.6,28.03,73.01,1.88,168.71,125.98,0.47,0.0
107,06-Aug-2020 - 00:00,07-Aug-2020 - 00:00,23.74,8.61,10.39,12.53,24.69,1.42,19.34,1.76,2.59,28.1,76.77,5.28,185.07,166.32,0.33,0.11
108,07-Aug-2020 - 00:00,08-Aug-2020 - 00:00,28.54,8.25,10.27,12.17,21.26,0.63,13.64,1.97,5.08,28.13,75.82,2.65,189.54,199.73,0.5,0.04
109,08-Aug-2020 - 00:00,09-Aug-2020 - 00:00,34.15,13.96,16.58,20.15,23.81,1.57,27.27,1.77,4.55,28.27,70.78,1.22,153.52,208.36,0.53,0.0
110,09-Aug-2020 - 00:00,10-Aug-2020 - 00:00,25.52,12.6,11.69,16.46,18.99,1.15,26.43,1.66,2.72,28.38,80.21,2.04,132.24,153.36,0.42,0.23
111,10-Aug-2020 - 00:00,11-Aug-2020 - 00:00,31.47,17.69,12.26,20.88,27.79,2.02,33.55,2.18,10.03,28.16,87.72,1.12,182.02,95.04,1.09,0.58
112,11-Aug-2020 - 00:00,12-Aug-2020 - 00:00,36.06,14.25,20.77,22.61,29.03,1.22,37.76,2.43,10.17,28.21,81.32,1.28,187.98,163.59,1.1,0.42
113,12-Aug-2020 - 00:00,13-Aug-2020 - 00:00,19.16,20.51,14.48,24.37,23.22,0.79,21.09,2.24,7.21,28.43,91.26,2.19,219.57,102.85,0.67,1.15
114,13-Aug-2020 - 00:00,14-Aug-2020 - 00:00,17.7,20.31,13.33,23.61,28.5,1.4,17.57,2.17,6.81,28.48,92.29,1.36,144.12,93.16,0.6,0.34
115,14-Aug-2020 - 00:00,15-Aug-2020 - 00:00,21.92,18.1,14.57,22.46,18.05,2.47,22.06,2.13,8.09,28.2,90.6,1.2,213.91,140.89,0.89,1.21
116,15-Aug-2020 - 00:00,16-Aug-2020 - 00:00,22.94,23.66,17.58,28.58,26.1,0.78,39.95,1.55,4.48,28.11,90.01,0.89,211.11,143.68,0.59,0.11
117,16-Aug-2020 - 00:00,17-Aug-2020 - 00:00,21.48,16.91,7.85,17.93,22.71,3.3,44.69,1.44,2.32,27.96,79.55,1.21,236.5,225.85,0.43,0.0
118,17-Aug-2020 - 00:00,18-Aug-2020 - 00:00,25.94,12.25,10.3,15.41,17.4,2.54,24.16,1.52,4.1,28.11,73.56,1.54,235.19,235.0,0.49,0.08
119,18-Aug-2020 - 00:00,19-Aug-2020 - 00:00,24.19,8.87,8.59,11.76,26.93,1.13,34.47,1.47,4.01,28.36,74.35,1.75,217.24,229.1,0.41,1.31
120,19-Aug-2020 - 00:00,20-Aug-2020 - 00:00,19.54,8.57,11.09,12.86,21.24,1.91,11.58,1.77,4.37,28.38,82.76,1.66,225.5,175.16,0.43,0.04
121,20-Aug-2020 - 00:00,21-Aug-2020 - 00:00,23.23,9.67,11.82,14.16,37.57,1.49,8.46,1.86,6.11,28.38,91.33,2.07,171.99,93.93,0.47,0.34
122,21-Aug-2020 - 00:00,22-Aug-2020 - 00:00,20.61,7.22,11.11,11.78,26.29,0.63,10.81,2.18,4.01,28.23,79.12,2.83,177.9,204.48,0.41,0.14
123,22-Aug-2020 - 00:00,23-Aug-2020 - 00:00,25.43,5.05,10.66,9.77,25.83,0.92,10.43,1.73,3.3,28.13,85.78,4.13,176.72,140.72,0.36,0.06
124,23-Aug-2020 - 00:00,24-Aug-2020 - 00:00,14.79,8.48,8.97,11.67,16.97,1.42,12.87,1.53,1.53,28.01,88.82,3.73,213.55,116.64,0.31,0.06
125,24-Aug-2020 - 00:00,25-Aug-2020 - 00:00,17.16,10.53,9.26,13.48,19.74,0.45,12.2,2.13,4.86,28.21,79.66,2.92,264.25,195.39,0.46,0.0
126,25-Aug-2020 - 00:00,26-Aug-2020 - 00:00,34.25,10.69,9.93,13.98,21.54,0.75,11.74,1.93,5.78,28.17,78.23,2.48,254.55,182.54,0.52,0.0
127,26-Aug-2020 - 00:00,27-Aug-2020 - 00:00,27.69,8.72,10.35,12.6,25.81,0.88,11.89,1.97,5.4,28.13,74.32,2.91,110.75,262.42,0.46,0.0
128,27-Aug-2020 - 00:00,28-Aug-2020 - 00:00,30.83,4.61,11.29,9.65,14.05,0.7,12.2,2.1,5.3,28.38,71.91,2.6,131.94,211.9,0.46,0.0
129,28-Aug-2020 - 00:00,29-Aug-2020 - 00:00,28.19,5.63,11.99,10.94,40.53,0.72,12.27,2.08,6.04,28.47,81.48,1.98,146.83,135.88,0.45,0.0
130,29-Aug-2020 - 00:00,30-Aug-2020 - 00:00,24.76,5.19,9.96,9.51,64.3,0.32,14.11,1.84,3.07,28.25,79.07,2.87,180.39,225.33,0.41,0.38
131,30-Aug-2020 - 00:00,31-Aug-2020 - 00:00,17.38,7.37,8.71,10.62,28.06,0.54,13.59,1.62,1.77,28.07,92.76,3.31,211.43,75.77,0.36,0.3
132,31-Aug-2020 - 00:00,01-Sep-2020 - 00:00,18.78,11.0,9.98,14.26,16.27,2.28,13.41,1.84,4.27,28.33,76.1,2.9,272.76,14.33,0.61,0.02
133,01-Sep-2020 - 00:00,02-Sep-2020 - 00:00,25.38,9.67,11.02,13.72,23.32,1.53,11.29,1.88,4.94,28.33,72.62,3.01,231.08,14.23,0.61,0.0
134,02-Sep-2020 - 00:00,03-Sep-2020 - 00:00,36.01,6.99,8.4,10.02,14.36,2.94,12.93,1.83,4.69,28.23,75.24,1.68,167.45,13.86,0.63,0.0
135,03-Sep-2020 - 00:00,04-Sep-2020 - 00:00,41.39,9.47,7.42,11.47,20.68,3.67,12.88,1.61,3.16,27.99,74.8,3.11,214.8,13.53,0.43,0.0
136,04-Sep-2020 - 00:00,05-Sep-2020 - 00:00,38.23,11.36,7.32,13.13,23.29,1.1,14.85,1.54,4.02,27.98,82.88,2.03,238.3,12.82,0.53,0.38
137,05-Sep-2020 - 00:00,06-Sep-2020 - 00:00,23.58,19.54,9.97,20.79,57.11,1.86,15.7,2.01,6.69,29.69,72.35,1.85,115.08,262.32,0.73,0.0
138,06-Sep-2020 - 00:00,07-Sep-2020 - 00:00,27.95,13.88,10.42,16.54,17.85,1.85,11.88,1.75,3.73,28.36,72.55,1.53,64.7,272.77,0.49,0.0
139,07-Sep-2020 - 00:00,08-Sep-2020 - 00:00,31.08,14.08,13.74,18.71,19.54,3.0,12.27,1.58,4.47,28.54,68.56,1.91,84.83,258.08,0.64,0.0
140,08-Sep-2020 - 00:00,09-Sep-2020 - 00:00,42.02,14.79,12.46,18.33,18.08,3.27,14.5,1.97,5.36,28.53,72.73,1.63,106.05,225.32,0.51,0.0
141,09-Sep-2020 - 00:00,10-Sep-2020 - 00:00,61.51,12.5,16.16,18.51,12.63,3.08,13.63,2.09,9.08,28.59,67.97,2.19,114.56,254.47,0.61,0.0
142,10-Sep-2020 - 00:00,11-Sep-2020 - 00:00,74.31,11.04,19.19,19.19,48.65,2.83,15.33,2.09,9.22,28.28,61.57,1.61,102.86,258.53,0.85,0.0
143,11-Sep-2020 - 00:00,12-Sep-2020 - 00:00,85.52,9.03,23.25,19.46,29.76,2.51,15.49,1.98,8.64,28.62,55.86,0.9,132.38,222.84,0.77,0.0
144,12-Sep-2020 - 00:00,13-Sep-2020 - 00:00,80.83,11.42,20.04,19.26,59.58,1.8,16.34,2.0,8.28,28.15,55.31,1.1,94.91,232.02,0.76,0.0
145,13-Sep-2020 - 00:00,14-Sep-2020 - 00:00,81.65,9.75,18.07,16.58,27.56,1.85,13.61,1.8,5.94,28.11,55.71,1.12,123.38,230.46,0.52,0.0
146,14-Sep-2020 - 00:00,15-Sep-2020 - 00:00,83.11,8.99,15.13,14.62,59.12,0.85,15.83,1.73,5.55,28.38,58.93,0.96,145.99,216.26,0.69,0.0
147,15-Sep-2020 - 00:00,16-Sep-2020 - 00:00,90.38,10.16,17.49,16.22,33.03,0.64,17.17,1.92,6.64,28.55,59.6,1.48,82.22,227.75,0.66,0.0
148,16-Sep-2020 - 00:00,17-Sep-2020 - 00:00,102.15,13.46,24.12,23.49,41.43,1.26,20.43,2.52,10.76,28.79,58.75,1.23,74.73,225.21,1.58,0.0
149,17-Sep-2020 - 00:00,18-Sep-2020 - 00:00,77.1,19.55,25.47,29.44,30.51,1.55,16.54,3.3,10.2,32.82,54.51,2.13,103.44,250.99,1.48,0.0
150,18-Sep-2020 - 00:00,19-Sep-2020 - 00:00,62.69,26.08,24.39,34.14,58.26,1.31,17.72,3.55,11.61,33.3,54.1,2.4,88.0,253.15,1.31,0.0
151,19-Sep-2020 - 00:00,20-Sep-2020 - 00:00,72.84,9.44,20.29,17.9,34.29,2.23,16.55,2.09,6.09,28.48,54.58,1.92,151.62,217.22,0.52,0.0
152,20-Sep-2020 - 00:00,21-Sep-2020 - 00:00,93.25,7.93,16.42,15.12,41.91,2.64,17.79,1.94,4.53,28.45,60.69,1.49,162.61,223.4,0.48,0.0
153,21-Sep-2020 - 00:00,22-Sep-2020 - 00:00,89.3,19.87,17.66,25.17,25.85,1.53,19.4,2.24,5.48,28.87,61.93,1.76,141.48,196.23,0.54,0.0
154,22-Sep-2020 - 00:00,23-Sep-2020 - 00:00,31.66,16.73,13.27,20.52,39.83,1.86,16.39,1.67,2.92,28.64,60.15,2.46,212.29,213.5,0.48,0.0
155,23-Sep-2020 - 00:00,24-Sep-2020 - 00:00,24.0,14.16,13.12,18.48,22.76,0.67,17.64,1.66,2.84,28.45,66.02,3.13,209.55,196.18,0.37,0.0
156,24-Sep-2020 - 00:00,25-Sep-2020 - 00:00,27.52,11.57,14.23,16.97,50.22,,14.98,1.81,3.67,28.81,69.41,2.58,200.38,206.9,0.4,0.0
157,25-Sep-2020 - 00:00,26-Sep-2020 - 00:00,48.8,16.88,23.97,26.14,27.04,,13.54,2.58,10.96,28.76,60.73,2.53,115.48,242.95,1.29,0.0
158,26-Sep-2020 - 00:00,27-Sep-2020 - 00:00,75.31,15.41,25.61,26.12,39.7,,13.51,2.97,12.06,28.78,57.89,2.65,116.17,191.63,1.58,0.0
159,27-Sep-2020 - 00:00,28-Sep-2020 - 00:00,48.65,12.72,24.52,23.34,27.59,,13.73,2.3,5.93,28.98,62.62,2.03,103.59,188.09,1.09,0.0
160,28-Sep-2020 - 00:00,29-Sep-2020 - 00:00,71.34,12.71,24.47,23.34,38.2,,14.02,2.5,7.85,28.87,52.69,1.83,110.11,238.19,0.93,0.0
161,29-Sep-2020 - 00:00,30-Sep-2020 - 00:00,87.76,12.41,29.04,25.5,35.86,,8.92,2.73,9.34,29.14,48.12,1.8,119.71,227.82,1.03,0.0
162,30-Sep-2020 - 00:00,01-Oct-2020 - 00:00,79.47,12.47,25.73,23.82,43.3,,4.62,2.79,9.16,29.25,47.94,2.65,126.87,230.3,0.99,0.0
163,01-Oct-2020 - 00:00,02-Oct-2020 - 00:00,76.24,12.32,27.06,23.71,25.87,,4.6,2.74,8.78,29.21,45.76,2.49,119.92,220.61,0.85,0.0
164,02-Oct-2020 - 00:00,03-Oct-2020 - 00:00,81.4,15.7,33.11,30.37,54.56,1.06,16.74,3.12,9.74,30.04,43.47,1.69,110.89,247.74,1.58,0.11
165,03-Oct-2020 - 00:00,04-Oct-2020 - 00:00,95.04,16.32,41.31,35.17,19.47,1.0,40.44,2.98,5.05,31.07,46.75,1.86,126.31,243.47,1.15,0.0
166,04-Oct-2020 - 00:00,05-Oct-2020 - 00:00,92.19,21.67,37.19,36.1,42.07,0.85,17.84,3.13,7.55,31.28,44.2,2.5,128.81,245.07,1.39,0.0
167,05-Oct-2020 - 00:00,06-Oct-2020 - 00:00,83.53,9.29,34.85,26.09,45.35,0.71,21.84,2.69,4.21,29.74,44.71,2.48,122.59,234.46,0.98,0.0
168,06-Oct-2020 - 00:00,07-Oct-2020 - 00:00,84.71,14.41,31.29,32.54,74.5,0.64,33.91,2.66,3.96,29.89,43.0,2.47,131.9,235.32,0.79,0.0
169,07-Oct-2020 - 00:00,08-Oct-2020 - 00:00,100.83,9.26,36.88,26.73,62.75,0.77,28.16,2.99,9.06,29.51,43.67,1.63,121.2,234.1,0.67,0.0
170,08-Oct-2020 - 00:00,09-Oct-2020 - 00:00,110.95,14.46,39.3,32.61,42.11,0.96,56.8,3.44,9.17,29.76,43.39,1.66,130.59,229.58,1.07,0.0
171,09-Oct-2020 - 00:00,10-Oct-2020 - 00:00,110.01,13.82,47.1,36.26,24.9,0.87,62.11,3.32,8.56,29.69,43.9,1.2,122.22,213.66,1.5,0.0
172,10-Oct-2020 - 00:00,11-Oct-2020 - 00:00,113.34,10.85,44.0,32.16,30.56,0.7,64.73,3.16,8.16,29.79,44.8,1.56,125.11,204.79,2.02,0.0
173,11-Oct-2020 - 00:00,12-Oct-2020 - 00:00,116.1,14.62,48.97,37.92,16.24,0.78,53.22,3.22,8.45,29.7,46.82,1.93,124.22,201.24,1.46,0.0
174,12-Oct-2020 - 00:00,13-Oct-2020 - 00:00,138.89,14.59,49.43,38.11,24.42,1.26,58.44,3.74,12.02,29.69,46.19,0.64,89.72,191.81,3.26,0.0
175,13-Oct-2020 - 00:00,14-Oct-2020 - 00:00,114.52,8.2,27.08,21.04,21.88,0.84,86.79,3.24,9.37,29.99,52.73,1.65,152.5,182.25,2.54,0.0
176,14-Oct-2020 - 00:00,15-Oct-2020 - 00:00,94.68,7.85,30.09,22.37,22.12,0.9,83.33,2.72,6.16,29.92,52.27,1.04,147.11,175.53,1.03,0.0
177,15-Oct-2020 - 00:00,16-Oct-2020 - 00:00,97.57,22.99,27.42,32.71,11.81,0.66,110.85,2.82,5.78,29.93,49.45,1.44,191.17,185.62,1.22,0.0
178,16-Oct-2020 - 00:00,17-Oct-2020 - 00:00,110.93,7.46,30.64,22.33,19.8,0.74,107.78,2.8,5.57,29.86,38.27,1.3,162.99,190.86,1.13,0.0
179,17-Oct-2020 - 00:00,18-Oct-2020 - 00:00,123.25,8.21,36.32,25.92,17.31,1.42,103.12,2.93,8.59,29.99,39.47,0.84,147.23,185.5,1.73,0.0
180,18-Oct-2020 - 00:00,19-Oct-2020 - 00:00,129.21,9.16,43.58,30.62,23.57,0.95,92.17,3.32,7.87,30.06,40.3,1.26,126.98,178.0,1.61,0.0
181,19-Oct-2020 - 00:00,20-Oct-2020 - 00:00,119.41,9.8,45.23,32.02,19.11,0.93,90.65,2.99,5.61,30.09,36.69,1.8,123.79,148.28,1.44,0.0
182,20-Oct-2020 - 00:00,21-Oct-2020 - 00:00,105.4,15.34,48.6,38.33,16.08,0.83,51.68,2.99,4.98,30.33,35.22,1.72,123.97,209.34,1.38,0.0
183,21-Oct-2020 - 00:00,22-Oct-2020 - 00:00,125.67,58.1,58.29,78.11,23.3,1.6,47.06,4.5,20.44,29.66,36.8,1.0,131.77,204.94,3.83,0.0
184,22-Oct-2020 - 00:00,23-Oct-2020 - 00:00,143.98,37.73,67.37,66.49,3.18,2.02,43.18,5.69,29.44,28.75,37.88,0.62,119.5,162.66,6.2,0.0
185,23-Oct-2020 - 00:00,24-Oct-2020 - 00:00,143.28,36.2,60.83,61.78,4.57,1.96,48.17,4.45,20.26,28.8,42.08,0.72,131.32,170.15,5.93,0.0
186,24-Oct-2020 - 00:00,25-Oct-2020 - 00:00,123.96,25.66,60.37,52.27,3.86,1.05,35.98,5.32,28.3,28.78,41.12,1.09,133.64,180.23,6.68,0.0
187,25-Oct-2020 - 00:00,26-Oct-2020 - 00:00,155.56,35.09,52.29,56.3,8.87,0.9,90.27,3.22,8.3,28.76,39.32,0.81,125.73,181.18,1.91,0.0
188,26-Oct-2020 - 00:00,27-Oct-2020 - 00:00,126.14,27.14,58.43,53.08,8.31,0.98,38.73,3.65,11.13,28.84,38.56,1.69,114.99,179.53,2.36,0.0
189,27-Oct-2020 - 00:00,28-Oct-2020 - 00:00,149.82,11.22,54.29,38.0,12.28,0.97,81.05,2.91,6.04,28.95,40.06,1.5,108.57,172.49,1.25,0.0
190,28-Oct-2020 - 00:00,29-Oct-2020 - 00:00,155.2,28.92,61.67,56.19,27.94,0.97,43.53,4.0,11.74,30.12,39.31,0.78,112.8,185.1,1.88,0.0
191,29-Oct-2020 - 00:00,30-Oct-2020 - 00:00,191.96,42.46,75.26,73.67,14.28,1.74,32.79,4.41,15.69,28.99,41.76,0.66,110.15,161.9,4.73,0.0
192,30-Oct-2020 - 00:00,31-Oct-2020 - 00:00,168.59,18.24,61.77,47.66,11.25,1.1,51.23,3.71,10.68,28.99,42.48,1.39,105.19,168.3,2.62,0.0
193,31-Oct-2020 - 00:00,01-Nov-2020 - 00:00,180.73,18.1,58.96,45.38,12.59,1.33,43.52,3.64,10.2,29.06,44.65,2.06,111.35,162.52,1.78,0.0
194,01-Nov-2020 - 00:00,02-Nov-2020 - 00:00,182.26,32.87,54.52,55.72,18.09,1.39,42.26,3.89,11.71,29.13,39.85,2.13,113.21,170.43,3.02,0.0
195,02-Nov-2020 - 00:00,03-Nov-2020 - 00:00,125.41,42.23,55.04,63.59,10.83,1.38,67.17,3.78,11.0,29.12,36.22,1.66,96.52,187.35,3.29,0.0
196,03-Nov-2020 - 00:00,04-Nov-2020 - 00:00,126.88,31.1,55.96,54.42,12.19,1.13,56.53,4.27,18.92,29.1,35.43,1.39,89.14,190.64,4.85,0.0
197,04-Nov-2020 - 00:00,05-Nov-2020 - 00:00,164.54,51.87,63.97,76.2,15.63,1.73,35.79,5.35,28.61,29.09,39.82,0.99,108.19,181.35,6.0,0.0
198,05-Nov-2020 - 00:00,06-Nov-2020 - 00:00,237.3,67.81,70.36,92.56,10.0,2.26,54.9,5.98,30.1,29.14,44.35,0.84,104.21,131.95,6.18,0.0
199,06-Nov-2020 - 00:00,07-Nov-2020 - 00:00,256.76,76.44,82.97,106.26,14.76,2.73,26.09,7.29,43.39,28.91,44.86,0.63,123.1,158.83,11.23,0.0
200,07-Nov-2020 - 00:00,08-Nov-2020 - 00:00,375.29,136.99,109.53,167.67,21.7,4.16,26.58,8.75,58.82,29.06,51.83,0.48,89.14,73.06,19.8,0.0
201,08-Nov-2020 - 00:00,09-Nov-2020 - 00:00,344.51,53.33,80.53,86.14,15.15,2.12,35.38,6.67,38.51,29.08,50.43,0.58,117.56,149.61,10.36,0.0
202,09-Nov-2020 - 00:00,10-Nov-2020 - 00:00,394.53,21.82,73.05,56.53,8.17,1.8,38.05,5.5,17.34,29.1,53.92,1.11,134.92,135.88,4.68,0.0
203,10-Nov-2020 - 00:00,11-Nov-2020 - 00:00,246.79,16.16,56.62,43.24,7.97,1.11,38.75,4.76,13.91,29.07,52.55,1.02,183.96,140.96,3.36,0.0
204,11-Nov-2020 - 00:00,12-Nov-2020 - 00:00,174.69,36.54,54.39,58.63,4.63,0.96,33.26,4.47,13.65,29.12,51.95,0.8,146.73,150.65,3.78,0.0
205,12-Nov-2020 - 00:00,13-Nov-2020 - 00:00,144.48,35.54,66.34,64.17,,0.58,27.71,4.41,13.73,28.78,51.02,0.76,79.74,147.56,3.7,0.0
206,13-Nov-2020 - 00:00,14-Nov-2020 - 00:00,128.07,24.21,64.8,54.14,,0.65,40.51,4.34,11.76,28.74,51.19,0.76,133.02,148.05,3.39,0.0
207,14-Nov-2020 - 00:00,15-Nov-2020 - 00:00,190.23,9.67,55.72,37.51,,1.7,62.31,4.13,12.54,28.55,50.32,0.51,152.76,139.7,2.52,0.0
208,15-Nov-2020 - 00:00,16-Nov-2020 - 00:00,147.97,2.87,27.31,16.82,,1.3,59.56,2.69,1.36,28.74,61.38,2.71,115.14,94.97,0.64,0.5
209,16-Nov-2020 - 00:00,17-Nov-2020 - 00:00,60.99,5.02,21.26,15.38,,1.34,38.76,2.1,0.86,29.14,91.21,1.38,158.54,51.36,0.54,0.0
210,17-Nov-2020 - 00:00,18-Nov-2020 - 00:00,82.71,10.16,35.81,27.3,,2.96,28.19,2.86,4.23,28.86,84.15,1.03,253.82,112.39,1.21,0.0
211,18-Nov-2020 - 00:00,19-Nov-2020 - 00:00,98.16,11.93,41.08,31.55,,2.81,37.21,3.21,6.68,28.84,69.8,0.74,134.79,140.76,1.56,0.0
212,19-Nov-2020 - 00:00,20-Nov-2020 - 00:00,118.21,9.73,45.42,32.08,,1.91,53.9,3.22,7.39,28.74,62.38,0.87,47.1,123.24,1.39,0.0
213,20-Nov-2020 - 00:00,21-Nov-2020 - 00:00,125.01,7.49,50.19,32.78,,1.35,58.04,3.13,7.31,28.63,56.46,2.5,223.59,165.35,1.05,0.0
214,21-Nov-2020 - 00:00,22-Nov-2020 - 00:00,88.45,7.74,46.65,31.1,,1.02,51.41,2.58,6.66,28.74,50.46,2.96,262.09,171.28,0.83,0.0
215,22-Nov-2020 - 00:00,23-Nov-2020 - 00:00,110.19,51.83,60.55,74.35,,1.67,46.77,3.96,12.2,28.74,48.2,1.66,169.67,164.31,3.08,0.0
216,23-Nov-2020 - 00:00,24-Nov-2020 - 00:00,168.49,45.93,73.69,75.74,,1.86,42.89,5.36,17.01,28.92,50.81,0.65,160.02,150.13,3.97,0.0
217,24-Nov-2020 - 00:00,25-Nov-2020 - 00:00,149.84,9.25,65.02,42.08,,0.96,36.81,4.05,10.76,28.9,50.68,0.77,104.36,142.09,1.87,0.0
218,25-Nov-2020 - 00:00,26-Nov-2020 - 00:00,149.11,4.41,53.98,32.3,,0.7,60.86,3.45,5.85,29.05,53.39,1.23,91.62,125.41,1.0,0.0
219,26-Nov-2020 - 00:00,27-Nov-2020 - 00:00,148.28,29.5,45.65,48.27,,1.54,25.01,4.8,14.35,28.8,74.89,1.22,143.43,67.24,3.84,0.0
220,27-Nov-2020 - 00:00,28-Nov-2020 - 00:00,77.32,21.63,52.13,45.32,,0.98,9.7,3.74,12.55,28.81,53.88,2.24,243.67,198.85,2.51,0.0
221,28-Nov-2020 - 00:00,29-Nov-2020 - 00:00,112.06,29.54,51.53,51.43,,1.27,12.05,4.19,16.06,28.83,54.95,1.83,256.1,164.09,4.16,0.0
222,29-Nov-2020 - 00:00,30-Nov-2020 - 00:00,105.78,40.57,59.93,64.87,,1.35,11.86,4.63,15.85,28.82,53.27,1.16,235.03,163.31,4.19,0.0
223,30-Nov-2020 - 00:00,01-Dec-2020 - 00:00,122.46,46.53,66.32,73.11,,1.3,20.03,4.75,13.73,28.86,53.9,0.84,267.46,152.49,4.08,0.0
224,01-Dec-2020 - 00:00,02-Dec-2020 - 00:00,178.75,66.99,67.96,90.6,,2.13,0.77,5.72,20.64,28.82,57.08,0.8,170.2,133.99,4.95,0.0
225,02-Dec-2020 - 00:00,03-Dec-2020 - 00:00,182.19,38.93,63.98,65.69,,2.07,18.57,5.66,26.21,28.82,55.51,1.18,255.46,144.89,3.85,0.0
226,03-Dec-2020 - 00:00,04-Dec-2020 - 00:00,188.22,78.39,71.44,101.7,,2.29,38.64,5.91,23.32,28.75,55.73,0.49,145.9,138.85,5.56,0.0
227,04-Dec-2020 - 00:00,05-Dec-2020 - 00:00,194.02,29.14,57.94,54.51,,1.61,53.93,4.88,17.97,28.84,56.78,0.86,136.4,141.71,2.9,0.0
228,05-Dec-2020 - 00:00,06-Dec-2020 - 00:00,171.19,4.53,45.05,27.64,,0.78,77.26,3.57,8.96,29.03,58.03,1.21,119.57,141.94,1.1,0.0
229,06-Dec-2020 - 00:00,07-Dec-2020 - 00:00,169.2,20.94,52.69,45.05,,0.43,42.64,3.42,9.9,28.94,63.36,1.11,179.28,133.39,1.21,0.0
230,07-Dec-2020 - 00:00,08-Dec-2020 - 00:00,222.76,49.21,52.36,67.84,,1.95,77.94,4.2,11.42,28.75,68.64,1.39,272.42,114.02,2.7,0.0
231,08-Dec-2020 - 00:00,09-Dec-2020 - 00:00,219.38,71.14,58.98,89.18,,1.1,25.54,5.82,23.23,28.78,66.08,0.34,258.0,118.85,4.9,0.0
232,09-Dec-2020 - 00:00,10-Dec-2020 - 00:00,251.54,65.26,68.37,89.42,,0.14,14.71,6.6,33.9,28.89,64.1,0.47,254.09,124.59,5.12,0.0
233,10-Dec-2020 - 00:00,11-Dec-2020 - 00:00,194.8,24.97,60.25,52.36,,0.19,15.06,4.57,16.9,29.22,66.89,0.61,244.84,132.11,2.51,0.0
234,11-Dec-2020 - 00:00,12-Dec-2020 - 00:00,194.78,22.05,54.36,46.84,,0.17,17.1,4.23,12.99,28.38,68.6,0.81,204.91,80.73,1.45,0.0
235,12-Dec-2020 - 00:00,13-Dec-2020 - 00:00,69.95,6.16,29.13,20.51,,0.12,18.95,2.23,1.73,28.31,77.72,1.78,183.27,105.18,0.4,0.0
236,13-Dec-2020 - 00:00,14-Dec-2020 - 00:00,114.38,4.46,29.95,19.55,,0.16,16.75,2.7,2.92,28.58,71.47,3.46,177.7,126.28,0.46,0.0
237,14-Dec-2020 - 00:00,15-Dec-2020 - 00:00,82.85,6.73,32.11,22.56,,0.11,17.56,2.18,1.03,28.23,70.51,2.45,219.68,133.68,0.95,0.0
238,15-Dec-2020 - 00:00,16-Dec-2020 - 00:00,113.08,6.76,33.22,23.17,,0.12,17.68,2.23,0.42,28.38,71.76,1.99,151.59,117.85,0.4,0.0
239,16-Dec-2020 - 00:00,17-Dec-2020 - 00:00,122.72,6.87,43.08,28.49,,0.19,17.51,2.94,8.48,31.14,67.31,2.84,207.37,126.65,1.11,0.0
240,17-Dec-2020 - 00:00,18-Dec-2020 - 00:00,93.88,5.03,29.97,20.03,,0.25,16.98,2.37,1.27,29.9,65.8,3.69,275.72,159.01,0.57,0.0
241,18-Dec-2020 - 00:00,19-Dec-2020 - 00:00,84.9,8.45,35.47,25.74,,0.13,16.01,2.96,5.41,28.23,51.77,2.81,261.65,152.2,1.19,0.0
242,19-Dec-2020 - 00:00,20-Dec-2020 - 00:00,113.11,15.59,45.34,36.79,,0.14,16.62,3.78,11.15,28.29,50.41,2.03,261.44,151.01,2.29,0.0
243,20-Dec-2020 - 00:00,21-Dec-2020 - 00:00,116.6,14.66,47.58,37.23,,0.17,16.52,3.54,7.93,28.27,50.86,1.72,257.87,145.04,1.8,0.0
244,21-Dec-2020 - 00:00,22-Dec-2020 - 00:00,156.04,23.85,50.35,46.16,,0.17,17.39,4.46,11.54,28.41,54.95,1.14,247.19,134.41,3.25,0.0
245,22-Dec-2020 - 00:00,23-Dec-2020 - 00:00,245.03,40.83,59.19,64.67,,0.16,17.85,5.92,20.95,28.36,63.03,0.92,172.34,96.62,6.23,0.0
246,23-Dec-2020 - 00:00,24-Dec-2020 - 00:00,266.79,74.99,61.99,93.94,,0.14,17.17,6.49,23.1,28.18,65.05,0.61,158.77,116.63,9.66,0.0
247,24-Dec-2020 - 00:00,25-Dec-2020 - 00:00,236.82,30.99,59.07,56.61,,0.33,17.13,5.4,13.64,28.24,65.65,0.88,263.68,122.81,4.5,0.0
248,25-Dec-2020 - 00:00,26-Dec-2020 - 00:00,183.13,18.48,53.42,43.44,,0.18,16.9,4.78,13.44,27.95,60.05,1.21,267.59,125.8,2.16,0.0
249,26-Dec-2020 - 00:00,27-Dec-2020 - 00:00,168.06,17.47,52.09,41.91,,0.25,16.84,4.66,14.59,28.02,59.32,1.02,235.12,129.04,2.53,0.0
250,27-Dec-2020 - 00:00,28-Dec-2020 - 00:00,152.16,9.43,36.25,26.94,,0.25,16.36,3.62,7.99,27.92,62.51,1.43,132.93,120.63,1.19,0.0
251,28-Dec-2020 - 00:00,29-Dec-2020 - 00:00,108.7,8.48,28.48,22.05,,0.31,16.42,2.63,2.28,27.78,50.82,3.41,214.52,128.35,0.66,0.0
252,29-Dec-2020 - 00:00,30-Dec-2020 - 00:00,130.95,8.65,33.77,24.98,,0.24,16.39,2.91,4.07,27.8,56.32,2.9,252.88,141.26,0.66,0.0
253,30-Dec-2020 - 00:00,31-Dec-2020 - 00:00,119.9,5.05,28.15,19.08,,0.17,16.43,2.8,2.0,27.68,68.36,2.89,230.85,138.35,0.54,0.0
254,31-Dec-2020 - 00:00,01-Jan-2021 - 00:00,171.19,12.62,34.03,28.36,,0.31,17.25,3.55,5.57,27.47,76.7,1.84,160.77,110.3,0.89,0.0
255,01-Jan-2021 - 00:00,02-Jan-2021 - 00:00,239.37,25.3,37.67,40.62,,0.3,17.15,4.7,9.6,27.86,70.53,1.06,78.62,104.56,1.63,0.0
256,02-Jan-2021 - 00:00,03-Jan-2021 - 00:00,185.94,7.63,32.54,23.51,,0.39,18.3,3.99,5.44,27.95,69.46,1.41,125.14,56.81,0.84,0.0
257,03-Jan-2021 - 00:00,04-Jan-2021 - 00:00,123.71,3.12,17.23,11.7,,0.17,18.26,2.74,0.73,27.92,77.56,3.05,129.81,84.64,0.41,0.09
258,04-Jan-2021 - 00:00,05-Jan-2021 - 00:00,60.72,6.24,17.06,14.14,,0.4,19.07,2.53,2.7,27.78,78.03,2.24,147.2,116.9,0.68,0.0
259,05-Jan-2021 - 00:00,06-Jan-2021 - 00:00,85.33,4.2,19.06,13.55,,0.35,18.76,2.82,3.52,27.94,71.01,1.9,114.44,129.96,0.65,0.0
260,06-Jan-2021 - 00:00,07-Jan-2021 - 00:00,126.85,5.2,16.65,13.07,,0.14,19.01,2.97,3.51,27.63,79.17,2.09,166.56,98.57,0.6,0.0
261,07-Jan-2021 - 00:00,08-Jan-2021 - 00:00,102.55,7.6,16.23,14.82,,,19.18,2.68,3.91,27.63,87.21,2.33,234.77,72.72,0.62,0.0
262,08-Jan-2021 - 00:00,09-Jan-2021 - 00:00,101.34,5.86,15.36,12.94,,,19.24,2.74,2.3,27.63,89.23,1.28,135.09,78.21,0.48,0.0
263,09-Jan-2021 - 00:00,10-Jan-2021 - 00:00,125.35,6.86,17.46,14.85,,,18.74,2.71,4.03,27.67,81.85,2.51,243.84,115.66,0.55,0.15
264,10-Jan-2021 - 00:00,11-Jan-2021 - 00:00,102.26,4.65,14.91,11.7,,,18.19,2.15,0.51,27.46,76.11,3.62,274.15,143.26,0.4,0.0
265,11-Jan-2021 - 00:00,12-Jan-2021 - 00:00,93.99,4.63,18.55,13.64,,,16.89,2.08,1.89,27.44,74.6,3.8,251.4,154.14,0.45,0.0
266,12-Jan-2021 - 00:00,13-Jan-2021 - 00:00,96.35,18.8,32.1,32.35,,,18.01,2.71,2.67,27.72,63.01,1.69,219.18,160.38,0.7,0.0
267,13-Jan-2021 - 00:00,14-Jan-2021 - 00:00,192.11,19.2,34.07,33.74,,,17.61,3.87,7.83,27.65,74.19,1.31,253.45,134.19,1.72,0.0
268,14-Jan-2021 - 00:00,15-Jan-2021 - 00:00,215.7,10.46,35.01,27.13,,,15.35,3.94,8.93,27.76,70.54,0.69,263.26,138.41,1.12,0.0
269,15-Jan-2021 - 00:00,16-Jan-2021 - 00:00,179.02,14.96,30.57,28.43,,,16.11,4.04,8.68,27.94,69.24,0.76,280.55,145.94,1.52,0.0
270,16-Jan-2021 - 00:00,17-Jan-2021 - 00:00,210.89,23.8,34.17,37.54,,,17.11,4.65,12.73,27.85,74.67,0.88,295.23,134.96,2.57,0.0
271,17-Jan-2021 - 00:00,18-Jan-2021 - 00:00,160.61,7.51,18.4,15.89,,,18.51,3.94,3.81,27.88,90.86,1.61,201.03,49.64,0.78,0.0
272,18-Jan-2021 - 00:00,19-Jan-2021 - 00:00,155.31,9.54,18.99,17.85,,,17.08,3.25,3.34,27.98,77.61,1.47,166.83,105.79,1.01,0.0
273,19-Jan-2021 - 00:00,20-Jan-2021 - 00:00,177.3,9.69,20.07,18.56,,,17.71,3.67,4.11,27.71,83.77,1.58,253.01,120.72,0.57,0.0
274,20-Jan-2021 - 00:00,21-Jan-2021 - 00:00,106.4,7.68,20.6,17.2,,0.0,16.95,2.99,5.58,27.89,72.15,2.81,237.48,158.3,0.86,0.0
275,21-Jan-2021 - 00:00,22-Jan-2021 - 00:00,103.2,33.41,27.29,41.68,,,14.49,4.36,13.96,28.47,58.95,2.16,219.09,172.12,4.53,0.0
276,22-Jan-2021 - 00:00,23-Jan-2021 - 00:00,167.76,16.15,23.2,25.47,,,15.85,4.61,14.02,28.51,70.47,2.12,106.89,153.85,3.04,0.0
277,23-Jan-2021 - 00:00,24-Jan-2021 - 00:00,109.68,3.37,14.92,10.68,,,15.87,2.93,1.63,28.54,74.8,2.12,86.6,144.43,0.47,0.0
278,24-Jan-2021 - 00:00,25-Jan-2021 - 00:00,152.43,7.52,19.61,16.54,,,17.82,3.36,2.99,28.36,89.23,1.96,264.53,57.92,0.64,0.0
279,25-Jan-2021 - 00:00,26-Jan-2021 - 00:00,145.47,6.04,15.71,13.28,,,15.91,2.91,3.44,28.68,79.28,2.02,266.74,141.67,0.68,0.0
280,26-Jan-2021 - 00:00,27-Jan-2021 - 00:00,166.95,18.97,23.97,28.17,,,15.76,4.01,8.93,28.71,78.69,1.19,195.81,143.55,1.92,0.0
281,27-Jan-2021 - 00:00,28-Jan-2021 - 00:00,156.39,39.69,30.69,48.59,,,13.4,4.54,11.76,28.71,67.78,1.42,237.97,166.22,3.87,0.0
282,28-Jan-2021 - 00:00,29-Jan-2021 - 00:00,166.46,21.61,19.95,28.19,,,17.58,4.54,10.19,28.67,79.89,1.0,239.49,123.6,3.13,0.0
283,29-Jan-2021 - 00:00,30-Jan-2021 - 00:00,125.51,6.17,23.95,17.76,,,13.57,3.77,11.89,28.71,71.46,2.29,231.13,145.96,1.07,0.0
284,30-Jan-2021 - 00:00,31-Jan-2021 - 00:00,121.02,27.06,28.54,37.18,,,10.94,3.88,10.98,28.78,54.38,2.23,238.23,171.74,3.69,0.0
285,31-Jan-2021 - 00:00,01-Feb-2021 - 00:00,148.09,31.18,32.74,42.76,,,15.33,5.05,18.38,28.79,54.24,0.99,157.91,172.86,4.46,0.0
286,01-Feb-2021 - 00:00,02-Feb-2021 - 00:00,129.17,38.0,34.62,49.31,,,15.03,4.58,12.94,28.76,55.04,1.18,185.73,167.3,4.58,0.0
287,02-Feb-2021 - 00:00,03-Feb-2021 - 00:00,144.07,20.81,33.45,34.71,,,16.17,4.89,15.75,28.86,56.24,1.07,177.89,158.24,3.92,0.0
288,03-Feb-2021 - 00:00,04-Feb-2021 - 00:00,92.04,3.26,18.33,12.4,,,12.76,2.86,2.43,28.85,56.01,2.4,78.71,152.05,0.61,0.0
289,04-Feb-2021 - 00:00,05-Feb-2021 - 00:00,68.04,3.48,13.61,10.07,,,10.69,2.38,1.67,28.74,60.16,2.77,170.13,108.0,0.47,0.0
290,05-Feb-2021 - 00:00,06-Feb-2021 - 00:00,43.95,4.46,13.45,10.78,,,13.9,2.44,1.25,28.58,72.16,2.15,253.23,152.88,0.44,0.0
291,06-Feb-2021 - 00:00,07-Feb-2021 - 00:00,61.95,4.69,16.16,12.41,,,11.99,2.46,2.49,28.52,67.7,3.4,252.02,172.48,0.51,0.0
292,07-Feb-2021 - 00:00,08-Feb-2021 - 00:00,71.67,14.72,21.07,23.17,,,11.94,2.55,3.31,28.57,62.79,2.61,239.87,169.77,1.2,0.0
293,08-Feb-2021 - 00:00,09-Feb-2021 - 00:00,112.41,29.84,31.29,40.14,,,15.45,3.76,8.7,28.62,62.6,1.19,236.17,164.86,2.57,0.0
294,09-Feb-2021 - 00:00,10-Feb-2021 - 00:00,118.9,10.13,25.19,22.11,,,17.07,3.5,8.13,28.67,56.62,1.03,198.37,171.74,1.47,0.0
295,10-Feb-2021 - 00:00,11-Feb-2021 - 00:00,106.81,9.57,27.46,22.37,,,15.86,3.71,8.47,28.57,54.22,1.19,150.14,169.0,1.15,0.0
296,11-Feb-2021 - 00:00,12-Feb-2021 - 00:00,112.23,19.94,28.08,31.14,,,17.17,3.68,9.47,28.59,60.13,1.28,236.74,172.22,1.52,0.0
297,12-Feb-2021 - 00:00,13-Feb-2021 - 00:00,148.66,7.06,22.97,17.97,,,13.71,3.37,4.42,28.6,65.32,1.06,268.81,136.43,0.7,0.0
298,13-Feb-2021 - 00:00,14-Feb-2021 - 00:00,160.03,25.62,26.57,34.98,,,17.21,4.18,12.76,28.53,68.64,0.77,247.87,145.03,1.51,0.0
299,14-Feb-2021 - 00:00,15-Feb-2021 - 00:00,153.31,19.95,28.17,31.2,,,25.76,4.47,12.82,28.66,60.59,0.64,188.04,164.12,2.5,0.0
300,15-Feb-2021 - 00:00,16-Feb-2021 - 00:00,105.43,6.9,26.49,19.7,,,15.41,3.47,6.07,28.77,53.48,1.18,82.84,143.57,1.24,0.0
301,16-Feb-2021 - 00:00,17-Feb-2021 - 00:00,87.53,5.76,21.65,16.2,,,12.82,3.07,5.47,28.72,53.32,1.47,124.63,163.79,0.91,0.0
302,17-Feb-2021 - 00:00,18-Feb-2021 - 00:00,100.86,29.07,28.33,38.71,,0.08,14.46,4.31,14.87,28.72,55.86,0.86,129.84,143.19,3.42,0.0
303,18-Feb-2021 - 00:00,19-Feb-2021 - 00:00,105.53,15.05,28.02,27.14,,,16.08,4.04,13.69,29.02,55.08,0.85,232.3,151.0,2.29,0.0
304,19-Feb-2021 - 00:00,20-Feb-2021 - 00:00,108.68,10.95,28.86,24.26,,,20.1,3.43,5.7,29.12,54.57,1.21,271.55,157.12,0.84,0.0
305,20-Feb-2021 - 00:00,21-Feb-2021 - 00:00,120.0,16.32,29.6,29.01,,,15.89,3.52,5.96,29.33,57.83,1.3,263.76,169.5,1.06,0.0
306,21-Feb-2021 - 00:00,22-Feb-2021 - 00:00,88.48,13.01,27.09,24.99,,,16.94,3.04,6.75,29.24,51.09,1.69,265.18,184.57,0.98,0.0
307,22-Feb-2021 - 00:00,23-Feb-2021 - 00:00,90.16,14.24,26.05,25.43,,,15.28,2.92,4.61,29.23,48.47,1.74,257.43,183.44,0.79,0.0
308,23-Feb-2021 - 00:00,24-Feb-2021 - 00:00,98.79,29.26,31.43,40.5,,,16.06,4.05,13.64,29.01,46.1,1.31,243.85,180.54,2.64,0.0
309,24-Feb-2021 - 00:00,25-Feb-2021 - 00:00,98.19,26.6,29.85,37.49,,,17.0,4.27,19.92,29.0,44.8,1.54,243.7,190.67,3.16,0.0
310,25-Feb-2021 - 00:00,26-Feb-2021 - 00:00,93.21,11.15,27.24,23.55,,,17.54,3.68,14.98,28.99,47.02,1.69,246.83,180.94,1.59,0.0
311,26-Feb-2021 - 00:00,27-Feb-2021 - 00:00,72.36,26.46,20.64,32.64,,,20.08,2.91,7.6,29.16,45.23,2.58,246.6,197.12,1.16,0.0
312,27-Feb-2021 - 00:00,28-Feb-2021 - 00:00,67.07,8.34,15.46,14.99,,,10.9,2.47,4.08,29.03,40.78,3.25,234.7,204.4,0.86,0.0
313,28-Feb-2021 - 00:00,01-Mar-2021 - 00:00,110.03,15.49,22.61,24.62,,,17.4,3.39,6.87,29.04,42.45,1.34,188.01,184.2,1.23,0.0
314,01-Mar-2021 - 00:00,02-Mar-2021 - 00:00,75.05,4.01,14.66,11.07,,,9.71,2.51,0.67,28.88,44.77,3.57,274.07,203.14,0.48,0.0
315,02-Mar-2021 - 00:00,03-Mar-2021 - 00:00,57.12,3.98,14.89,11.15,,,5.19,1.96,1.77,28.92,43.79,3.86,265.27,209.07,0.43,0.0
316,03-Mar-2021 - 00:00,04-Mar-2021 - 00:00,74.61,17.37,23.14,26.32,,,11.51,3.11,7.45,29.04,40.55,2.13,239.28,214.2,1.71,0.0
317,04-Mar-2021 - 00:00,05-Mar-2021 - 00:00,86.6,9.41,26.05,21.5,,,18.15,2.98,6.63,29.06,39.31,1.58,181.88,211.7,1.01,0.0
318,05-Mar-2021 - 00:00,06-Mar-2021 - 00:00,93.48,6.07,20.81,16.01,,,10.55,2.09,0.94,28.89,44.79,3.22,256.21,210.95,0.36,0.0
319,06-Mar-2021 - 00:00,07-Mar-2021 - 00:00,80.3,15.52,21.62,24.11,,,10.24,2.25,3.78,28.97,41.09,2.37,251.59,218.61,0.68,0.0
320,07-Mar-2021 - 00:00,08-Mar-2021 - 00:00,92.76,4.86,15.26,12.08,,,8.3,2.15,1.83,28.8,39.49,1.96,183.26,199.13,0.41,0.0
321,08-Mar-2021 - 00:00,09-Mar-2021 - 00:00,85.63,3.54,11.52,9.0,,,11.06,1.81,0.17,29.08,47.27,2.38,203.22,179.44,0.3,0.0
322,09-Mar-2021 - 00:00,10-Mar-2021 - 00:00,103.41,3.4,13.16,9.76,,,13.43,1.89,0.13,29.32,50.63,1.92,129.27,189.19,0.35,0.0
323,10-Mar-2021 - 00:00,11-Mar-2021 - 00:00,80.76,4.01,14.04,10.72,,0.0,12.18,2.22,1.14,28.94,50.3,2.15,213.21,193.9,0.43,0.0
324,11-Mar-2021 - 00:00,12-Mar-2021 - 00:00,100.9,4.86,16.26,12.59,,,14.23,2.81,3.99,28.57,46.43,1.46,190.96,201.16,0.57,0.0
325,12-Mar-2021 - 00:00,13-Mar-2021 - 00:00,78.16,5.27,16.34,12.97,,,11.12,2.63,4.13,28.74,50.79,1.88,129.52,64.59,0.53,0.0
326,13-Mar-2021 - 00:00,14-Mar-2021 - 00:00,45.56,13.21,16.09,19.26,,,14.46,2.46,4.36,28.79,51.12,2.09,193.6,212.02,1.04,0.0
327,14-Mar-2021 - 00:00,15-Mar-2021 - 00:00,88.59,9.82,18.85,17.99,,,16.1,2.82,6.56,28.61,46.21,1.88,246.7,209.73,0.93,0.0
328,15-Mar-2021 - 00:00,16-Mar-2021 - 00:00,95.7,11.65,22.47,21.42,,,15.45,2.79,4.97,28.75,44.13,1.66,222.77,195.76,0.88,0.0
329,16-Mar-2021 - 00:00,17-Mar-2021 - 00:00,145.1,6.62,17.87,14.89,,,13.93,2.04,0.18,28.75,45.46,2.05,247.81,187.07,0.34,0.0
330,17-Mar-2021 - 00:00,18-Mar-2021 - 00:00,154.46,10.03,19.79,18.67,,,15.23,2.33,2.54,28.62,41.47,1.38,200.59,183.59,0.37,0.0
331,18-Mar-2021 - 00:00,19-Mar-2021 - 00:00,145.49,8.14,16.56,15.42,,,14.1,2.21,1.19,28.79,43.56,1.41,177.1,164.99,0.35,0.02
332,19-Mar-2021 - 00:00,20-Mar-2021 - 00:00,98.79,6.32,17.47,14.43,,,15.17,2.17,1.43,28.73,44.28,1.49,220.86,163.38,0.34,0.0
333,20-Mar-2021 - 00:00,21-Mar-2021 - 00:00,73.72,5.2,14.22,11.79,,,10.87,2.31,3.32,28.81,38.79,2.66,242.68,204.85,0.57,0.0
334,21-Mar-2021 - 00:00,22-Mar-2021 - 00:00,95.64,6.82,16.38,14.26,,,13.62,2.68,5.0,28.74,39.36,1.98,151.44,203.01,0.66,0.0
335,22-Mar-2021 - 00:00,23-Mar-2021 - 00:00,94.11,2.93,7.24,6.24,,,4.72,1.55,0.0,28.77,43.97,3.75,158.66,181.64,0.25,0.0
336,23-Mar-2021 - 00:00,24-Mar-2021 - 00:00,52.38,3.28,7.4,6.59,,,6.59,1.45,0.0,28.73,46.9,3.81,177.41,204.55,0.26,0.0
337,24-Mar-2021 - 00:00,25-Mar-2021 - 00:00,41.7,3.21,11.0,8.15,,,9.41,1.71,1.06,28.74,38.79,3.12,171.57,328.64,0.32,0.0
338,25-Mar-2021 - 00:00,26-Mar-2021 - 00:00,44.0,3.69,14.23,10.53,,,5.13,1.66,0.11,28.49,38.09,4.76,88.91,323.36,0.37,0.0
339,26-Mar-2021 - 00:00,27-Mar-2021 - 00:00,56.82,6.17,22.06,16.74,,,11.91,1.56,0.12,28.47,43.87,2.98,123.15,237.29,0.25,0.0
340,27-Mar-2021 - 00:00,28-Mar-2021 - 00:00,82.56,5.54,22.21,16.31,,,11.72,2.08,1.06,28.37,39.64,1.41,144.05,222.95,0.31,0.0
341,28-Mar-2021 - 00:00,29-Mar-2021 - 00:00,111.62,5.82,23.43,17.19,,,10.7,2.3,2.25,28.33,37.55,1.35,178.49,222.47,0.44,0.0
342,29-Mar-2021 - 00:00,30-Mar-2021 - 00:00,95.77,4.59,13.77,11.05,,,11.49,2.12,0.6,28.41,32.76,2.35,166.55,229.27,0.37,0.0
343,30-Mar-2021 - 00:00,31-Mar-2021 - 00:00,146.63,3.59,8.41,7.39,,,11.48,1.59,0.1,28.81,32.59,4.86,95.78,230.07,0.32,0.0
344,31-Mar-2021 - 00:00,01-Apr-2021 - 00:00,84.97,3.13,8.78,7.01,,5.77,11.2,1.43,0.01,29.03,31.42,5.22,86.71,300.9,0.29,0.0
345,01-Apr-2021 - 00:00,02-Apr-2021 - 00:00,64.79,4.31,15.83,10.77,,,5.4,1.79,0.53,28.44,23.02,5.04,108.68,374.78,0.39,0.0
346,02-Apr-2021 - 00:00,03-Apr-2021 - 00:00,66.23,4.17,15.81,11.81,,,50.42,1.79,0.42,28.72,26.07,2.6,106.99,255.54,0.48,0.0
347,03-Apr-2021 - 00:00,04-Apr-2021 - 00:00,66.2,8.94,20.47,18.15,,,2.33,1.9,2.69,28.3,25.74,1.48,161.36,255.28,0.34,0.0
348,04-Apr-2021 - 00:00,05-Apr-2021 - 00:00,102.31,37.56,33.24,48.23,,,2.15,1.91,1.53,28.26,28.05,1.46,118.9,239.45,0.33,0.0
349,05-Apr-2021 - 00:00,06-Apr-2021 - 00:00,136.72,39.87,32.28,49.59,,,2.51,2.06,1.7,29.17,30.15,1.61,199.02,224.22,0.5,0.0
350,06-Apr-2021 - 00:00,07-Apr-2021 - 00:00,109.21,3.6,16.85,11.88,,,2.27,1.61,0.18,29.54,30.76,2.61,186.72,225.86,0.28,0.0
351,07-Apr-2021 - 00:00,08-Apr-2021 - 00:00,130.88,3.7,16.79,11.93,,,2.62,1.45,0.02,28.71,36.59,3.34,109.98,210.63,0.26,0.0
352,08-Apr-2021 - 00:00,09-Apr-2021 - 00:00,89.51,3.53,14.8,10.74,,,,1.84,1.06,28.54,30.59,3.36,97.1,233.88,0.33,0.0
353,09-Apr-2021 - 00:00,10-Apr-2021 - 00:00,71.34,4.31,19.44,13.84,,,1.6,2.17,1.03,28.61,25.99,2.37,108.45,243.37,0.37,0.0
354,10-Apr-2021 - 00:00,11-Apr-2021 - 00:00,81.68,15.49,28.65,27.83,,,27.95,2.35,2.22,28.67,26.89,1.62,124.33,254.36,0.39,0.0
355,11-Apr-2021 - 00:00,12-Apr-2021 - 00:00,103.22,32.44,30.3,42.48,,,50.6,2.66,5.21,28.6,27.05,1.58,163.34,255.34,0.51,0.0
356,12-Apr-2021 - 00:00,13-Apr-2021 - 00:00,106.13,41.27,35.04,52.18,,,39.82,2.38,2.63,28.99,27.18,1.44,160.91,243.28,0.47,0.0
357,13-Apr-2021 - 00:00,14-Apr-2021 - 00:00,106.54,9.07,26.6,21.52,,,55.54,1.96,2.77,29.08,27.99,2.07,114.91,229.21,0.35,0.0
358,14-Apr-2021 - 00:00,15-Apr-2021 - 00:00,100.77,4.74,16.46,12.61,,,88.92,1.63,0.14,28.85,28.41,2.8,166.98,234.37,0.31,0.0
359,15-Apr-2021 - 00:00,16-Apr-2021 - 00:00,78.63,7.16,18.63,15.73,,,81.78,1.91,2.65,28.64,27.83,2.65,112.51,228.54,0.38,0.0
360,16-Apr-2021 - 00:00,17-Apr-2021 - 00:00,69.86,4.18,15.79,11.8,,,76.24,1.74,0.62,28.6,27.11,2.31,161.11,259.51,0.34,0.0
361,17-Apr-2021 - 00:00,18-Apr-2021 - 00:00,45.88,3.55,18.64,12.34,,,100.49,1.56,0.43,28.54,34.16,3.47,152.55,340.93,0.26,0.0
362,18-Apr-2021 - 00:00,19-Apr-2021 - 00:00,65.48,3.08,11.8,8.77,,,97.46,1.66,0.0,28.52,34.59,2.55,184.74,251.89,0.29,0.0
363,19-Apr-2021 - 00:00,20-Apr-2021 - 00:00,93.91,4.23,24.3,16.36,,,73.23,2.18,1.22,28.52,31.48,2.15,137.74,245.15,0.56,0.0
364,20-Apr-2021 - 00:00,21-Apr-2021 - 00:00,82.26,8.14,22.69,18.68,,,84.71,2.35,2.52,28.47,31.41,2.04,193.4,175.21,0.53,0.0
365,21-Apr-2021 - 00:00,22-Apr-2021 - 00:00,47.67,3.4,10.76,8.47,,,101.2,1.61,0.65,28.49,41.6,3.14,176.59,230.61,0.31,0.04
