,From Date,To Date,PM2.5 (ug/m3),PM10 (ug/m3),NO (ug/m3),NO2 (ug/m3),NOx (ppb),NH3 (ug/m3),SO2 (ug/m3),CO (mg/m3),Ozone (ug/m3),Benzene (ug/m3),RH (),WS (m/s),WD (degree),SR (W/mt2),RF (mm)
0,21-Apr-2020 - 00:00,22-Apr-2020 - 00:00,,,,,,,,,,,,,,,
1,22-Apr-2020 - 00:00,23-Apr-2020 - 00:00,,,,,,,,,,,,,,,
2,23-Apr-2020 - 00:00,24-Apr-2020 - 00:00,,,,,,,,,,,,,,,
3,24-Apr-2020 - 00:00,25-Apr-2020 - 00:00,21.56,43.16,11.46,7.1,18.5,17.77,11.56,0.3,25.21,3.23,69.97,1.32,216.2,243.29,0.33
4,25-Apr-2020 - 00:00,26-Apr-2020 - 00:00,19.44,39.84,12.22,7.7,20.17,18.3,15.73,0.35,17.46,3.09,81.01,1.54,171.52,187.59,0.05
5,26-Apr-2020 - 00:00,27-Apr-2020 - 00:00,28.85,52.38,12.16,7.54,19.72,17.68,8.0,0.33,15.73,2.14,87.21,1.45,98.62,132.69,0.01
6,27-Apr-2020 - 00:00,28-Apr-2020 - 00:00,21.75,40.57,11.71,7.08,18.79,17.55,7.81,0.28,15.45,1.28,83.99,1.3,100.28,111.42,0.0
7,28-Apr-2020 - 00:00,29-Apr-2020 - 00:00,16.04,35.39,11.68,6.6,18.27,16.9,8.03,0.3,17.33,1.15,80.92,1.34,105.1,181.21,0.0
8,29-Apr-2020 - 00:00,30-Apr-2020 - 00:00,28.29,54.0,12.14,7.04,19.18,16.88,8.17,0.35,20.56,1.8,78.2,1.19,116.86,157.66,0.0
9,30-Apr-2020 - 00:00,01-May-2020 - 00:00,36.05,70.5,12.82,6.5,19.32,17.16,8.43,0.36,18.82,2.4,75.6,1.16,103.76,163.5,0.0
10,01-May-2020 - 00:00,02-May-2020 - 00:00,28.26,55.36,12.31,8.57,20.81,13.89,7.51,0.32,15.67,4.88,83.24,1.16,152.28,160.85,0.0
11,02-May-2020 - 00:00,03-May-2020 - 00:00,22.88,47.49,8.48,9.92,17.96,16.41,10.5,0.46,15.2,3.57,86.05,1.38,88.13,112.27,0.01
12,03-May-2020 - 00:00,04-May-2020 - 00:00,30.48,54.55,10.13,8.58,18.69,15.98,8.61,0.47,19.71,2.47,75.19,1.22,119.94,206.95,0.0
13,04-May-2020 - 00:00,05-May-2020 - 00:00,45.89,83.71,10.1,9.07,19.16,16.07,7.71,0.57,15.97,3.05,73.62,0.85,170.69,157.87,0.0
14,05-May-2020 - 00:00,06-May-2020 - 00:00,25.62,48.18,10.48,7.28,17.78,15.46,8.52,0.44,18.4,1.23,71.32,0.8,139.87,148.49,0.0
15,06-May-2020 - 00:00,07-May-2020 - 00:00,11.93,32.7,10.67,7.95,18.62,15.45,12.44,0.39,21.85,5.86,77.96,0.75,168.99,363.59,0.15
16,07-May-2020 - 00:00,08-May-2020 - 00:00,26.5,46.3,22.05,16.7,36.79,7.83,9.74,0.3,24.51,1.2,71.08,0.75,111.43,39.71,0.02
17,08-May-2020 - 00:00,09-May-2020 - 00:00,27.33,47.69,10.01,14.78,24.78,7.06,7.05,0.46,22.15,6.24,69.91,0.93,187.59,216.99,0.0
18,09-May-2020 - 00:00,10-May-2020 - 00:00,42.41,76.01,9.94,13.78,23.72,6.93,3.83,0.47,19.66,2.91,66.93,0.64,183.03,204.78,0.0
19,10-May-2020 - 00:00,11-May-2020 - 00:00,54.27,93.69,9.19,14.05,23.35,6.52,2.88,0.55,13.84,2.98,75.89,0.52,160.46,266.23,0.18
20,11-May-2020 - 00:00,12-May-2020 - 00:00,29.62,62.34,9.66,14.73,24.38,7.07,5.92,0.65,22.06,1.59,67.95,0.66,191.93,216.06,0.0
21,12-May-2020 - 00:00,13-May-2020 - 00:00,32.96,79.49,11.51,17.68,29.02,7.87,6.87,0.47,22.09,16.82,69.39,13.13,177.81,195.95,0.0
22,13-May-2020 - 00:00,14-May-2020 - 00:00,34.12,74.85,16.5,17.04,33.54,7.41,4.75,0.64,20.06,7.75,67.97,30.54,197.11,177.35,0.0
23,14-May-2020 - 00:00,15-May-2020 - 00:00,29.14,47.55,17.27,17.71,34.98,7.81,3.8,0.39,13.24,10.05,82.21,30.82,186.62,18.63,0.0
24,15-May-2020 - 00:00,16-May-2020 - 00:00,44.34,90.76,,,,237.65,4.05,0.33,21.66,2.16,65.34,1.55,141.01,23.93,0.0
25,16-May-2020 - 00:00,17-May-2020 - 00:00,36.73,87.55,11.29,32.65,43.94,17.25,7.29,0.61,27.57,10.51,53.56,0.91,209.89,190.64,0.0
26,17-May-2020 - 00:00,18-May-2020 - 00:00,45.56,88.2,12.32,16.39,25.99,11.84,7.75,0.52,26.17,14.57,57.41,0.92,203.65,137.86,0.0
27,18-May-2020 - 00:00,19-May-2020 - 00:00,28.2,66.09,10.37,13.47,23.8,10.16,2.94,0.5,19.74,3.18,60.25,0.99,175.32,188.69,0.0
28,19-May-2020 - 00:00,20-May-2020 - 00:00,19.93,39.23,11.7,12.11,22.65,10.22,3.44,0.45,7.58,0.85,72.72,0.66,150.98,82.11,0.0
29,20-May-2020 - 00:00,21-May-2020 - 00:00,21.61,43.42,13.99,3.52,13.39,9.2,4.19,0.35,12.37,1.06,84.32,1.43,72.9,35.13,0.3
30,21-May-2020 - 00:00,22-May-2020 - 00:00,,,,,,,,,,,,,,,
31,22-May-2020 - 00:00,23-May-2020 - 00:00,23.58,54.6,12.89,6.41,19.28,7.32,3.48,0.4,19.57,1.11,70.6,0.92,188.94,194.94,0.0
32,23-May-2020 - 00:00,24-May-2020 - 00:00,41.89,84.46,14.89,6.06,20.92,8.03,3.71,0.51,13.9,0.7,79.83,0.7,170.48,237.38,0.0
33,24-May-2020 - 00:00,25-May-2020 - 00:00,43.49,95.02,12.74,6.99,19.51,7.12,2.2,0.43,16.76,1.01,73.08,0.88,177.93,77.35,0.0
34,25-May-2020 - 00:00,26-May-2020 - 00:00,29.49,70.36,14.84,5.69,20.52,7.62,2.2,0.52,14.93,0.88,79.02,1.18,193.06,139.82,0.0
35,26-May-2020 - 00:00,27-May-2020 - 00:00,29.7,68.83,13.31,7.07,20.37,8.85,2.29,0.51,14.36,1.0,78.64,1.39,204.38,132.84,0.0
36,27-May-2020 - 00:00,28-May-2020 - 00:00,20.68,49.36,11.97,8.12,20.09,9.87,2.95,0.54,12.07,1.02,88.11,0.79,157.77,78.97,0.11
37,28-May-2020 - 00:00,29-May-2020 - 00:00,18.84,35.24,12.69,7.7,20.39,10.16,3.25,0.43,23.87,1.18,87.59,0.74,149.72,56.4,0.0
38,29-May-2020 - 00:00,30-May-2020 - 00:00,34.95,67.81,12.08,7.9,19.98,9.85,4.72,0.5,27.42,1.87,78.3,0.59,175.49,153.25,0.0
39,30-May-2020 - 00:00,31-May-2020 - 00:00,35.07,72.29,10.89,9.39,18.74,9.15,4.81,0.42,11.53,1.71,83.57,0.71,182.58,117.03,0.04
40,31-May-2020 - 00:00,01-Jun-2020 - 00:00,28.49,64.21,12.42,7.68,20.1,10.09,5.13,0.5,19.12,7.69,82.05,0.72,181.14,140.6,0.02
41,01-Jun-2020 - 00:00,02-Jun-2020 - 00:00,23.65,51.99,13.65,5.5,19.0,9.86,4.27,0.46,17.46,11.7,80.4,0.93,205.29,168.38,0.2
42,02-Jun-2020 - 00:00,03-Jun-2020 - 00:00,31.54,68.44,16.85,2.21,18.77,10.11,4.89,0.6,22.55,5.55,71.1,0.72,211.55,189.05,0.0
43,03-Jun-2020 - 00:00,04-Jun-2020 - 00:00,32.18,61.49,15.06,4.99,19.68,10.37,7.16,0.55,20.39,13.22,72.39,0.88,221.29,150.25,0.0
44,04-Jun-2020 - 00:00,05-Jun-2020 - 00:00,43.25,88.25,10.6,9.37,19.5,8.76,10.83,0.6,16.98,8.07,71.48,0.78,189.03,142.81,0.0
45,05-Jun-2020 - 00:00,06-Jun-2020 - 00:00,15.78,30.94,9.48,7.76,17.11,6.68,4.4,0.41,9.41,2.03,76.25,1.13,208.67,161.07,0.0
46,06-Jun-2020 - 00:00,07-Jun-2020 - 00:00,35.14,67.67,9.23,5.69,14.86,4.17,5.6,0.71,6.51,6.06,66.45,0.73,169.77,154.71,0.0
47,07-Jun-2020 - 00:00,08-Jun-2020 - 00:00,53.68,97.92,9.66,6.62,14.75,4.24,5.54,0.68,6.59,10.24,79.26,0.83,134.77,128.14,0.48
48,08-Jun-2020 - 00:00,09-Jun-2020 - 00:00,44.0,75.27,8.77,5.59,14.3,3.36,4.52,0.57,19.55,5.73,76.85,0.74,151.68,172.17,0.02
49,09-Jun-2020 - 00:00,10-Jun-2020 - 00:00,38.21,67.71,,,,,2.22,0.5,12.22,4.37,83.06,0.74,159.07,142.34,0.06
50,10-Jun-2020 - 00:00,11-Jun-2020 - 00:00,34.49,60.38,,,,,1.88,0.42,9.22,2.03,79.6,0.6,144.21,170.89,0.0
51,11-Jun-2020 - 00:00,12-Jun-2020 - 00:00,27.85,55.69,,,,,2.69,0.4,6.16,2.07,86.04,0.63,146.62,197.9,0.04
52,12-Jun-2020 - 00:00,13-Jun-2020 - 00:00,,,,,,,,,,,,,,,
53,13-Jun-2020 - 00:00,14-Jun-2020 - 00:00,,,,,,,,,,,,,,,
54,14-Jun-2020 - 00:00,15-Jun-2020 - 00:00,,,,,,,,,,,,,,,
55,15-Jun-2020 - 00:00,16-Jun-2020 - 00:00,,,,,,,,,,,,,,,
56,16-Jun-2020 - 00:00,17-Jun-2020 - 00:00,,,,,,,,,,,,,,,
57,17-Jun-2020 - 00:00,18-Jun-2020 - 00:00,,,,,,,,,,,,,,,
58,18-Jun-2020 - 00:00,19-Jun-2020 - 00:00,19.67,47.3,10.73,2.44,10.66,2.13,2.44,0.35,13.73,1.85,83.45,0.72,188.01,25.1,0.02
59,19-Jun-2020 - 00:00,20-Jun-2020 - 00:00,20.94,43.96,32.11,12.64,26.63,3.09,2.7,0.44,14.24,4.21,87.31,0.82,191.3,129.72,0.14
60,20-Jun-2020 - 00:00,21-Jun-2020 - 00:00,22.85,41.54,12.65,15.15,27.63,3.52,2.7,0.43,9.08,1.18,87.56,0.54,152.59,147.53,0.12
61,21-Jun-2020 - 00:00,22-Jun-2020 - 00:00,16.32,36.57,17.97,9.21,27.18,4.01,2.76,0.44,6.79,1.04,91.43,0.44,128.7,81.85,0.01
62,22-Jun-2020 - 00:00,23-Jun-2020 - 00:00,23.94,46.49,13.69,12.05,25.74,3.29,2.44,0.54,8.02,1.78,91.56,0.64,144.39,112.1,0.12
63,23-Jun-2020 - 00:00,24-Jun-2020 - 00:00,24.87,52.98,9.3,12.84,22.13,3.23,2.32,0.39,8.33,1.03,90.4,0.7,166.94,111.68,0.01
64,24-Jun-2020 - 00:00,25-Jun-2020 - 00:00,20.97,48.36,10.33,8.41,18.74,5.46,2.8,0.34,7.33,3.16,83.83,1.1,205.46,133.84,0.0
65,25-Jun-2020 - 00:00,26-Jun-2020 - 00:00,18.31,40.5,10.5,8.26,18.77,5.39,1.97,0.36,8.66,3.73,87.11,1.24,210.41,118.0,0.28
66,26-Jun-2020 - 00:00,27-Jun-2020 - 00:00,20.42,45.73,10.9,8.25,19.15,5.48,2.27,0.4,7.25,6.63,93.7,1.37,205.55,80.2,0.05
67,27-Jun-2020 - 00:00,28-Jun-2020 - 00:00,26.97,58.59,10.97,8.38,19.35,5.49,2.98,0.55,12.36,17.02,82.69,2.06,219.3,152.99,0.09
68,28-Jun-2020 - 00:00,29-Jun-2020 - 00:00,24.26,50.65,10.91,8.39,19.3,5.5,2.73,0.5,10.4,12.61,90.35,1.82,205.65,122.83,0.06
69,29-Jun-2020 - 00:00,30-Jun-2020 - 00:00,21.18,39.88,10.6,8.31,18.92,5.35,2.3,0.35,10.38,1.31,94.08,1.49,173.57,93.14,0.33
70,30-Jun-2020 - 00:00,01-Jul-2020 - 00:00,33.64,61.24,10.85,8.38,19.23,5.55,2.78,0.5,8.02,11.52,83.74,1.39,177.0,181.99,0.0
71,01-Jul-2020 - 00:00,02-Jul-2020 - 00:00,23.5,46.7,10.46,8.38,18.84,5.34,2.31,0.39,9.25,3.16,79.58,1.9,216.05,119.3,0.0
72,02-Jul-2020 - 00:00,03-Jul-2020 - 00:00,28.09,54.13,10.62,8.34,18.96,5.35,2.55,0.49,8.07,4.75,88.22,1.79,215.69,100.45,0.02
73,03-Jul-2020 - 00:00,04-Jul-2020 - 00:00,32.65,52.9,10.58,8.25,18.83,5.37,2.43,0.38,6.96,1.3,85.0,0.79,170.19,137.67,0.0
74,04-Jul-2020 - 00:00,05-Jul-2020 - 00:00,17.35,34.27,10.5,8.41,18.92,5.41,3.0,0.32,6.32,0.93,87.26,0.72,162.11,151.09,0.13
75,05-Jul-2020 - 00:00,06-Jul-2020 - 00:00,12.75,28.25,10.63,8.4,19.03,5.61,3.43,0.3,12.97,1.34,98.39,0.76,110.44,38.27,0.05
76,06-Jul-2020 - 00:00,07-Jul-2020 - 00:00,15.98,34.17,10.25,8.72,18.97,5.48,2.6,0.39,6.54,1.31,98.24,0.58,167.78,52.43,0.15
77,07-Jul-2020 - 00:00,08-Jul-2020 - 00:00,22.97,40.57,10.17,9.23,19.4,5.39,2.31,0.42,6.08,1.86,96.41,0.63,166.38,64.03,0.03
78,08-Jul-2020 - 00:00,09-Jul-2020 - 00:00,31.1,54.39,10.19,8.68,18.87,5.47,2.97,0.45,6.43,6.13,92.9,0.62,173.96,101.92,0.19
79,09-Jul-2020 - 00:00,10-Jul-2020 - 00:00,21.85,41.58,10.58,8.22,18.8,5.59,2.66,0.77,5.88,26.1,95.45,0.91,185.29,66.88,0.33
80,10-Jul-2020 - 00:00,11-Jul-2020 - 00:00,23.26,49.56,10.64,8.08,18.72,5.68,2.93,0.39,6.44,8.06,90.23,0.99,185.23,168.09,0.01
81,11-Jul-2020 - 00:00,12-Jul-2020 - 00:00,20.9,39.21,10.4,8.26,18.66,5.66,3.37,0.45,5.73,12.05,96.11,0.71,212.97,66.6,0.11
82,12-Jul-2020 - 00:00,13-Jul-2020 - 00:00,28.48,58.79,10.46,8.12,18.58,5.67,1.89,0.58,7.06,6.39,91.09,0.75,207.93,121.82,0.0
83,13-Jul-2020 - 00:00,14-Jul-2020 - 00:00,21.7,45.31,10.65,7.85,18.5,5.74,2.05,0.58,8.12,20.54,93.55,0.82,180.87,129.0,0.07
84,14-Jul-2020 - 00:00,15-Jul-2020 - 00:00,40.04,71.93,10.74,8.26,18.99,5.87,1.65,0.47,6.7,4.04,90.92,0.57,138.79,124.29,0.0
85,15-Jul-2020 - 00:00,16-Jul-2020 - 00:00,18.23,34.01,10.54,8.3,18.84,5.8,1.99,0.33,9.03,1.21,88.25,0.56,153.65,138.34,0.0
86,16-Jul-2020 - 00:00,17-Jul-2020 - 00:00,11.44,25.49,10.25,8.19,18.45,5.65,2.59,0.31,12.38,0.66,82.92,0.65,170.47,157.46,0.0
87,17-Jul-2020 - 00:00,18-Jul-2020 - 00:00,9.77,19.63,10.17,8.33,18.5,5.63,2.77,0.33,9.44,0.55,82.19,0.65,184.39,142.49,0.0
88,18-Jul-2020 - 00:00,19-Jul-2020 - 00:00,17.42,35.67,10.19,8.29,18.48,5.63,2.87,0.4,9.51,2.64,87.71,0.7,180.35,102.86,0.06
89,19-Jul-2020 - 00:00,20-Jul-2020 - 00:00,19.79,38.0,11.2,8.39,19.6,6.33,3.26,0.46,6.02,12.6,91.42,0.98,189.45,91.14,0.02
90,20-Jul-2020 - 00:00,21-Jul-2020 - 00:00,20.93,43.39,10.4,7.94,18.35,5.74,3.0,0.47,8.71,9.69,89.87,0.91,214.61,91.51,0.03
91,21-Jul-2020 - 00:00,22-Jul-2020 - 00:00,19.19,41.68,10.61,7.78,18.38,5.85,3.63,0.53,8.75,17.23,96.31,0.82,201.63,91.65,0.02
92,22-Jul-2020 - 00:00,23-Jul-2020 - 00:00,23.37,46.79,10.39,7.95,18.36,5.86,2.69,0.46,11.02,16.78,90.21,0.73,201.68,97.69,0.01
93,23-Jul-2020 - 00:00,24-Jul-2020 - 00:00,24.87,46.04,10.34,8.26,18.6,5.96,2.98,0.41,11.47,9.95,97.72,0.66,185.22,45.25,0.11
94,24-Jul-2020 - 00:00,25-Jul-2020 - 00:00,22.65,37.42,10.28,8.08,18.37,5.87,2.96,0.44,11.99,17.73,95.74,0.59,125.74,88.5,0.19
95,25-Jul-2020 - 00:00,26-Jul-2020 - 00:00,33.17,60.83,10.05,8.26,18.31,5.87,3.85,0.45,12.54,5.78,89.12,0.63,199.01,143.4,0.0
96,26-Jul-2020 - 00:00,27-Jul-2020 - 00:00,35.95,61.92,10.09,8.26,18.35,5.85,3.52,0.48,16.07,11.86,85.32,0.66,204.56,167.8,0.01
97,27-Jul-2020 - 00:00,28-Jul-2020 - 00:00,37.62,64.65,10.25,8.04,18.28,5.85,3.08,0.45,17.51,11.48,88.9,0.75,164.26,94.59,0.0
98,28-Jul-2020 - 00:00,29-Jul-2020 - 00:00,33.5,63.78,10.26,8.18,18.44,5.92,2.74,0.4,19.6,8.09,89.93,0.64,154.28,118.25,0.33
99,29-Jul-2020 - 00:00,30-Jul-2020 - 00:00,18.82,34.19,9.93,8.26,18.18,5.76,3.09,0.36,20.06,11.33,88.42,0.7,204.53,140.87,0.02
100,30-Jul-2020 - 00:00,31-Jul-2020 - 00:00,15.65,34.79,10.22,8.13,18.36,5.89,2.98,0.3,15.22,8.2,86.41,0.92,208.29,167.74,0.0
101,31-Jul-2020 - 00:00,01-Aug-2020 - 00:00,22.08,41.96,9.89,5.16,15.04,4.26,2.22,0.36,17.34,3.05,93.07,0.77,105.74,22.16,0.0
102,01-Aug-2020 - 00:00,02-Aug-2020 - 00:00,36.89,61.74,9.73,2.14,11.87,2.59,3.77,0.44,16.77,4.71,88.96,0.65,158.28,131.29,0.01
103,02-Aug-2020 - 00:00,03-Aug-2020 - 00:00,43.46,70.19,9.3,2.43,11.73,2.48,2.92,0.44,19.9,3.44,87.48,0.91,70.01,109.04,0.0
104,03-Aug-2020 - 00:00,04-Aug-2020 - 00:00,43.19,72.55,9.21,2.25,11.46,2.42,2.58,0.38,21.94,10.64,84.28,0.83,128.93,167.16,0.02
105,04-Aug-2020 - 00:00,05-Aug-2020 - 00:00,36.22,65.45,9.38,2.09,11.47,2.5,1.92,0.35,16.18,2.4,91.75,0.83,34.2,115.83,0.43
106,05-Aug-2020 - 00:00,06-Aug-2020 - 00:00,,,,,,,,,,,,,,,
107,06-Aug-2020 - 00:00,07-Aug-2020 - 00:00,25.95,47.46,8.41,7.74,16.14,3.5,2.05,0.46,15.62,2.54,99.24,0.6,162.16,135.5,1.06
108,07-Aug-2020 - 00:00,08-Aug-2020 - 00:00,15.53,29.62,8.16,7.6,15.75,2.92,2.75,0.32,19.85,1.34,90.27,0.6,143.96,407.83,0.18
109,08-Aug-2020 - 00:00,09-Aug-2020 - 00:00,19.87,39.62,8.12,8.17,16.29,2.89,2.72,0.38,22.74,3.79,88.29,0.68,182.82,,0.0
110,09-Aug-2020 - 00:00,10-Aug-2020 - 00:00,26.87,48.5,8.12,8.12,16.25,2.85,2.7,0.35,21.97,1.73,92.38,0.69,168.07,,0.0
111,10-Aug-2020 - 00:00,11-Aug-2020 - 00:00,18.69,36.86,8.53,8.31,16.83,3.36,3.29,0.31,17.14,1.72,91.24,0.72,179.83,,0.0
112,11-Aug-2020 - 00:00,12-Aug-2020 - 00:00,17.38,34.42,9.07,9.84,18.91,4.05,2.96,0.32,17.91,4.49,89.1,0.66,178.75,,0.0
113,12-Aug-2020 - 00:00,13-Aug-2020 - 00:00,23.11,39.46,9.1,9.5,18.59,4.06,3.11,0.41,19.21,3.36,92.87,0.66,149.31,,0.01
114,13-Aug-2020 - 00:00,14-Aug-2020 - 00:00,25.31,53.38,8.89,9.08,17.98,4.0,3.22,0.4,17.45,2.25,93.73,0.51,166.01,,0.12
115,14-Aug-2020 - 00:00,15-Aug-2020 - 00:00,14.25,24.08,9.0,9.58,18.58,4.12,1.91,0.35,14.56,1.42,92.79,0.7,155.08,,0.01
116,15-Aug-2020 - 00:00,16-Aug-2020 - 00:00,10.95,20.31,8.81,9.75,18.58,4.14,2.57,0.27,18.86,1.05,94.01,0.93,130.6,,0.13
117,16-Aug-2020 - 00:00,17-Aug-2020 - 00:00,18.44,35.06,8.81,9.84,18.65,4.06,2.39,0.37,18.9,1.78,96.11,0.39,180.19,,0.0
118,17-Aug-2020 - 00:00,18-Aug-2020 - 00:00,26.52,51.15,8.69,8.77,17.45,3.91,2.46,0.35,19.77,1.81,93.4,0.54,157.47,,0.07
119,18-Aug-2020 - 00:00,19-Aug-2020 - 00:00,32.51,63.29,8.66,8.81,17.53,4.1,2.31,0.4,20.2,1.84,92.19,0.57,129.18,,0.0
120,19-Aug-2020 - 00:00,20-Aug-2020 - 00:00,14.78,31.08,8.65,9.21,17.86,4.12,2.12,0.31,17.83,1.22,92.71,0.81,155.56,,0.03
121,20-Aug-2020 - 00:00,21-Aug-2020 - 00:00,7.23,15.67,8.82,10.1,18.92,4.27,2.34,0.3,17.35,0.84,98.09,0.53,171.17,,0.25
122,21-Aug-2020 - 00:00,22-Aug-2020 - 00:00,10.52,20.61,8.95,10.64,19.58,4.42,2.58,0.33,15.84,1.45,98.99,0.51,169.16,,0.13
123,22-Aug-2020 - 00:00,23-Aug-2020 - 00:00,21.55,37.77,8.84,9.64,18.48,4.33,2.98,0.42,14.91,15.68,95.71,0.64,151.21,,0.05
124,23-Aug-2020 - 00:00,24-Aug-2020 - 00:00,29.28,51.89,9.14,10.81,19.93,4.63,2.85,0.41,13.86,5.98,95.6,0.62,166.56,,0.03
125,24-Aug-2020 - 00:00,25-Aug-2020 - 00:00,32.52,60.26,8.96,9.87,18.84,4.43,2.41,0.45,14.19,4.88,93.09,0.79,89.2,,0.01
126,25-Aug-2020 - 00:00,26-Aug-2020 - 00:00,31.63,60.81,8.81,9.46,18.26,4.39,2.24,0.36,16.09,1.61,92.15,1.25,20.56,,0.02
127,26-Aug-2020 - 00:00,27-Aug-2020 - 00:00,15.35,26.8,8.58,8.94,17.52,4.24,2.24,0.31,17.65,1.22,95.8,1.14,89.72,,0.13
128,27-Aug-2020 - 00:00,28-Aug-2020 - 00:00,12.31,25.33,8.8,9.95,18.75,4.46,2.82,0.31,16.89,1.53,97.79,0.47,169.72,,0.06
129,28-Aug-2020 - 00:00,29-Aug-2020 - 00:00,16.77,28.69,10.24,10.42,20.66,4.59,2.21,0.3,16.49,1.4,89.3,0.63,183.45,,0.01
130,29-Aug-2020 - 00:00,30-Aug-2020 - 00:00,13.83,30.98,13.15,11.8,24.96,5.29,3.15,0.36,20.08,6.09,82.31,1.01,214.65,,0.0
131,30-Aug-2020 - 00:00,31-Aug-2020 - 00:00,19.41,42.18,13.24,12.4,25.62,5.45,5.31,0.51,19.92,27.15,83.93,0.78,216.9,,0.0
132,31-Aug-2020 - 00:00,01-Sep-2020 - 00:00,26.52,75.47,14.06,13.82,27.88,5.93,3.19,0.51,8.45,26.48,93.72,0.48,260.62,,0.0
133,01-Sep-2020 - 00:00,02-Sep-2020 - 00:00,,,,,,,,,,,,,,,
134,02-Sep-2020 - 00:00,03-Sep-2020 - 00:00,,,,,,,,,,,,,,,
135,03-Sep-2020 - 00:00,04-Sep-2020 - 00:00,20.69,41.85,14.81,12.2,27.01,7.01,4.49,0.36,18.67,1.83,80.23,0.62,200.54,,0.0
136,04-Sep-2020 - 00:00,05-Sep-2020 - 00:00,24.1,50.22,15.21,14.95,30.16,7.1,4.8,0.5,14.9,7.96,93.52,0.73,220.5,,0.07
137,05-Sep-2020 - 00:00,06-Sep-2020 - 00:00,28.54,49.69,14.65,14.15,28.8,6.6,2.32,0.41,19.42,4.5,89.38,0.72,215.07,,0.0
138,06-Sep-2020 - 00:00,07-Sep-2020 - 00:00,32.41,67.32,14.12,12.66,26.75,6.06,2.78,0.37,22.02,8.01,86.25,0.72,198.07,,0.0
139,07-Sep-2020 - 00:00,08-Sep-2020 - 00:00,30.55,61.87,14.26,13.07,27.33,6.15,2.74,0.47,21.19,16.18,90.94,0.72,192.42,,0.01
140,08-Sep-2020 - 00:00,09-Sep-2020 - 00:00,30.15,53.08,14.24,12.14,26.38,5.97,2.2,0.42,24.64,11.47,90.43,0.68,166.47,,0.03
141,09-Sep-2020 - 00:00,10-Sep-2020 - 00:00,34.07,64.64,14.29,12.11,26.4,5.84,2.04,0.55,25.5,19.6,94.74,0.63,159.22,,0.02
142,10-Sep-2020 - 00:00,11-Sep-2020 - 00:00,40.06,71.99,14.23,12.2,26.43,5.87,2.01,0.52,23.17,8.15,92.59,0.59,169.26,,0.0
143,11-Sep-2020 - 00:00,12-Sep-2020 - 00:00,39.15,67.36,14.23,13.12,27.35,6.06,2.23,0.41,20.88,2.06,89.75,0.6,189.94,,0.0
144,12-Sep-2020 - 00:00,13-Sep-2020 - 00:00,18.75,39.34,14.32,14.2,28.51,6.32,2.02,0.33,15.03,2.69,90.04,0.77,194.54,,0.0
145,13-Sep-2020 - 00:00,14-Sep-2020 - 00:00,10.46,23.45,14.35,14.96,29.09,6.56,2.05,0.28,23.53,1.83,88.91,0.84,209.35,,0.0
146,14-Sep-2020 - 00:00,15-Sep-2020 - 00:00,13.06,36.91,13.5,11.37,24.87,5.6,2.4,0.28,14.21,2.24,79.71,0.85,208.8,,0.0
147,15-Sep-2020 - 00:00,16-Sep-2020 - 00:00,11.68,41.18,13.77,12.21,25.98,5.9,2.58,0.3,16.14,1.45,84.08,0.95,214.76,,0.0
148,16-Sep-2020 - 00:00,17-Sep-2020 - 00:00,12.73,41.22,14.44,14.98,29.42,6.62,3.47,0.34,14.72,1.6,82.59,0.92,210.92,,0.0
149,17-Sep-2020 - 00:00,18-Sep-2020 - 00:00,23.88,48.77,,,,,5.22,0.41,13.45,4.76,90.8,0.76,182.89,,0.02
150,18-Sep-2020 - 00:00,19-Sep-2020 - 00:00,22.54,48.22,4.17,24.46,28.63,8.63,3.58,0.36,21.99,4.31,95.63,0.62,165.37,,0.14
151,19-Sep-2020 - 00:00,20-Sep-2020 - 00:00,26.33,50.68,5.51,22.46,27.97,10.11,2.77,0.51,18.42,2.16,89.13,0.71,145.1,,0.0
152,20-Sep-2020 - 00:00,21-Sep-2020 - 00:00,40.94,77.03,7.56,17.31,24.86,10.7,2.5,0.43,13.12,2.27,98.53,0.99,55.19,,0.0
153,21-Sep-2020 - 00:00,22-Sep-2020 - 00:00,21.35,46.31,7.07,17.35,24.41,10.28,2.76,0.33,15.78,1.6,93.7,0.5,194.06,,0.02
154,22-Sep-2020 - 00:00,23-Sep-2020 - 00:00,16.09,33.74,7.01,17.81,24.81,10.0,3.28,0.28,19.71,1.9,92.71,0.62,175.16,,0.0
155,23-Sep-2020 - 00:00,24-Sep-2020 - 00:00,11.9,26.86,6.78,18.63,25.41,10.24,2.8,0.19,21.82,0.9,89.69,0.63,176.92,,0.02
156,24-Sep-2020 - 00:00,25-Sep-2020 - 00:00,18.77,40.74,7.08,18.6,25.68,10.21,2.48,0.29,21.11,3.33,89.55,0.88,212.09,,0.02
157,25-Sep-2020 - 00:00,26-Sep-2020 - 00:00,21.17,38.29,7.37,18.16,25.53,10.27,3.85,0.39,22.33,7.72,88.69,0.99,208.27,,0.18
158,26-Sep-2020 - 00:00,27-Sep-2020 - 00:00,27.1,47.59,7.22,17.82,25.04,10.34,4.09,0.46,15.55,9.5,93.25,0.79,203.59,,0.01
159,27-Sep-2020 - 00:00,28-Sep-2020 - 00:00,27.13,50.53,,,,,2.89,0.47,13.36,10.6,91.35,0.91,79.27,,0.0
160,28-Sep-2020 - 00:00,29-Sep-2020 - 00:00,22.74,42.39,,,,,2.46,0.42,15.43,2.05,91.09,1.03,30.57,,0.0
161,29-Sep-2020 - 00:00,30-Sep-2020 - 00:00,39.39,71.54,,,,,2.82,0.51,16.04,3.03,90.97,1.01,81.91,,0.0
162,30-Sep-2020 - 00:00,01-Oct-2020 - 00:00,41.73,79.51,,,,,2.54,0.45,13.52,3.37,94.36,0.74,107.36,,0.17
163,01-Oct-2020 - 00:00,02-Oct-2020 - 00:00,39.84,80.23,,,,,2.38,0.46,15.07,3.7,89.69,0.68,122.36,,0.46
164,02-Oct-2020 - 00:00,03-Oct-2020 - 00:00,23.58,42.55,,,,,2.2,0.39,14.95,1.92,92.08,0.66,128.93,,0.0
165,03-Oct-2020 - 00:00,04-Oct-2020 - 00:00,29.47,60.03,6.53,24.21,30.74,8.65,3.36,0.46,13.81,4.94,90.85,0.62,193.23,,0.0
166,04-Oct-2020 - 00:00,05-Oct-2020 - 00:00,34.77,66.24,5.39,17.81,23.2,9.14,3.11,0.46,12.67,4.57,92.05,0.69,154.95,,0.08
167,05-Oct-2020 - 00:00,06-Oct-2020 - 00:00,39.51,72.94,6.3,18.3,24.59,9.27,2.7,0.51,9.3,4.33,93.99,0.49,213.73,,0.0
168,06-Oct-2020 - 00:00,07-Oct-2020 - 00:00,15.38,26.35,4.22,19.01,23.23,10.91,2.49,0.36,16.81,1.31,88.79,0.78,170.42,171.44,0.08
169,07-Oct-2020 - 00:00,08-Oct-2020 - 00:00,28.2,49.67,6.05,18.35,24.32,26.13,2.82,0.47,12.43,1.96,95.72,0.69,176.96,69.96,0.11
170,08-Oct-2020 - 00:00,09-Oct-2020 - 00:00,45.23,81.38,8.05,26.68,34.72,33.93,4.9,0.57,15.0,3.28,88.55,0.58,160.52,192.82,0.0
171,09-Oct-2020 - 00:00,10-Oct-2020 - 00:00,50.66,93.24,8.55,26.49,35.04,32.58,3.15,0.54,11.86,4.6,90.06,0.67,152.83,92.6,0.0
172,10-Oct-2020 - 00:00,11-Oct-2020 - 00:00,50.21,90.75,6.25,24.83,31.07,31.57,3.27,0.53,11.83,3.48,85.36,0.88,117.94,157.48,0.0
173,11-Oct-2020 - 00:00,12-Oct-2020 - 00:00,55.17,104.86,6.17,25.47,31.64,31.8,4.32,0.48,21.09,3.63,76.77,0.61,172.35,140.63,0.0
174,12-Oct-2020 - 00:00,13-Oct-2020 - 00:00,61.21,120.54,7.29,29.83,37.12,35.18,4.39,0.55,24.47,2.98,77.8,0.63,208.15,168.89,0.0
175,13-Oct-2020 - 00:00,14-Oct-2020 - 00:00,56.15,112.26,8.36,27.95,36.31,42.14,2.98,0.54,20.71,4.06,79.85,0.68,152.34,167.75,0.0
176,14-Oct-2020 - 00:00,15-Oct-2020 - 00:00,52.71,110.3,6.84,28.33,35.13,45.96,2.7,0.59,14.65,3.78,87.08,0.65,180.17,56.89,0.0
177,15-Oct-2020 - 00:00,16-Oct-2020 - 00:00,45.89,90.84,6.27,26.64,32.91,40.42,4.94,0.49,15.81,3.32,79.17,0.66,152.18,160.05,0.0
178,16-Oct-2020 - 00:00,17-Oct-2020 - 00:00,30.61,77.92,6.33,27.62,33.95,41.62,4.94,0.48,17.39,13.26,82.29,0.7,178.26,140.84,0.0
179,17-Oct-2020 - 00:00,18-Oct-2020 - 00:00,57.88,106.53,6.28,27.89,34.17,39.03,4.29,0.5,19.64,7.76,82.9,0.87,126.18,153.7,0.0
180,18-Oct-2020 - 00:00,19-Oct-2020 - 00:00,63.57,118.21,6.37,27.53,33.9,31.95,4.08,0.48,18.76,4.03,78.97,0.93,114.4,158.41,0.0
181,19-Oct-2020 - 00:00,20-Oct-2020 - 00:00,73.3,133.8,6.08,27.42,33.49,32.13,3.65,0.52,17.72,4.0,77.8,0.86,112.5,170.54,0.0
182,20-Oct-2020 - 00:00,21-Oct-2020 - 00:00,77.29,151.09,6.64,26.76,33.4,37.91,4.21,0.56,28.97,4.13,72.37,1.08,119.92,179.96,0.0
183,21-Oct-2020 - 00:00,22-Oct-2020 - 00:00,74.24,142.22,6.66,26.33,32.96,36.6,6.53,0.62,23.02,3.56,82.3,0.88,148.93,124.28,0.0
184,22-Oct-2020 - 00:00,23-Oct-2020 - 00:00,17.06,35.18,5.17,19.37,24.54,31.53,4.94,0.36,15.46,1.74,85.0,0.9,151.84,157.79,0.0
185,23-Oct-2020 - 00:00,24-Oct-2020 - 00:00,14.37,31.42,5.21,19.91,25.12,28.38,4.01,0.36,12.69,1.75,86.02,1.39,34.53,126.28,0.0
186,24-Oct-2020 - 00:00,25-Oct-2020 - 00:00,27.58,55.47,5.47,22.82,28.29,28.97,4.25,0.41,14.64,2.15,82.6,1.04,57.67,135.54,0.0
187,25-Oct-2020 - 00:00,26-Oct-2020 - 00:00,48.94,103.02,6.03,28.65,34.68,28.4,6.23,0.63,23.92,3.65,67.09,0.72,180.45,162.07,0.0
188,26-Oct-2020 - 00:00,27-Oct-2020 - 00:00,67.56,130.35,5.68,29.9,35.59,27.27,7.25,0.74,26.28,4.84,59.34,0.74,145.2,164.06,0.0
189,27-Oct-2020 - 00:00,28-Oct-2020 - 00:00,62.91,127.35,5.28,29.55,34.82,26.59,7.92,0.67,27.03,4.88,56.63,0.83,144.24,199.92,0.0
190,28-Oct-2020 - 00:00,29-Oct-2020 - 00:00,75.3,144.17,6.84,32.75,39.55,37.94,6.44,0.7,31.51,4.65,61.91,0.78,133.96,169.23,0.0
191,29-Oct-2020 - 00:00,30-Oct-2020 - 00:00,64.22,129.37,5.39,25.17,30.56,36.21,5.34,0.54,29.21,3.81,62.87,1.06,78.06,165.05,0.0
192,30-Oct-2020 - 00:00,31-Oct-2020 - 00:00,61.45,126.82,4.64,21.52,26.16,30.6,5.03,0.47,35.21,2.85,57.54,1.24,40.37,188.47,0.0
193,31-Oct-2020 - 00:00,01-Nov-2020 - 00:00,55.29,116.23,4.76,24.03,28.79,29.72,5.3,0.48,32.82,2.74,57.85,1.16,60.59,181.72,0.0
194,01-Nov-2020 - 00:00,02-Nov-2020 - 00:00,50.54,106.0,4.77,23.16,27.93,29.81,4.88,0.47,32.71,2.81,65.67,1.16,38.89,159.49,0.0
195,02-Nov-2020 - 00:00,03-Nov-2020 - 00:00,70.46,139.87,4.65,25.46,30.1,29.83,5.51,0.56,31.8,3.49,63.37,1.03,91.52,168.25,0.0
196,03-Nov-2020 - 00:00,04-Nov-2020 - 00:00,102.79,205.65,5.11,30.46,35.57,30.95,6.83,0.68,32.05,4.64,53.29,0.93,120.34,162.56,0.0
197,04-Nov-2020 - 00:00,05-Nov-2020 - 00:00,99.93,203.34,7.0,34.76,41.68,37.75,8.81,0.79,22.84,5.82,49.7,0.76,162.31,167.44,0.0
198,05-Nov-2020 - 00:00,06-Nov-2020 - 00:00,96.01,194.39,8.77,35.92,44.69,45.23,10.03,1.06,20.14,11.22,54.49,0.79,194.89,153.39,0.0
199,06-Nov-2020 - 00:00,07-Nov-2020 - 00:00,102.06,216.21,13.71,43.3,57.01,47.78,8.14,0.82,17.27,6.9,56.09,0.87,144.53,149.44,0.0
200,07-Nov-2020 - 00:00,08-Nov-2020 - 00:00,103.76,199.01,7.08,31.91,38.99,45.39,5.97,0.73,28.74,4.82,55.79,0.92,95.56,141.1,0.0
201,08-Nov-2020 - 00:00,09-Nov-2020 - 00:00,79.44,149.02,7.58,26.92,34.5,46.21,4.99,0.6,17.73,3.85,61.37,0.94,111.07,179.21,0.0
202,09-Nov-2020 - 00:00,10-Nov-2020 - 00:00,54.62,112.14,9.61,29.52,39.42,45.04,4.65,0.53,16.37,5.27,58.66,1.06,95.83,207.83,0.0
203,10-Nov-2020 - 00:00,11-Nov-2020 - 00:00,56.62,114.32,13.77,34.31,48.08,57.33,5.0,0.6,26.33,4.77,62.64,1.21,127.07,182.53,0.0
204,11-Nov-2020 - 00:00,12-Nov-2020 - 00:00,38.39,91.39,8.66,28.51,37.17,48.28,5.27,0.44,27.21,3.43,54.84,1.46,70.69,186.13,0.0
205,12-Nov-2020 - 00:00,13-Nov-2020 - 00:00,31.24,82.36,6.95,28.23,35.18,45.3,4.61,0.41,26.71,2.78,48.28,1.48,47.53,202.29,0.0
206,13-Nov-2020 - 00:00,14-Nov-2020 - 00:00,35.94,98.89,7.2,27.29,34.49,48.58,4.06,0.48,31.25,2.81,51.59,1.36,32.46,157.18,0.0
207,14-Nov-2020 - 00:00,15-Nov-2020 - 00:00,62.67,122.87,6.9,25.97,32.87,47.82,4.31,0.51,36.33,3.47,57.03,1.26,77.07,167.31,0.0
208,15-Nov-2020 - 00:00,16-Nov-2020 - 00:00,67.68,132.28,6.73,25.38,32.01,47.47,5.17,0.51,38.04,3.2,59.15,1.26,89.72,151.19,0.0
209,16-Nov-2020 - 00:00,17-Nov-2020 - 00:00,71.41,127.6,6.85,24.06,30.9,49.77,4.81,0.53,42.18,3.42,57.08,1.04,96.63,161.03,0.0
210,17-Nov-2020 - 00:00,18-Nov-2020 - 00:00,70.68,140.29,7.48,25.62,33.1,51.81,4.9,0.6,36.13,4.0,59.01,1.15,102.41,178.87,0.0
211,18-Nov-2020 - 00:00,19-Nov-2020 - 00:00,73.48,151.11,11.0,31.47,42.47,67.04,6.3,0.82,30.72,10.68,65.01,1.07,141.95,109.84,0.0
212,19-Nov-2020 - 00:00,20-Nov-2020 - 00:00,100.51,190.67,9.67,35.19,44.86,64.98,7.8,0.73,28.02,8.87,69.46,1.04,90.89,106.68,0.0
213,20-Nov-2020 - 00:00,21-Nov-2020 - 00:00,91.15,158.25,7.43,26.57,34.0,57.73,5.81,0.75,28.43,6.11,79.41,1.09,167.72,91.69,0.01
214,21-Nov-2020 - 00:00,22-Nov-2020 - 00:00,92.42,150.39,7.33,24.14,31.48,53.56,3.81,0.6,32.47,4.82,75.25,1.09,152.43,76.78,0.0
215,22-Nov-2020 - 00:00,23-Nov-2020 - 00:00,72.09,137.34,8.23,28.71,36.94,52.77,5.2,0.58,33.53,4.46,55.26,1.01,154.03,137.85,0.0
216,23-Nov-2020 - 00:00,24-Nov-2020 - 00:00,77.61,149.64,9.38,37.99,47.36,38.04,4.38,0.7,26.66,5.07,54.97,1.24,126.5,166.06,0.0
217,24-Nov-2020 - 00:00,25-Nov-2020 - 00:00,86.39,157.56,8.21,29.11,37.32,26.14,3.87,0.76,34.1,5.27,53.96,1.17,144.56,170.83,0.0
218,25-Nov-2020 - 00:00,26-Nov-2020 - 00:00,80.57,145.42,15.67,38.07,53.74,27.45,3.86,0.74,30.48,4.83,58.08,1.05,148.68,141.67,0.0
219,26-Nov-2020 - 00:00,27-Nov-2020 - 00:00,73.98,137.02,5.13,12.54,17.67,21.85,4.17,0.66,19.33,4.56,66.94,1.14,107.18,92.71,0.0
220,27-Nov-2020 - 00:00,28-Nov-2020 - 00:00,61.53,117.73,4.04,7.78,11.82,21.1,3.97,0.52,23.67,3.69,66.03,1.35,88.68,49.69,0.0
221,28-Nov-2020 - 00:00,29-Nov-2020 - 00:00,73.17,133.5,4.84,9.06,13.86,21.1,3.78,0.56,32.51,3.8,55.49,1.16,104.67,151.49,0.0
222,29-Nov-2020 - 00:00,30-Nov-2020 - 00:00,83.18,170.94,9.95,18.92,28.87,21.0,3.88,0.67,28.35,4.37,55.43,1.12,117.04,130.99,0.0
223,30-Nov-2020 - 00:00,01-Dec-2020 - 00:00,78.18,150.53,11.18,28.86,40.05,26.23,4.36,0.71,29.7,4.88,56.15,0.77,147.26,124.29,0.0
224,01-Dec-2020 - 00:00,02-Dec-2020 - 00:00,86.63,164.47,13.03,38.81,51.84,32.69,4.8,0.76,32.83,5.11,58.16,0.66,164.33,139.61,0.0
225,02-Dec-2020 - 00:00,03-Dec-2020 - 00:00,108.28,210.73,17.23,40.61,57.84,35.04,4.58,1.02,31.67,6.76,62.91,0.74,157.5,128.67,0.0
226,03-Dec-2020 - 00:00,04-Dec-2020 - 00:00,134.1,244.95,14.82,39.33,54.15,33.33,5.34,0.97,34.46,7.24,64.93,0.92,166.36,119.47,0.0
227,04-Dec-2020 - 00:00,05-Dec-2020 - 00:00,156.72,275.15,16.48,50.82,67.3,38.39,7.05,1.12,37.77,11.88,61.56,0.79,199.01,128.01,0.0
228,05-Dec-2020 - 00:00,06-Dec-2020 - 00:00,187.84,326.33,18.17,46.52,64.69,37.15,6.47,1.3,25.56,12.78,73.91,0.82,168.15,88.72,0.0
229,06-Dec-2020 - 00:00,07-Dec-2020 - 00:00,190.4,325.63,20.29,40.58,60.87,35.43,6.23,1.27,27.47,13.05,72.35,0.79,156.05,102.31,0.0
230,07-Dec-2020 - 00:00,08-Dec-2020 - 00:00,189.48,324.83,25.4,45.84,71.24,40.33,6.24,1.22,19.21,11.05,72.13,1.08,147.69,101.95,0.0
231,08-Dec-2020 - 00:00,09-Dec-2020 - 00:00,138.08,263.3,14.37,37.73,52.1,33.19,5.38,1.17,27.78,12.14,87.72,1.05,131.38,79.06,0.0
232,09-Dec-2020 - 00:00,10-Dec-2020 - 00:00,150.93,255.79,17.76,42.05,59.81,35.66,5.43,1.14,21.6,10.81,80.92,0.78,192.11,90.82,0.0
233,10-Dec-2020 - 00:00,11-Dec-2020 - 00:00,145.3,248.66,15.52,36.36,51.87,32.98,5.3,1.04,26.07,8.76,81.43,0.84,189.69,101.97,0.0
234,11-Dec-2020 - 00:00,12-Dec-2020 - 00:00,130.25,235.48,12.68,37.05,49.73,31.92,5.94,0.88,25.33,7.69,84.36,1.0,103.57,81.98,0.0
235,12-Dec-2020 - 00:00,13-Dec-2020 - 00:00,123.22,217.43,16.63,31.74,48.37,30.87,4.88,0.96,23.25,8.17,82.55,0.78,164.01,88.33,0.0
236,13-Dec-2020 - 00:00,14-Dec-2020 - 00:00,134.11,243.33,20.22,32.7,52.92,33.61,5.04,0.99,21.66,9.36,77.19,0.89,148.82,83.19,0.0
237,14-Dec-2020 - 00:00,15-Dec-2020 - 00:00,86.25,151.35,14.46,35.55,50.01,31.98,4.81,0.67,19.85,5.3,67.17,0.99,105.38,124.52,0.0
238,15-Dec-2020 - 00:00,16-Dec-2020 - 00:00,77.83,150.66,12.34,30.69,43.04,29.51,4.65,0.62,28.72,4.53,60.28,0.97,132.78,73.18,0.0
239,16-Dec-2020 - 00:00,17-Dec-2020 - 00:00,78.58,144.87,11.87,29.59,41.46,28.88,4.41,0.63,26.87,5.09,58.02,1.04,94.57,118.67,0.0
240,17-Dec-2020 - 00:00,18-Dec-2020 - 00:00,88.36,159.88,11.32,29.12,40.44,28.41,4.7,0.64,27.62,4.62,65.53,1.0,110.41,104.27,0.0
241,18-Dec-2020 - 00:00,19-Dec-2020 - 00:00,80.37,150.88,11.6,31.67,43.27,29.57,5.24,0.59,32.48,4.23,52.61,1.12,93.79,160.64,0.0
242,19-Dec-2020 - 00:00,20-Dec-2020 - 00:00,86.22,155.97,10.97,30.5,41.47,29.16,4.7,0.61,39.82,4.22,53.49,1.65,66.07,132.99,0.0
243,20-Dec-2020 - 00:00,21-Dec-2020 - 00:00,96.98,173.66,10.81,26.48,37.29,27.6,4.58,0.66,40.03,4.62,54.04,2.43,97.96,125.36,0.0
244,21-Dec-2020 - 00:00,22-Dec-2020 - 00:00,124.89,225.26,11.83,32.05,43.87,30.14,4.66,0.84,37.9,6.01,61.64,2.04,115.73,114.9,0.0
245,22-Dec-2020 - 00:00,23-Dec-2020 - 00:00,133.03,244.14,12.38,33.11,45.48,30.77,4.76,0.97,30.54,7.26,69.07,1.72,157.01,126.61,0.0
246,23-Dec-2020 - 00:00,24-Dec-2020 - 00:00,127.07,214.28,13.8,38.56,52.37,33.04,8.25,0.9,28.41,6.68,66.97,1.7,173.99,118.34,0.0
247,24-Dec-2020 - 00:00,25-Dec-2020 - 00:00,114.99,208.64,18.61,38.05,56.66,54.73,6.09,0.89,27.95,6.7,66.12,1.83,120.59,110.76,0.0
248,25-Dec-2020 - 00:00,26-Dec-2020 - 00:00,81.17,204.94,18.33,30.39,48.73,78.66,6.3,0.81,27.53,6.51,62.19,1.21,150.68,122.3,0.0
249,26-Dec-2020 - 00:00,27-Dec-2020 - 00:00,111.19,198.8,15.98,26.99,42.96,72.43,6.31,0.8,29.02,6.25,61.27,1.4,131.82,126.59,0.0
250,27-Dec-2020 - 00:00,28-Dec-2020 - 00:00,115.55,208.46,19.04,30.93,49.97,73.28,6.88,0.94,27.24,7.08,60.59,0.86,135.92,136.5,0.0
251,28-Dec-2020 - 00:00,29-Dec-2020 - 00:00,134.87,258.27,19.54,39.76,59.3,76.55,8.93,1.08,31.54,8.09,61.05,0.83,187.23,119.09,0.0
252,29-Dec-2020 - 00:00,30-Dec-2020 - 00:00,125.28,223.47,24.47,41.39,65.86,80.38,8.02,0.98,27.42,7.34,53.4,0.94,163.74,125.73,0.0
253,30-Dec-2020 - 00:00,31-Dec-2020 - 00:00,122.9,225.07,19.99,41.63,61.62,79.46,6.75,0.85,25.06,6.79,61.54,2.38,134.63,85.84,0.0
254,31-Dec-2020 - 00:00,01-Jan-2021 - 00:00,117.41,211.83,16.63,33.83,50.46,76.65,5.7,0.7,31.3,5.62,59.89,2.98,85.11,112.72,0.0
255,01-Jan-2021 - 00:00,02-Jan-2021 - 00:00,99.95,174.81,15.15,25.32,40.46,72.93,5.26,0.59,41.22,4.28,53.5,2.77,63.68,126.98,0.0
256,02-Jan-2021 - 00:00,03-Jan-2021 - 00:00,122.84,229.26,31.3,43.2,74.51,80.03,6.61,1.01,29.64,6.97,50.81,2.17,137.01,136.35,0.0
257,03-Jan-2021 - 00:00,04-Jan-2021 - 00:00,120.37,208.5,27.28,38.52,65.8,77.96,8.92,1.01,32.76,7.97,43.82,0.76,173.04,123.28,0.0
258,04-Jan-2021 - 00:00,05-Jan-2021 - 00:00,162.68,297.71,28.4,50.13,78.53,87.53,10.14,1.18,21.87,9.1,61.23,0.66,191.38,72.83,0.0
259,05-Jan-2021 - 00:00,06-Jan-2021 - 00:00,167.46,301.26,38.14,49.57,87.7,97.52,9.66,1.23,24.3,12.64,63.32,0.68,202.97,121.2,0.0
260,06-Jan-2021 - 00:00,07-Jan-2021 - 00:00,142.56,242.78,30.62,53.79,84.41,95.4,7.96,0.94,18.29,8.51,61.96,0.6,182.37,118.34,0.0
261,07-Jan-2021 - 00:00,08-Jan-2021 - 00:00,114.35,209.48,30.28,49.08,79.36,96.45,11.27,0.82,21.37,7.25,54.83,0.72,139.63,124.62,0.0
262,08-Jan-2021 - 00:00,09-Jan-2021 - 00:00,86.1,167.61,25.22,44.44,69.66,96.47,6.71,0.74,19.84,5.54,62.03,0.69,164.27,70.24,0.0
263,09-Jan-2021 - 00:00,10-Jan-2021 - 00:00,119.55,226.78,24.83,51.73,76.57,97.18,4.14,0.88,20.3,7.56,64.65,0.55,206.94,27.12,0.0
264,10-Jan-2021 - 00:00,11-Jan-2021 - 00:00,112.46,210.98,23.11,38.81,61.92,90.86,3.36,0.81,22.35,7.01,62.19,0.66,177.42,117.51,0.0
265,11-Jan-2021 - 00:00,12-Jan-2021 - 00:00,89.66,175.08,19.69,35.92,55.61,85.64,5.2,0.61,20.44,4.95,66.79,0.78,118.69,107.18,0.0
266,12-Jan-2021 - 00:00,13-Jan-2021 - 00:00,83.32,156.87,16.95,32.42,49.36,85.17,4.22,0.57,34.34,4.42,69.55,0.87,84.17,111.97,0.0
267,13-Jan-2021 - 00:00,14-Jan-2021 - 00:00,99.47,184.45,16.76,31.86,48.62,81.75,7.51,0.67,33.32,5.41,64.1,0.9,80.82,59.98,0.0
268,14-Jan-2021 - 00:00,15-Jan-2021 - 00:00,108.59,190.66,18.18,43.52,61.19,81.42,7.26,0.84,33.0,9.86,62.17,0.87,187.84,81.39,0.0
269,15-Jan-2021 - 00:00,16-Jan-2021 - 00:00,138.59,230.95,17.57,37.95,55.53,84.87,5.85,0.8,39.05,11.88,70.32,0.93,68.1,87.98,0.0
270,16-Jan-2021 - 00:00,17-Jan-2021 - 00:00,139.45,230.99,16.74,31.2,47.95,81.31,5.09,0.68,33.51,10.17,76.31,0.93,103.3,83.24,0.0
271,17-Jan-2021 - 00:00,18-Jan-2021 - 00:00,123.2,214.68,16.47,30.51,46.98,76.34,4.81,0.67,34.74,9.61,73.1,0.97,75.57,112.04,0.0
272,18-Jan-2021 - 00:00,19-Jan-2021 - 00:00,140.34,252.23,27.66,43.42,71.09,82.8,5.15,0.9,25.08,12.4,70.37,0.85,143.12,115.4,0.0
273,19-Jan-2021 - 00:00,20-Jan-2021 - 00:00,157.81,264.9,21.27,46.2,67.47,85.1,6.4,1.03,31.82,14.94,68.62,0.8,153.5,86.99,0.0
274,20-Jan-2021 - 00:00,21-Jan-2021 - 00:00,137.95,249.45,20.44,42.03,62.46,78.66,7.41,0.79,25.39,13.88,58.98,0.88,125.86,116.09,0.0
275,21-Jan-2021 - 00:00,22-Jan-2021 - 00:00,98.83,198.83,17.6,35.44,53.05,74.58,7.36,0.69,29.41,11.41,57.79,0.82,144.72,115.25,0.0
276,22-Jan-2021 - 00:00,23-Jan-2021 - 00:00,119.34,208.8,16.97,35.35,52.32,76.44,7.04,0.73,36.61,10.48,62.67,0.72,196.36,133.9,0.0
277,23-Jan-2021 - 00:00,24-Jan-2021 - 00:00,128.17,244.07,17.44,33.59,51.03,75.29,6.45,0.87,36.13,12.01,71.51,0.84,174.49,134.56,0.0
278,24-Jan-2021 - 00:00,25-Jan-2021 - 00:00,125.91,224.37,16.72,29.5,46.23,75.16,6.49,0.68,49.66,19.42,63.35,0.86,96.35,154.38,0.0
279,25-Jan-2021 - 00:00,26-Jan-2021 - 00:00,104.29,200.02,17.12,33.14,50.26,75.42,6.6,0.72,29.56,11.58,75.87,1.22,65.91,82.74,0.0
280,26-Jan-2021 - 00:00,27-Jan-2021 - 00:00,87.65,156.13,16.48,27.68,44.16,69.88,4.84,0.58,31.38,8.71,66.7,1.17,71.49,125.11,0.0
281,27-Jan-2021 - 00:00,28-Jan-2021 - 00:00,86.72,163.06,15.5,29.93,45.42,65.95,4.24,0.54,32.91,7.41,62.45,1.47,40.99,137.12,0.0
282,28-Jan-2021 - 00:00,29-Jan-2021 - 00:00,85.3,157.23,20.85,43.03,63.88,65.54,5.3,0.74,31.17,8.29,62.29,1.76,104.15,136.12,0.0
283,29-Jan-2021 - 00:00,30-Jan-2021 - 00:00,143.43,246.71,17.11,41.07,58.17,63.06,10.99,0.96,28.68,13.94,68.33,2.11,130.76,70.22,0.0
284,30-Jan-2021 - 00:00,31-Jan-2021 - 00:00,111.37,195.43,15.48,32.44,47.92,60.37,5.24,0.66,31.51,10.03,63.15,2.36,122.48,112.98,0.0
285,31-Jan-2021 - 00:00,01-Feb-2021 - 00:00,99.57,168.65,14.96,29.49,44.45,58.72,4.95,0.7,31.78,11.37,59.18,1.24,173.36,134.09,0.0
286,01-Feb-2021 - 00:00,02-Feb-2021 - 00:00,91.72,162.99,11.44,38.61,50.05,27.39,4.89,0.78,35.85,8.83,51.42,0.77,136.8,149.26,0.0
287,02-Feb-2021 - 00:00,03-Feb-2021 - 00:00,96.87,184.08,12.07,38.9,51.06,24.19,4.94,0.9,34.35,10.26,51.5,0.78,177.65,123.58,0.0
288,03-Feb-2021 - 00:00,04-Feb-2021 - 00:00,125.5,220.36,13.11,53.61,66.73,29.19,4.63,0.7,34.16,11.88,54.67,0.74,161.99,121.02,0.0
289,04-Feb-2021 - 00:00,05-Feb-2021 - 00:00,132.44,223.17,13.85,42.12,55.97,26.51,4.63,0.85,30.85,11.74,53.11,0.66,149.1,148.61,0.0
290,05-Feb-2021 - 00:00,06-Feb-2021 - 00:00,149.36,262.54,24.46,43.38,67.84,29.04,5.28,1.07,24.7,17.53,57.26,0.78,204.24,96.03,0.0
291,06-Feb-2021 - 00:00,07-Feb-2021 - 00:00,112.06,207.79,13.47,42.76,56.23,26.36,4.45,0.74,29.59,10.16,56.69,1.24,104.36,115.13,0.0
292,07-Feb-2021 - 00:00,08-Feb-2021 - 00:00,44.25,105.69,11.59,29.97,41.56,22.77,3.86,0.57,32.32,16.75,57.39,0.98,114.34,141.58,0.0
293,08-Feb-2021 - 00:00,09-Feb-2021 - 00:00,66.9,129.36,11.21,27.5,43.39,23.73,3.59,0.59,33.49,6.49,50.01,0.77,142.93,187.71,0.0
294,09-Feb-2021 - 00:00,10-Feb-2021 - 00:00,95.03,195.62,13.12,46.0,54.19,26.87,6.36,0.95,34.59,9.78,53.42,0.78,174.03,203.95,0.0
295,10-Feb-2021 - 00:00,11-Feb-2021 - 00:00,115.89,227.08,18.2,59.69,77.88,32.74,12.97,1.11,41.82,17.81,46.21,0.83,117.9,236.21,0.0
296,11-Feb-2021 - 00:00,12-Feb-2021 - 00:00,101.81,186.18,12.39,40.67,53.06,26.15,16.73,0.58,41.46,12.45,51.25,0.84,144.82,188.93,0.0
297,12-Feb-2021 - 00:00,13-Feb-2021 - 00:00,97.64,207.87,15.05,43.74,58.66,27.29,18.68,0.81,27.66,9.55,47.72,0.78,155.55,168.09,0.0
298,13-Feb-2021 - 00:00,14-Feb-2021 - 00:00,98.6,183.09,13.97,35.54,49.51,24.87,19.94,0.91,28.54,11.94,47.14,0.88,124.36,113.04,0.0
299,14-Feb-2021 - 00:00,15-Feb-2021 - 00:00,,184.17,,,,,21.34,0.86,33.47,9.5,48.04,1.12,152.56,143.55,0.0
300,15-Feb-2021 - 00:00,16-Feb-2021 - 00:00,64.77,181.24,13.66,52.61,66.27,27.76,14.16,0.97,28.61,9.52,46.21,0.94,129.08,169.56,0.0
301,16-Feb-2021 - 00:00,17-Feb-2021 - 00:00,99.53,203.07,12.76,34.97,47.74,24.19,6.4,1.01,40.12,12.33,46.27,0.82,155.16,158.2,0.0
302,17-Feb-2021 - 00:00,18-Feb-2021 - 00:00,67.01,151.8,13.43,37.01,50.44,35.68,7.47,0.83,31.83,19.87,51.98,0.81,195.97,102.32,0.0
303,18-Feb-2021 - 00:00,19-Feb-2021 - 00:00,76.71,172.33,20.93,41.62,62.54,74.93,8.83,0.81,34.48,17.93,53.24,0.71,137.89,147.81,0.0
304,19-Feb-2021 - 00:00,20-Feb-2021 - 00:00,95.78,205.65,18.87,38.29,57.21,77.36,10.08,0.79,31.38,9.39,53.13,0.93,142.7,93.31,0.0
305,20-Feb-2021 - 00:00,21-Feb-2021 - 00:00,94.58,192.26,20.49,40.33,60.82,77.03,11.39,0.84,28.07,12.99,48.71,0.88,141.66,138.5,0.0
306,21-Feb-2021 - 00:00,22-Feb-2021 - 00:00,86.04,192.26,19.29,35.73,55.03,75.79,12.26,0.78,32.25,10.54,44.87,0.76,144.03,161.68,0.0
307,22-Feb-2021 - 00:00,23-Feb-2021 - 00:00,82.16,178.56,21.09,41.73,62.82,73.13,12.55,0.96,30.99,8.65,43.93,0.85,144.38,155.36,0.0
308,23-Feb-2021 - 00:00,24-Feb-2021 - 00:00,95.03,206.04,19.19,49.62,68.81,74.19,13.28,0.89,37.8,10.36,48.92,0.82,212.45,142.88,0.0
309,24-Feb-2021 - 00:00,25-Feb-2021 - 00:00,86.2,206.34,18.16,43.12,61.28,73.55,14.29,0.85,36.54,11.75,45.56,0.81,173.71,181.81,0.0
310,25-Feb-2021 - 00:00,26-Feb-2021 - 00:00,68.7,170.53,19.88,41.94,61.82,70.89,13.31,0.78,31.45,8.38,34.78,1.42,192.22,136.89,0.0
311,26-Feb-2021 - 00:00,27-Feb-2021 - 00:00,65.26,179.88,19.15,33.4,52.56,71.63,16.88,0.71,34.51,21.15,30.89,1.57,201.93,188.4,0.0
312,27-Feb-2021 - 00:00,28-Feb-2021 - 00:00,55.64,156.73,18.09,36.81,54.9,70.89,7.18,0.63,33.96,7.16,26.55,2.05,203.32,210.62,0.0
313,28-Feb-2021 - 00:00,01-Mar-2021 - 00:00,64.27,172.17,17.91,32.43,50.35,69.97,6.23,0.69,33.22,22.54,30.04,2.39,229.98,158.51,0.0
314,01-Mar-2021 - 00:00,02-Mar-2021 - 00:00,82.61,234.28,21.79,40.13,61.93,70.03,6.88,0.94,26.18,11.5,30.08,2.43,155.07,182.51,0.0
315,02-Mar-2021 - 00:00,03-Mar-2021 - 00:00,76.37,210.54,19.45,36.87,56.32,73.28,7.45,0.81,43.13,25.17,34.04,1.89,154.51,158.66,0.0
316,03-Mar-2021 - 00:00,04-Mar-2021 - 00:00,60.83,163.25,17.81,43.73,61.54,69.03,8.32,0.72,50.57,7.23,34.08,1.86,129.5,176.3,0.0
317,04-Mar-2021 - 00:00,05-Mar-2021 - 00:00,82.85,224.44,18.77,45.56,64.33,70.1,8.81,0.85,45.79,15.27,37.21,1.7,190.75,163.53,0.0
318,05-Mar-2021 - 00:00,06-Mar-2021 - 00:00,82.57,197.9,18.77,47.56,66.33,65.34,9.39,0.88,34.83,12.33,32.28,1.89,193.71,167.87,0.0
319,06-Mar-2021 - 00:00,07-Mar-2021 - 00:00,79.67,177.3,17.32,44.59,61.92,59.65,9.75,0.66,34.84,7.33,28.33,2.26,192.77,178.94,0.0
320,07-Mar-2021 - 00:00,08-Mar-2021 - 00:00,83.38,191.83,17.98,35.39,53.37,64.86,10.13,0.78,43.39,24.43,33.15,1.97,153.83,184.49,0.0
321,08-Mar-2021 - 00:00,09-Mar-2021 - 00:00,94.4,223.05,17.99,26.78,44.77,75.12,10.69,0.75,45.51,11.88,61.74,2.05,110.04,148.1,0.0
322,09-Mar-2021 - 00:00,10-Mar-2021 - 00:00,86.93,207.91,18.98,30.52,49.5,73.91,8.47,0.73,36.85,23.84,67.81,2.04,175.1,111.66,0.0
323,10-Mar-2021 - 00:00,11-Mar-2021 - 00:00,98.92,217.08,17.02,29.89,46.91,60.8,6.45,0.69,37.02,10.86,70.56,1.99,129.18,122.64,0.01
324,11-Mar-2021 - 00:00,12-Mar-2021 - 00:00,88.41,190.73,19.02,35.69,54.71,60.99,7.09,0.64,34.74,16.55,67.75,1.45,142.48,179.23,0.01
325,12-Mar-2021 - 00:00,13-Mar-2021 - 00:00,67.55,160.76,15.15,32.65,47.79,50.76,8.07,0.69,40.54,43.14,66.24,1.33,181.35,151.5,0.01
326,13-Mar-2021 - 00:00,14-Mar-2021 - 00:00,56.08,105.11,16.55,34.0,50.55,54.42,8.59,0.85,15.06,23.81,88.9,1.94,246.12,48.87,0.14
327,14-Mar-2021 - 00:00,15-Mar-2021 - 00:00,73.7,136.3,19.59,37.63,57.22,56.01,9.74,1.1,30.68,17.99,69.56,1.11,207.69,206.31,0.0
328,15-Mar-2021 - 00:00,16-Mar-2021 - 00:00,72.95,157.14,21.99,47.38,69.42,62.38,8.54,1.05,35.94,43.82,48.34,0.83,282.38,244.7,0.0
329,16-Mar-2021 - 00:00,17-Mar-2021 - 00:00,73.11,185.94,18.04,43.16,61.19,58.8,5.37,0.73,32.26,16.78,38.55,1.23,239.74,222.14,0.0
330,17-Mar-2021 - 00:00,18-Mar-2021 - 00:00,82.74,252.21,20.68,40.27,60.95,56.79,4.79,0.77,30.05,9.21,34.57,1.5,254.86,231.54,0.0
331,18-Mar-2021 - 00:00,19-Mar-2021 - 00:00,92.12,273.75,20.84,45.06,65.9,55.8,4.43,0.73,27.31,10.12,32.1,1.98,235.84,158.41,0.0
332,19-Mar-2021 - 00:00,20-Mar-2021 - 00:00,82.5,229.47,18.98,42.05,61.03,53.16,4.04,0.67,33.29,7.89,30.67,2.29,239.26,190.97,0.0
333,20-Mar-2021 - 00:00,21-Mar-2021 - 00:00,95.34,255.69,22.51,47.48,69.99,58.15,4.07,0.93,33.87,9.9,34.7,2.04,228.8,166.68,0.0
334,21-Mar-2021 - 00:00,22-Mar-2021 - 00:00,89.78,206.31,21.59,40.33,61.92,57.02,4.93,0.68,38.06,10.67,34.39,1.27,241.11,168.52,0.0
335,22-Mar-2021 - 00:00,23-Mar-2021 - 00:00,74.32,189.4,18.25,40.58,58.83,54.14,5.29,0.72,41.3,8.91,33.15,0.99,213.0,188.7,0.0
336,23-Mar-2021 - 00:00,24-Mar-2021 - 00:00,83.52,215.24,17.1,38.94,56.04,57.34,5.58,0.75,44.29,10.6,41.26,0.78,207.3,167.64,0.0
337,24-Mar-2021 - 00:00,25-Mar-2021 - 00:00,71.74,185.58,14.84,38.39,53.23,48.45,6.82,0.65,51.12,8.63,32.63,0.9,272.73,194.85,0.0
338,25-Mar-2021 - 00:00,26-Mar-2021 - 00:00,63.49,177.92,14.59,36.22,50.81,46.61,7.22,0.55,42.36,8.03,29.63,1.23,273.93,230.61,0.0
339,26-Mar-2021 - 00:00,27-Mar-2021 - 00:00,77.56,208.78,14.56,35.93,50.49,40.41,6.49,0.72,48.64,14.92,25.21,1.7,251.7,220.61,0.0
340,27-Mar-2021 - 00:00,28-Mar-2021 - 00:00,72.33,187.58,13.81,35.15,48.96,38.17,5.73,0.64,54.93,7.38,25.6,2.58,191.14,212.68,0.0
341,28-Mar-2021 - 00:00,29-Mar-2021 - 00:00,89.07,239.76,14.67,32.98,47.65,45.92,5.74,0.88,52.42,21.34,37.79,2.95,169.73,153.58,0.0
342,29-Mar-2021 - 00:00,30-Mar-2021 - 00:00,80.03,171.11,15.13,29.87,45.0,50.82,6.46,0.71,40.47,7.71,48.96,2.13,216.97,190.62,0.0
343,30-Mar-2021 - 00:00,31-Mar-2021 - 00:00,95.83,227.34,16.27,37.46,53.73,49.43,7.83,0.77,43.8,10.04,40.79,1.58,224.25,181.52,0.0
344,31-Mar-2021 - 00:00,01-Apr-2021 - 00:00,106.45,303.53,16.05,37.91,53.96,49.53,8.51,0.66,36.55,6.68,51.99,1.98,196.57,99.47,0.0
345,01-Apr-2021 - 00:00,02-Apr-2021 - 00:00,86.5,222.51,14.96,45.47,60.41,40.28,8.15,0.83,52.44,11.07,19.31,2.92,248.42,206.0,0.0
346,02-Apr-2021 - 00:00,03-Apr-2021 - 00:00,80.22,191.96,14.91,35.39,50.3,45.13,7.08,0.78,45.77,17.59,22.12,2.1,210.74,212.06,0.0
347,03-Apr-2021 - 00:00,04-Apr-2021 - 00:00,61.71,153.92,14.46,27.59,42.05,47.95,6.69,0.62,52.66,13.9,40.62,2.05,179.29,185.78,0.0
348,04-Apr-2021 - 00:00,05-Apr-2021 - 00:00,84.07,217.3,15.85,32.93,48.78,49.56,7.11,0.84,43.58,18.29,38.73,2.28,153.76,195.72,0.0
349,05-Apr-2021 - 00:00,06-Apr-2021 - 00:00,54.62,131.44,14.95,22.72,37.66,55.73,7.56,0.61,55.06,16.14,49.78,2.36,178.31,161.39,0.0
350,06-Apr-2021 - 00:00,07-Apr-2021 - 00:00,57.86,142.1,14.09,24.17,38.26,45.86,8.98,0.63,47.44,6.88,54.86,1.82,177.04,161.81,0.0
351,07-Apr-2021 - 00:00,08-Apr-2021 - 00:00,47.17,115.12,13.68,19.2,32.88,44.42,10.17,0.49,38.97,3.19,60.65,1.41,174.74,185.69,0.0
352,08-Apr-2021 - 00:00,09-Apr-2021 - 00:00,45.88,118.46,13.49,21.27,34.77,40.57,8.16,0.53,43.59,5.39,63.26,1.17,172.43,157.83,0.0
353,09-Apr-2021 - 00:00,10-Apr-2021 - 00:00,57.48,132.13,12.99,32.11,45.09,33.45,5.92,0.54,44.92,12.45,50.24,0.74,156.36,109.04,0.0
354,10-Apr-2021 - 00:00,11-Apr-2021 - 00:00,50.31,103.21,12.23,27.41,39.64,28.45,6.53,0.65,61.11,17.65,37.3,0.86,195.78,231.73,0.0
355,11-Apr-2021 - 00:00,12-Apr-2021 - 00:00,45.63,116.23,12.3,23.32,35.62,30.06,6.59,0.53,51.85,12.28,45.7,0.97,216.41,196.79,0.0
356,12-Apr-2021 - 00:00,13-Apr-2021 - 00:00,52.21,128.46,12.4,32.25,44.65,28.84,6.24,0.68,54.13,14.56,32.72,0.9,186.87,161.08,0.0
357,13-Apr-2021 - 00:00,14-Apr-2021 - 00:00,53.38,122.12,12.9,30.52,43.41,33.32,6.02,0.6,60.8,41.81,32.71,1.11,224.39,223.44,0.0
358,14-Apr-2021 - 00:00,15-Apr-2021 - 00:00,52.25,129.28,12.8,28.4,41.2,32.06,5.32,0.69,55.08,42.22,25.91,1.72,238.45,206.71,0.0
359,15-Apr-2021 - 00:00,16-Apr-2021 - 00:00,62.65,161.47,12.67,27.97,40.64,33.11,4.89,0.81,60.78,54.74,23.72,2.38,240.84,153.48,0.0
360,16-Apr-2021 - 00:00,17-Apr-2021 - 00:00,54.8,137.46,13.15,29.02,42.18,35.02,4.62,0.66,50.42,22.79,32.28,2.1,247.4,105.61,0.0
361,17-Apr-2021 - 00:00,18-Apr-2021 - 00:00,56.46,122.77,13.59,22.36,35.93,41.28,4.85,0.52,46.11,16.86,62.5,1.48,174.04,198.65,0.75
362,18-Apr-2021 - 00:00,19-Apr-2021 - 00:00,39.56,86.49,13.45,23.75,37.17,38.13,7.43,0.5,45.37,24.25,62.54,0.93,182.94,166.1,0.0
363,19-Apr-2021 - 00:00,20-Apr-2021 - 00:00,45.62,119.8,15.46,39.91,55.36,32.03,8.01,0.69,38.06,24.75,36.54,1.34,272.66,192.11,0.0
364,20-Apr-2021 - 00:00,21-Apr-2021 - 00:00,56.56,141.24,15.2,32.25,47.44,39.48,7.35,0.7,48.87,61.48,36.85,2.04,197.82,251.42,0.0
365,21-Apr-2021 - 00:00,22-Apr-2021 - 00:00,38.37,92.12,14.12,22.37,36.47,39.91,7.13,0.49,44.16,6.0,57.97,2.52,209.42,210.88,0.0
